"공장코드","제품코드","제품명","지시번호","설비코드","설비명","작업실코드","작업실명","공정코드","공정명","공정시작시간","공정종료시간","작업자","작업방법","설비가동시작시간","설비가동종료시간","설비최소가동시간","설비최대가동시간","충전투입일"
"1","BUP13049","P 스파리무버(수상)","W26050109W10","BM10002","B/M 2호","1-R004","유화 배합실","C03","M/M",2026-05-11 16:50:00,2026-05-11 17:34:00,"LCCUser","5분 교반",2026-05-11 16:53:00,2026-05-11 16:58:44,5,5,2026-05-12 00:00:00
"1","BUP13049","P 스파리무버(수상)","W26050109W10","BM10002","B/M 2호","1-R004","유화 배합실","C03","M/M",2026-05-11 16:50:00,2026-05-11 17:34:00,"LCCUser","20분 교반",2026-05-11 17:13:00,2026-05-11 17:33:58,20,20,2026-05-12 00:00:00
"1","BUP13049","P 스파리무버(수상)","W26050109W10","BM10002","B/M 2호","1-R004","유화 배합실","C03","M/M",2026-05-11 16:50:00,2026-05-11 17:34:00,"LCCUser","10분 교반",2026-05-11 17:02:00,2026-05-11 17:13:04,10,10,2026-05-12 00:00:00
"3","BUV115370","VLC오리지날","W26050110W10","LC20012","L/C 2호","3-R003","3공장 배합실","C03","M/M",2026-05-11 09:45:00,2026-05-11 11:49:00,"LCCUser","30분 교반",2026-05-11 10:04:00,2026-05-11 10:34:00,30,30,2026-05-12 00:00:00
"3","BUV115370","VLC오리지날","W26050110W10","LC20012","L/C 2호","3-R003","3공장 배합실","C03","M/M",2026-05-11 09:45:00,2026-05-11 11:49:00,"LCCUser","20분 교반",2026-05-11 10:36:00,2026-05-11 10:56:00,20,20,2026-05-12 00:00:00
"3","BUV115370","VLC오리지날","W26050110W10","LC20012","L/C 2호","3-R003","3공장 배합실","C03","M/M",2026-05-11 09:45:00,2026-05-11 11:49:00,"LCCUser","20분 교반",2026-05-11 10:57:00,2026-05-11 11:17:00,20,20,2026-05-12 00:00:00
"4","BODNGL","OX미인가글(레몬)","W26050111W10","DS40004","4공장 용해조 4호","4-R004","4공장 배합실","C02","용해",2026-05-11 13:44:00,2026-05-11 14:46:00,"LCCUser","20분 용해",2026-05-11 14:16:00,2026-05-11 14:46:00,20,25,2026-05-12 00:00:00
"4","BODNGL","OX미인가글(레몬)","W26050111W10","DS40004","4공장 용해조 4호","4-R004","4공장 배합실","C02","용해",2026-05-11 13:44:00,2026-05-11 14:46:00,"LCCUser","20분 용해",2026-05-11 13:44:00,2026-05-11 14:16:00,20,25,2026-05-12 00:00:00
"4","BODNGL","OX미인가글(레몬)","W26050111W10","GA15001","액상3호","4-R004","4공장 배합실","C03","M/M",2026-05-11 14:29:00,2026-05-11 15:08:00,"LCCUser","10분 교반",2026-05-11 14:29:00,2026-05-11 14:47:00,10,15,2026-05-12 00:00:00
"4","BODNGL","OX미인가글(레몬)","W26050111W10","GA15001","액상3호","4-R004","4공장 배합실","C03","M/M",2026-05-11 14:29:00,2026-05-11 15:08:00,"LCCUser","20분 교반",2026-05-11 14:47:00,2026-05-11 15:07:00,20,25,2026-05-12 00:00:00
"1","BOXBLB","OX바디로션(바질)","W26050112W10","OL11005","유상 용해조 5호","1-R004","유화 배합실","C02","용해",2026-05-11 10:02:00,2026-05-11 12:03:00,"LCCUser","40분간 교반 용해",2026-05-11 11:51:00,2026-05-11 11:51:00,40,40,2026-05-13 00:00:00
"1","BOXBLB","OX바디로션(바질)","W26050112W10","GX12003","검믹서 5호","1-R004","유화 배합실","C02","용해",2026-05-11 10:02:00,2026-05-11 12:03:00,"LCCUser","30분간 교반 용해",2026-05-11 12:03:00,2026-05-11 12:03:00,30,30,2026-05-13 00:00:00
"1","BOXBLB","OX바디로션(바질)","W26050112W10","AQ10005","수상 용해조 5호","1-R004","유화 배합실","C02","용해",2026-05-11 10:02:00,2026-05-11 12:03:00,"LCCUser","40분간 교반 용해",2026-05-11 10:32:00,2026-05-11 11:51:00,40,40,2026-05-13 00:00:00
"1","BOXBLB","OX바디로션(바질)","W26050112W10","HM15004","H/M 4호","1-R004","유화 배합실","C03","M/M",2026-05-11 10:39:00,2026-05-11 11:50:00,"LCCUser","12분 교반",2026-05-11 10:39:00,2026-05-11 10:51:00,12,12,2026-05-13 00:00:00
"1","BOXBLB","OX바디로션(바질)","W26050112W10","HM15004","H/M 4호","1-R004","유화 배합실","C03","M/M",2026-05-11 10:39:00,2026-05-11 11:50:00,"LCCUser","3분 교반",2026-05-11 11:24:00,2026-05-11 11:27:00,3,3,2026-05-13 00:00:00
"1","BOXBLB","OX바디로션(바질)","W26050112W10","HM15004","H/M 4호","1-R004","유화 배합실","C03","M/M",2026-05-11 10:39:00,2026-05-11 11:50:00,"LCCUser","3분 교반",2026-05-11 10:54:00,2026-05-11 10:58:00,3,3,2026-05-13 00:00:00
"1","BOXBLB","OX바디로션(바질)","W26050112W10","HM15004","H/M 4호","1-R004","유화 배합실","C03","M/M",2026-05-11 10:39:00,2026-05-11 11:50:00,"LCCUser","5분 교반",2026-05-11 10:59:00,2026-05-11 11:04:00,5,5,2026-05-13 00:00:00
"4","BODNGL","OX미인가글(레몬)","W26050113W10","DS40004","4공장 용해조 4호","4-R004","4공장 배합실","C02","용해",2026-05-11 15:38:00,2026-05-11 16:39:00,"LCCUser","20분 용해",2026-05-11 15:38:00,2026-05-11 16:08:00,20,25,2026-05-12 00:00:00
"4","BODNGL","OX미인가글(레몬)","W26050113W10","DS40004","4공장 용해조 4호","4-R004","4공장 배합실","C02","용해",2026-05-11 15:38:00,2026-05-11 16:39:00,"LCCUser","20분 용해",2026-05-11 16:09:00,2026-05-11 16:39:00,20,25,2026-05-12 00:00:00
"4","BODNGL","OX미인가글(레몬)","W26050113W10","GA15001","액상3호","4-R004","4공장 배합실","C03","M/M",2026-05-11 16:23:00,2026-05-11 16:59:00,"LCCUser","20분 교반",2026-05-11 16:39:00,2026-05-11 16:58:00,20,25,2026-05-12 00:00:00
"4","BODNGL","OX미인가글(레몬)","W26050113W10","GA15001","액상3호","4-R004","4공장 배합실","C03","M/M",2026-05-11 16:23:00,2026-05-11 16:59:00,"LCCUser","10분 교반",2026-05-11 16:23:00,2026-05-11 16:39:00,10,15,2026-05-12 00:00:00
"1","BOXBLB","OX바디로션(바질)","W26050114W10","OL11005","유상 용해조 5호","1-R004","유화 배합실","C02","용해",2026-05-11 12:07:00,2026-05-11 14:25:00,"LCCUser","40분간 교반 용해",2026-05-11 13:30:00,2026-05-11 14:00:00,40,40,2026-05-13 00:00:00
"1","BOXBLB","OX바디로션(바질)","W26050114W10","AQ10005","수상 용해조 5호","1-R004","유화 배합실","C02","용해",2026-05-11 12:07:00,2026-05-11 14:25:00,"LCCUser","40분간 교반 용해",2026-05-11 12:07:00,2026-05-11 13:30:00,40,40,2026-05-13 00:00:00
"1","BOXBLB","OX바디로션(바질)","W26050114W10","GX12003","검믹서 5호","1-R004","유화 배합실","C02","용해",2026-05-11 12:07:00,2026-05-11 14:25:00,"LCCUser","30분간 교반 용해",2026-05-11 14:00:00,2026-05-11 14:25:00,30,30,2026-05-13 00:00:00
"1","BOXBLB","OX바디로션(바질)","W26050114W10","HM15004","H/M 4호","1-R004","유화 배합실","C03","M/M",2026-05-11 14:21:00,2026-05-11 15:30:00,"LCCUser","3분 교반",2026-05-11 14:38:00,2026-05-11 14:41:25,3,3,2026-05-13 00:00:00
"1","BOXBLB","OX바디로션(바질)","W26050114W10","HM15004","H/M 4호","1-R004","유화 배합실","C03","M/M",2026-05-11 14:21:00,2026-05-11 15:30:00,"LCCUser","12분 교반",2026-05-11 14:22:00,2026-05-11 14:35:02,12,12,2026-05-13 00:00:00
"1","BOXBLB","OX바디로션(바질)","W26050114W10","HM15004","H/M 4호","1-R004","유화 배합실","C03","M/M",2026-05-11 14:21:00,2026-05-11 15:30:00,"LCCUser","5분 교반",2026-05-11 14:42:00,2026-05-11 14:47:23,5,5,2026-05-13 00:00:00
"1","BOXBLB","OX바디로션(바질)","W26050114W10","HM15004","H/M 4호","1-R004","유화 배합실","C03","M/M",2026-05-11 14:21:00,2026-05-11 15:30:00,"LCCUser","3분 교반",2026-05-11 15:08:00,2026-05-11 15:11:57,3,3,2026-05-13 00:00:00
"1","BOXBLB","OX바디로션(바질)","W26050115W10","OL11005","유상 용해조 5호","1-R004","유화 배합실","C02","용해",2026-05-11 15:48:00,2026-05-11 17:59:00,"LCCUser","40분간 교반 용해",2026-05-11 16:35:00,2026-05-11 17:59:00,40,40,2026-05-13 00:00:00
"1","BOXBLB","OX바디로션(바질)","W26050115W10","AQ10005","수상 용해조 5호","1-R004","유화 배합실","C02","용해",2026-05-11 15:48:00,2026-05-11 17:59:00,"LCCUser","40분간 교반 용해",2026-05-11 15:48:00,2026-05-11 16:06:00,40,40,2026-05-13 00:00:00
"1","BOXBLB","OX바디로션(바질)","W26050115W10","GX12003","검믹서 5호","1-R004","유화 배합실","C02","용해",2026-05-11 15:48:00,2026-05-11 17:59:00,"LCCUser","30분간 교반 용해",2026-05-11 17:59:00,2026-05-11 17:59:00,30,30,2026-05-13 00:00:00
"1","BOXBLB","OX바디로션(바질)","W26050115W10","HM15004","H/M 4호","1-R004","유화 배합실","C03","M/M",2026-05-11 16:41:00,2026-05-11 18:01:00,"LCCUser","5분 교반",2026-05-11 17:02:00,2026-05-11 17:07:16,5,5,2026-05-13 00:00:00
"1","BOXBLB","OX바디로션(바질)","W26050115W10","HM15004","H/M 4호","1-R004","유화 배합실","C03","M/M",2026-05-11 16:41:00,2026-05-11 18:01:00,"LCCUser","3분 교반",2026-05-11 16:58:00,2026-05-11 17:02:00,3,3,2026-05-13 00:00:00
"1","BOXBLB","OX바디로션(바질)","W26050115W10","HM15004","H/M 4호","1-R004","유화 배합실","C03","M/M",2026-05-11 16:41:00,2026-05-11 18:01:00,"LCCUser","12분 교반",2026-05-11 16:43:00,2026-05-11 16:58:00,12,12,2026-05-13 00:00:00
"1","BOXBLB","OX바디로션(바질)","W26050115W10","HM15004","H/M 4호","1-R004","유화 배합실","C03","M/M",2026-05-11 16:41:00,2026-05-11 18:01:00,"LCCUser","3분 교반",2026-05-11 17:31:00,2026-05-11 17:34:14,3,3,2026-05-13 00:00:00
"4","BODNGM","OX미인가글(스페아)","W26050116W10","DS40004","4공장 용해조 4호","4-R004","4공장 배합실","C02","용해",2026-05-11 10:51:00,2026-05-11 11:52:00,"LCCUser","20분 용해",2026-05-11 10:53:00,2026-05-11 11:15:00,20,25,2026-05-12 00:00:00
"4","BODNGM","OX미인가글(스페아)","W26050116W10","DS40004","4공장 용해조 4호","4-R004","4공장 배합실","C02","용해",2026-05-11 10:51:00,2026-05-11 11:52:00,"LCCUser","20분 용해",2026-05-11 11:15:00,2026-05-11 11:39:00,20,25,2026-05-12 00:00:00
"4","BODNGM","OX미인가글(스페아)","W26050116W10","SM20010","액상4호","4-R004","4공장 배합실","C03","M/M",2026-05-11 11:25:00,2026-05-11 12:03:00,"LCCUser","10분 교반",2026-05-11 11:26:00,2026-05-11 11:40:00,10,15,2026-05-12 00:00:00
"4","BODNGM","OX미인가글(스페아)","W26050116W10","SM20010","액상4호","4-R004","4공장 배합실","C03","M/M",2026-05-11 11:25:00,2026-05-11 12:03:00,"LCCUser","20분 교반",2026-05-11 11:40:00,2026-05-11 12:03:00,20,25,2026-05-12 00:00:00
"3","BVLC64392502","VLC메리체리","W26050117W10","LC20011","L/C 4호","3-R003","3공장 배합실","C03","M/M",2026-05-11 13:57:00,2026-05-11 16:53:00,"LCCUser","20분 교반",2026-05-11 14:53:00,2026-05-11 15:13:00,20,20,2026-05-12 00:00:00
"3","BVLC64392502","VLC메리체리","W26050117W10","LC20011","L/C 4호","3-R003","3공장 배합실","C03","M/M",2026-05-11 13:57:00,2026-05-11 16:53:00,"LCCUser","20분 교반",2026-05-11 16:33:00,2026-05-11 16:53:00,20,20,2026-05-12 00:00:00
"3","BVLC64392502","VLC메리체리","W26050117W10","LC20011","L/C 4호","3-R003","3공장 배합실","C03","M/M",2026-05-11 13:57:00,2026-05-11 16:53:00,"LCCUser","30분 교반",2026-05-11 14:22:00,2026-05-11 14:52:00,30,30,2026-05-12 00:00:00
"3","BVLC64392502","VLC메리체리","W26050117W10","LC20011","L/C 4호","3-R003","3공장 배합실","C03","M/M",2026-05-11 13:57:00,2026-05-11 16:53:00,"LCCUser","20분 교반",2026-05-11 15:49:00,2026-05-11 16:33:00,20,20,2026-05-12 00:00:00
"5","BOEPESG19","프로사쿠라가글","W26050118W10","DS50001","5공장 용해조 1호","5-R003","5공장 가글 배합실","C02","용해",2026-05-11 10:57:00,2026-05-11 12:15:00,"LCCUser","20분 용해",2026-05-11 11:51:00,2026-05-11 12:15:00,20,25,2026-05-13 00:00:00
"5","BOEPESG19","프로사쿠라가글","W26050118W10","DS50001","5공장 용해조 1호","5-R003","5공장 가글 배합실","C02","용해",2026-05-11 10:57:00,2026-05-11 12:15:00,"LCCUser","40분 용해",2026-05-11 11:11:00,2026-05-11 11:51:00,40,45,2026-05-13 00:00:00
"5","BOEPESG19","프로사쿠라가글","W26050118W10","5M00002","제조 2호","5-R003","5공장 가글 배합실","C03","M/M",2026-05-11 10:58:00,2026-05-11 12:57:00,"LCCUser","20분 교반",2026-05-11 12:17:00,2026-05-11 12:57:00,20,25,2026-05-13 00:00:00
"5","BOEPESG19","프로사쿠라가글","W26050118W10","5M00002","제조 2호","5-R003","5공장 가글 배합실","C03","M/M",2026-05-11 10:58:00,2026-05-11 12:57:00,"LCCUser","10분 교반",2026-05-11 12:06:00,2026-05-11 12:17:00,10,15,2026-05-13 00:00:00
"1","BMFP16","OX몽글비누(석류)","W26050119W10","MX10001","워시믹서 1호","1-R004","유화 배합실","C03","M/M",2026-05-11 15:57:00,2026-05-11 17:06:00,"LCCUser","20분 교반",2026-05-11 16:37:00,2026-05-11 16:59:25,20,20,2026-05-13 00:00:00
"1","BMFP16","OX몽글비누(석류)","W26050119W10","MX10001","워시믹서 1호","1-R004","유화 배합실","C03","M/M",2026-05-11 15:57:00,2026-05-11 17:06:00,"LCCUser","5분 교반",2026-05-11 16:30:00,2026-05-11 16:37:27,5,5,2026-05-13 00:00:00
"1","BMFP16","OX몽글비누(석류)","W26050119W10","MX10001","워시믹서 1호","1-R004","유화 배합실","C03","M/M",2026-05-11 15:57:00,2026-05-11 17:06:00,"LCCUser","20분 교반",2026-05-11 15:57:00,2026-05-11 16:30:44,20,20,2026-05-13 00:00:00
"1","BMFP16","OX몽글비누(석류)","W26050119W10","MX10001","워시믹서 1호","1-R004","유화 배합실","C03","M/M",2026-05-11 15:57:00,2026-05-11 17:06:00,"LCCUser","5분 교반",2026-05-11 16:59:00,2026-05-11 17:06:43,5,5,2026-05-13 00:00:00
"1","BUP13050","P 스파리무버(유상)","W26050120W10","BM10002","B/M 2호","1-R004","유화 배합실","C03","M/M",2026-05-11 14:37:00,2026-05-11 15:44:00,"LCCUser","20분 교반",2026-05-11 14:49:00,2026-05-11 15:09:46,20,20,2026-05-12 00:00:00
"1","BUP13050","P 스파리무버(유상)","W26050120W10","BM10002","B/M 2호","1-R004","유화 배합실","C03","M/M",2026-05-11 14:37:00,2026-05-11 15:44:00,"LCCUser","20분 교반",2026-05-11 15:22:00,2026-05-11 15:42:40,20,20,2026-05-12 00:00:00
"1","BUV64851414","V드라이로션(보이드)","W26050121W10","OL11005","유상 용해조 5호","1-R004","유화 배합실","C02","용해",2026-05-11 09:37:00,2026-05-11 11:56:00,"LCCUser","60분 교반",2026-05-11 11:56:00,2026-05-11 11:56:00,60,60,2026-05-12 00:00:00
"1","BUV64851414","V드라이로션(보이드)","W26050121W10","OL11005","유상 용해조 5호","1-R004","유화 배합실","C02","용해",2026-05-11 09:37:00,2026-05-11 11:56:00,"LCCUser","40분 교반",2026-05-11 11:56:00,2026-05-11 11:56:00,40,40,2026-05-12 00:00:00
"1","BUV64851414","V드라이로션(보이드)","W26050121W10","GX12003","검믹서 5호","1-R004","유화 배합실","C02","용해",2026-05-11 09:37:00,2026-05-11 11:56:00,"LCCUser","30분 교반",2026-05-11 10:26:00,2026-05-11 11:56:00,30,30,2026-05-12 00:00:00
"1","BUV64851414","V드라이로션(보이드)","W26050121W10","AQ10005","수상 용해조 5호","1-R004","유화 배합실","C02","용해",2026-05-11 09:37:00,2026-05-11 11:56:00,"LCCUser","20분 교반",2026-05-11 10:12:00,2026-05-11 10:26:00,20,20,2026-05-12 00:00:00
"1","BUV64851414","V드라이로션(보이드)","W26050121W10","AQ10005","수상 용해조 5호","1-R004","유화 배합실","C02","용해",2026-05-11 09:37:00,2026-05-11 11:56:00,"LCCUser","20분 교반",2026-05-11 09:37:00,2026-05-11 10:12:00,20,20,2026-05-12 00:00:00
"1","BUV64851414","V드라이로션(보이드)","W26050121W10","HM15005","H/M 5호","1-R004","유화 배합실","C03","M/M",2026-05-11 10:27:00,2026-05-11 12:04:00,"LCCUser","5분 교반",2026-05-11 10:52:00,2026-05-11 10:57:00,5,5,2026-05-12 00:00:00
"1","BUV64851414","V드라이로션(보이드)","W26050121W10","HM15005","H/M 5호","1-R004","유화 배합실","C03","M/M",2026-05-11 10:27:00,2026-05-11 12:04:00,"LCCUser","3분 교반",2026-05-11 12:01:00,2026-05-11 12:04:00,3,3,2026-05-12 00:00:00
"1","BUV64851414","V드라이로션(보이드)","W26050121W10","HM15005","H/M 5호","1-R004","유화 배합실","C03","M/M",2026-05-11 10:27:00,2026-05-11 12:04:00,"LCCUser","10분 교반",2026-05-11 11:38:00,2026-05-11 11:48:00,10,10,2026-05-12 00:00:00
"1","BUV64851414","V드라이로션(보이드)","W26050121W10","HM15005","H/M 5호","1-R004","유화 배합실","C03","M/M",2026-05-11 10:27:00,2026-05-11 12:04:00,"LCCUser","10분 교반",2026-05-11 10:40:00,2026-05-11 10:51:00,10,10,2026-05-12 00:00:00
"1","BUV64851414","V드라이로션(보이드)","W26050121W10","HM15005","H/M 5호","1-R004","유화 배합실","C03","M/M",2026-05-11 10:27:00,2026-05-11 12:04:00,"LCCUser","5분 교반",2026-05-11 10:27:00,2026-05-11 10:37:00,5,5,2026-05-12 00:00:00
"1","BUV64851414","V드라이로션(보이드)","W26050122W10","OL11005","유상 용해조 5호","1-R004","유화 배합실","C02","용해",2026-05-11 13:42:00,2026-05-11 16:25:00,"LCCUser","40분 교반",2026-05-11 15:00:00,2026-05-11 15:24:00,40,40,2026-05-12 00:00:00
"1","BUV64851414","V드라이로션(보이드)","W26050122W10","OL11005","유상 용해조 5호","1-R004","유화 배합실","C02","용해",2026-05-11 13:42:00,2026-05-11 16:25:00,"LCCUser","60분 교반",2026-05-11 15:24:00,2026-05-11 16:25:00,60,60,2026-05-12 00:00:00
"1","BUV64851414","V드라이로션(보이드)","W26050122W10","GX12003","검믹서 5호","1-R004","유화 배합실","C02","용해",2026-05-11 13:42:00,2026-05-11 16:25:00,"LCCUser","30분 교반",2026-05-11 14:29:00,2026-05-11 15:00:00,30,30,2026-05-12 00:00:00
"1","BUV64851414","V드라이로션(보이드)","W26050122W10","AQ10005","수상 용해조 5호","1-R004","유화 배합실","C02","용해",2026-05-11 13:42:00,2026-05-11 16:25:00,"LCCUser","20분 교반",2026-05-11 14:04:00,2026-05-11 14:28:00,20,20,2026-05-12 00:00:00
"1","BUV64851414","V드라이로션(보이드)","W26050122W10","AQ10005","수상 용해조 5호","1-R004","유화 배합실","C02","용해",2026-05-11 13:42:00,2026-05-11 16:25:00,"LCCUser","20분 교반",2026-05-11 13:42:00,2026-05-11 14:04:00,20,20,2026-05-12 00:00:00
"1","BUV64851414","V드라이로션(보이드)","W26050122W10","HM15005","H/M 5호","1-R004","유화 배합실","C03","M/M",2026-05-11 15:25:00,2026-05-11 17:25:00,"LCCUser","3분 교반",2026-05-11 17:20:00,2026-05-11 17:25:00,3,3,2026-05-12 00:00:00
"1","BUV64851414","V드라이로션(보이드)","W26050122W10","HM15005","H/M 5호","1-R004","유화 배합실","C03","M/M",2026-05-11 15:25:00,2026-05-11 17:25:00,"LCCUser","10분 교반",2026-05-11 17:09:00,2026-05-11 17:20:00,10,10,2026-05-12 00:00:00
"1","BUV64851414","V드라이로션(보이드)","W26050122W10","HM15005","H/M 5호","1-R004","유화 배합실","C03","M/M",2026-05-11 15:25:00,2026-05-11 17:25:00,"LCCUser","5분 교반",2026-05-11 15:59:00,2026-05-11 16:55:43,5,5,2026-05-12 00:00:00
"1","BUV64851414","V드라이로션(보이드)","W26050122W10","HM15005","H/M 5호","1-R004","유화 배합실","C03","M/M",2026-05-11 15:25:00,2026-05-11 17:25:00,"LCCUser","10분 교반",2026-05-11 15:45:00,2026-05-11 17:08:24,10,10,2026-05-12 00:00:00
"1","BUV64851414","V드라이로션(보이드)","W26050122W10","HM15005","H/M 5호","1-R004","유화 배합실","C03","M/M",2026-05-11 15:25:00,2026-05-11 17:25:00,"LCCUser","5분 교반",,2026-05-11 15:59:00,5,5,2026-05-12 00:00:00
"1","BAKHWT","랩신비누(토탈)","W26050123W10","MX10001","워시믹서 1호","1-R004","유화 배합실","C03","M/M",2026-05-11 11:18:00,2026-05-11 12:43:00,"LCCUser","5분 교반",2026-05-11 12:38:00,2026-05-11 12:43:00,5,5,2026-05-14 00:00:00
"1","BAKHWT","랩신비누(토탈)","W26050123W10","MX10001","워시믹서 1호","1-R004","유화 배합실","C03","M/M",2026-05-11 11:18:00,2026-05-11 12:43:00,"LCCUser","20분 교반",2026-05-11 11:18:00,2026-05-11 12:11:00,20,20,2026-05-14 00:00:00
"1","BAKHWT","랩신비누(토탈)","W26050123W10","MX10001","워시믹서 1호","1-R004","유화 배합실","C03","M/M",2026-05-11 11:18:00,2026-05-11 12:43:00,"LCCUser","10분 교반",2026-05-11 12:12:00,2026-05-11 12:33:00,10,10,2026-05-14 00:00:00
"5","BCPPG19","프로가글","W26050124W10","DS50001","5공장 용해조 1호","5-R003","5공장 가글 배합실","C02","용해",2026-05-11 09:49:00,2026-05-11 11:49:00,"LCCUser","40분 용해",2026-05-11 09:57:00,2026-05-11 10:39:00,40,45,2026-05-13 00:00:00
"5","BCPPG19","프로가글","W26050124W10","DS50001","5공장 용해조 1호","5-R003","5공장 가글 배합실","C02","용해",2026-05-11 09:49:00,2026-05-11 11:49:00,"LCCUser","20분 용해",2026-05-11 10:39:00,2026-05-11 11:02:00,20,25,2026-05-13 00:00:00
"5","BCPPG19","프로가글","W26050124W10","5M00001","제조 1호","5-R003","5공장 가글 배합실","C03","M/M",2026-05-11 09:50:00,2026-05-11 11:49:00,"LCCUser","10분 교반",2026-05-11 11:03:00,2026-05-11 11:15:00,10,15,2026-05-13 00:00:00
"5","BCPPG19","프로가글","W26050124W10","5M00001","제조 1호","5-R003","5공장 가글 배합실","C03","M/M",2026-05-11 09:50:00,2026-05-11 11:49:00,"LCCUser","20분 교반",2026-05-11 11:16:00,2026-05-11 11:37:00,20,25,2026-05-13 00:00:00
"5","BCPPG19","프로가글","W26050125W10","DS50001","5공장 용해조 1호","5-R003","5공장 가글 배합실","C02","용해",2026-05-11 11:58:00,2026-05-11 13:52:00,"LCCUser","40분 용해",2026-05-11 12:49:00,2026-05-11 13:31:00,40,45,2026-05-13 00:00:00
"5","BCPPG19","프로가글","W26050125W10","DS50001","5공장 용해조 1호","5-R003","5공장 가글 배합실","C02","용해",2026-05-11 11:58:00,2026-05-11 13:52:00,"LCCUser","20분 용해",2026-05-11 13:31:00,2026-05-11 13:52:00,20,25,2026-05-13 00:00:00
"5","BCPPG19","프로가글","W26050125W10","5M00001","제조 1호","5-R003","5공장 가글 배합실","C03","M/M",2026-05-11 13:41:00,2026-05-11 14:15:00,"LCCUser","10분 교반",2026-05-11 13:41:00,2026-05-11 13:52:00,10,15,2026-05-13 00:00:00
"5","BCPPG19","프로가글","W26050125W10","5M00001","제조 1호","5-R003","5공장 가글 배합실","C03","M/M",2026-05-11 13:41:00,2026-05-11 14:15:00,"LCCUser","20분 교반",2026-05-11 13:52:00,2026-05-11 14:15:00,20,25,2026-05-13 00:00:00
"5","BETBMG","TB가글(마일드,수출)","W26050126W10","DS50003","5공장 용해조 3호","5-R003","5공장 가글 배합실","C02","용해",2026-05-11 09:34:00,2026-05-11 11:50:00,"LCCUser","premixing 30분 용해",2026-05-11 09:35:00,2026-05-11 10:08:00,30,35,2026-05-12 00:00:00
"5","BETBMG","TB가글(마일드,수출)","W26050126W10","5M00003","제조 3호","5-R003","5공장 가글 배합실","C03","M/M",2026-05-11 09:35:00,2026-05-11 11:50:00,"LCCUser","60분 교반",2026-05-11 10:25:00,2026-05-11 11:32:00,60,65,2026-05-12 00:00:00
"5","BETBMG","TB가글(마일드,수출)","W26050126W10","5M00003","제조 3호","5-R003","5공장 가글 배합실","C03","M/M",2026-05-11 09:35:00,2026-05-11 11:50:00,"LCCUser","30분 교반",2026-05-11 09:35:00,2026-05-11 10:08:00,30,35,2026-05-12 00:00:00
"5","BETBMG","TB가글(마일드,수출)","W26050126W10","5M00003","제조 3호","5-R003","5공장 가글 배합실","C03","M/M",2026-05-11 09:35:00,2026-05-11 11:50:00,"LCCUser","15분 교반",2026-05-11 10:08:00,2026-05-11 10:25:00,15,20,2026-05-12 00:00:00
"5","BETBMG","TB가글(마일드,수출)","W26050127W10","DS50003","5공장 용해조 3호","5-R003","5공장 가글 배합실","C02","용해",2026-05-11 13:36:00,2026-05-11 14:09:00,"LCCUser","premixing 30분 용해",2026-05-11 13:36:00,2026-05-11 14:09:00,30,35,2026-05-12 00:00:00
"5","BETBMG","TB가글(마일드,수출)","W26050127W10","DS50003","5공장 용해조 3호","5-R003","5공장 가글 배합실","C02","용해",2026-05-11 13:36:00,2026-05-11 14:09:00,"LCCUser","premixing 30분 용해",2026-05-11 13:36:00,2026-05-11 14:09:00,30,35,2026-05-13 00:00:00
"5","BETBMG","TB가글(마일드,수출)","W26050127W10","5M00003","제조 3호","5-R003","5공장 가글 배합실","C03","M/M",2026-05-11 13:36:00,2026-05-11 15:29:00,"LCCUser","15분 교반",2026-05-11 14:10:00,2026-05-11 14:25:00,15,20,2026-05-13 00:00:00
"5","BETBMG","TB가글(마일드,수출)","W26050127W10","5M00003","제조 3호","5-R003","5공장 가글 배합실","C03","M/M",2026-05-11 13:36:00,2026-05-11 15:29:00,"LCCUser","60분 교반",2026-05-11 14:25:00,2026-05-11 15:29:00,60,65,2026-05-13 00:00:00
"5","BETBMG","TB가글(마일드,수출)","W26050127W10","5M00003","제조 3호","5-R003","5공장 가글 배합실","C03","M/M",2026-05-11 13:36:00,2026-05-11 15:29:00,"LCCUser","15분 교반",2026-05-11 14:10:00,2026-05-11 14:25:00,15,20,2026-05-12 00:00:00
"5","BETBMG","TB가글(마일드,수출)","W26050127W10","5M00003","제조 3호","5-R003","5공장 가글 배합실","C03","M/M",2026-05-11 13:36:00,2026-05-11 15:29:00,"LCCUser","30분 교반",2026-05-11 13:36:00,2026-05-11 14:09:00,30,35,2026-05-12 00:00:00
"5","BETBMG","TB가글(마일드,수출)","W26050127W10","5M00003","제조 3호","5-R003","5공장 가글 배합실","C03","M/M",2026-05-11 13:36:00,2026-05-11 15:29:00,"LCCUser","30분 교반",2026-05-11 13:36:00,2026-05-11 14:09:00,30,35,2026-05-13 00:00:00
"5","BETBMG","TB가글(마일드,수출)","W26050127W10","5M00003","제조 3호","5-R003","5공장 가글 배합실","C03","M/M",2026-05-11 13:36:00,2026-05-11 15:29:00,"LCCUser","60분 교반",2026-05-11 14:25:00,2026-05-11 15:29:00,60,65,2026-05-12 00:00:00
"4","BETBMG","TB가글(마일드,수출)","W26050128W10","DS40002","4공장 용해조 2호","4-R004","4공장 배합실","C02","용해",2026-05-11 09:30:00,2026-05-11 11:48:00,"LCCUser","premixing 30분 용해",2026-05-11 09:33:00,2026-05-11 10:04:00,30,35,2026-05-11 00:00:00
"4","BETBMG","TB가글(마일드,수출)","W26050128W10","DS40002","4공장 용해조 2호","4-R004","4공장 배합실","C02","용해",2026-05-11 09:30:00,2026-05-11 11:48:00,"LCCUser","premixing 30분 용해",2026-05-11 09:33:00,2026-05-11 10:04:00,30,35,2026-05-12 00:00:00
"4","BETBMG","TB가글(마일드,수출)","W26050128W10","SM20008","액상2호","4-R004","4공장 배합실","C03","M/M",2026-05-11 09:30:00,2026-05-11 11:48:00,"LCCUser","60분 교반",2026-05-11 10:20:00,2026-05-11 11:20:00,60,65,2026-05-12 00:00:00
"4","BETBMG","TB가글(마일드,수출)","W26050128W10","SM20008","액상2호","4-R004","4공장 배합실","C03","M/M",2026-05-11 09:30:00,2026-05-11 11:48:00,"LCCUser","15분 교반",2026-05-11 10:04:00,2026-05-11 10:20:00,15,20,2026-05-12 00:00:00
"4","BETBMG","TB가글(마일드,수출)","W26050128W10","SM20008","액상2호","4-R004","4공장 배합실","C03","M/M",2026-05-11 09:30:00,2026-05-11 11:48:00,"LCCUser","30분 교반",2026-05-11 09:34:00,2026-05-11 10:03:00,30,35,2026-05-12 00:00:00
"4","BETBMG","TB가글(마일드,수출)","W26050128W10","SM20008","액상2호","4-R004","4공장 배합실","C03","M/M",2026-05-11 09:30:00,2026-05-11 11:48:00,"LCCUser","60분 교반",2026-05-11 10:20:00,2026-05-11 11:20:00,60,65,2026-05-11 00:00:00
"4","BETBMG","TB가글(마일드,수출)","W26050128W10","SM20008","액상2호","4-R004","4공장 배합실","C03","M/M",2026-05-11 09:30:00,2026-05-11 11:48:00,"LCCUser","15분 교반",2026-05-11 10:04:00,2026-05-11 10:20:00,15,20,2026-05-11 00:00:00
"4","BETBMG","TB가글(마일드,수출)","W26050128W10","SM20008","액상2호","4-R004","4공장 배합실","C03","M/M",2026-05-11 09:30:00,2026-05-11 11:48:00,"LCCUser","30분 교반",2026-05-11 09:34:00,2026-05-11 10:03:00,30,35,2026-05-11 00:00:00
"4","BETBMG","TB가글(마일드,수출)","W26050129W10","DS40002","4공장 용해조 2호","4-R004","4공장 배합실","C02","용해",2026-05-11 12:01:00,2026-05-11 12:32:00,"LCCUser","premixing 30분 용해",2026-05-11 12:01:00,2026-05-11 12:31:00,30,35,2026-05-12 00:00:00
"4","BETBMG","TB가글(마일드,수출)","W26050129W10","SM20008","액상2호","4-R004","4공장 배합실","C03","M/M",2026-05-11 12:00:00,2026-05-11 13:47:00,"LCCUser","30분 교반",2026-05-11 12:01:00,2026-05-11 12:31:00,30,35,2026-05-12 00:00:00
"4","BETBMG","TB가글(마일드,수출)","W26050129W10","SM20008","액상2호","4-R004","4공장 배합실","C03","M/M",2026-05-11 12:00:00,2026-05-11 13:47:00,"LCCUser","15분 교반",2026-05-11 12:31:00,2026-05-11 12:47:00,15,20,2026-05-12 00:00:00
"4","BETBMG","TB가글(마일드,수출)","W26050129W10","SM20008","액상2호","4-R004","4공장 배합실","C03","M/M",2026-05-11 12:00:00,2026-05-11 13:47:00,"LCCUser","60분 교반",2026-05-11 12:47:00,2026-05-11 13:47:00,60,65,2026-05-12 00:00:00
"4","BETBMG","TB가글(마일드,수출)","W26050130W10","DS40002","4공장 용해조 2호","4-R004","4공장 배합실","C02","용해",2026-05-11 14:06:00,2026-05-11 14:38:00,"LCCUser","premixing 30분 용해",2026-05-11 14:08:00,2026-05-11 14:38:00,30,35,2026-05-12 00:00:00
"4","BETBMG","TB가글(마일드,수출)","W26050130W10","SM20008","액상2호","4-R004","4공장 배합실","C03","M/M",2026-05-11 14:07:00,2026-05-11 15:53:00,"LCCUser","30분 교반",2026-05-11 14:08:00,2026-05-11 14:38:00,30,35,2026-05-12 00:00:00
"4","BETBMG","TB가글(마일드,수출)","W26050130W10","SM20008","액상2호","4-R004","4공장 배합실","C03","M/M",2026-05-11 14:07:00,2026-05-11 15:53:00,"LCCUser","15분 교반",2026-05-11 14:38:00,2026-05-11 14:52:00,15,20,2026-05-12 00:00:00
"4","BETBMG","TB가글(마일드,수출)","W26050130W10","SM20008","액상2호","4-R004","4공장 배합실","C03","M/M",2026-05-11 14:07:00,2026-05-11 15:53:00,"LCCUser","60분 교반",2026-05-11 14:53:00,2026-05-11 15:53:00,60,65,2026-05-12 00:00:00
"4","BETBMG","TB가글(마일드,수출)","W26050131W10","DS40002","4공장 용해조 2호","4-R004","4공장 배합실","C02","용해",2026-05-11 16:15:00,2026-05-11 16:50:00,"LCCUser","premixing 30분 용해",2026-05-11 16:15:00,2026-05-11 16:50:00,30,35,2026-05-12 00:00:00
"4","BETBMG","TB가글(마일드,수출)","W26050131W10","SM20008","액상2호","4-R004","4공장 배합실","C03","M/M",2026-05-11 16:15:00,2026-05-11 18:04:00,"LCCUser","15분 교반",2026-05-11 16:46:00,2026-05-11 17:01:00,15,20,2026-05-12 00:00:00
"4","BETBMG","TB가글(마일드,수출)","W26050131W10","SM20008","액상2호","4-R004","4공장 배합실","C03","M/M",2026-05-11 16:15:00,2026-05-11 18:04:00,"LCCUser","30분 교반",2026-05-11 16:15:00,2026-05-11 16:45:00,30,35,2026-05-12 00:00:00
"4","BETBMG","TB가글(마일드,수출)","W26050131W10","SM20008","액상2호","4-R004","4공장 배합실","C03","M/M",2026-05-11 16:15:00,2026-05-11 18:04:00,"LCCUser","60분 교반",2026-05-11 17:02:00,2026-05-11 18:04:00,60,65,2026-05-12 00:00:00
"1","BUP13049","P 스파리무버(수상)","W26050139W10","BM10002","B/M 2호","1-R004","유화 배합실","C03","M/M",2026-05-12 16:07:00,2026-05-12 16:52:00,"LCCUser","20분 교반",2026-05-12 16:30:00,2026-05-12 16:52:00,20,20,2026-05-14 00:00:00
"1","BUP13049","P 스파리무버(수상)","W26050139W10","BM10002","B/M 2호","1-R004","유화 배합실","C03","M/M",2026-05-12 16:07:00,2026-05-12 16:52:00,"LCCUser","5분 교반",2026-05-12 16:12:00,2026-05-12 16:17:45,5,5,2026-05-14 00:00:00
"1","BUP13049","P 스파리무버(수상)","W26050139W10","BM10002","B/M 2호","1-R004","유화 배합실","C03","M/M",2026-05-12 16:07:00,2026-05-12 16:52:00,"LCCUser","10분 교반",2026-05-12 16:18:00,2026-05-12 16:28:44,10,10,2026-05-14 00:00:00
"1","BUP13050","P 스파리무버(유상)","W26050141W10","BM10002","B/M 2호","1-R004","유화 배합실","C03","M/M",2026-05-12 14:30:00,2026-05-12 15:17:00,"LCCUser","20분 교반",2026-05-12 14:57:00,2026-05-12 15:17:00,20,20,2026-05-14 00:00:00
"1","BUP13050","P 스파리무버(유상)","W26050141W10","BM10002","B/M 2호","1-R004","유화 배합실","C03","M/M",2026-05-12 14:30:00,2026-05-12 15:17:00,"LCCUser","20분 교반",2026-05-12 14:30:00,2026-05-12 14:57:00,20,20,2026-05-14 00:00:00
"1","BOXBLB","OX바디로션(바질)","W26050144W10","OL11005","유상 용해조 5호","1-R004","유화 배합실","C02","용해",2026-05-12 08:52:00,2026-05-12 10:29:00,"LCCUser","40분간 교반 용해",2026-05-12 09:49:00,2026-05-12 10:29:00,40,40,2026-05-13 00:00:00
"1","BOXBLB","OX바디로션(바질)","W26050144W10","GX12003","검믹서 5호","1-R004","유화 배합실","C02","용해",2026-05-12 08:52:00,2026-05-12 10:29:00,"LCCUser","30분간 교반 용해",2026-05-12 09:49:00,2026-05-12 10:28:00,30,30,2026-05-13 00:00:00
"1","BOXBLB","OX바디로션(바질)","W26050144W10","AQ10005","수상 용해조 5호","1-R004","유화 배합실","C02","용해",2026-05-12 08:52:00,2026-05-12 10:29:00,"LCCUser","40분간 교반 용해",2026-05-12 08:52:00,2026-05-12 10:08:00,40,40,2026-05-13 00:00:00
"1","BOXBLB","OX바디로션(바질)","W26050144W10","HM15004","H/M 4호","1-R004","유화 배합실","C03","M/M",2026-05-12 10:29:00,2026-05-12 11:36:00,"LCCUser","12분 교반",2026-05-12 10:34:00,2026-05-12 10:46:26,12,12,2026-05-13 00:00:00
"1","BOXBLB","OX바디로션(바질)","W26050144W10","HM15004","H/M 4호","1-R004","유화 배합실","C03","M/M",2026-05-12 10:29:00,2026-05-12 11:36:00,"LCCUser","3분 교반",2026-05-12 11:21:17,2026-05-12 11:24:17,3,3,2026-05-13 00:00:00
"1","BOXBLB","OX바디로션(바질)","W26050144W10","HM15004","H/M 4호","1-R004","유화 배합실","C03","M/M",2026-05-12 10:29:00,2026-05-12 11:36:00,"LCCUser","3분 교반",2026-05-12 10:50:00,2026-05-12 10:53:06,3,3,2026-05-13 00:00:00
"1","BOXBLB","OX바디로션(바질)","W26050144W10","HM15004","H/M 4호","1-R004","유화 배합실","C03","M/M",2026-05-12 10:29:00,2026-05-12 11:36:00,"LCCUser","5분 교반",2026-05-12 10:54:00,2026-05-12 10:59:15,5,5,2026-05-13 00:00:00
"1","BOXBLB","OX바디로션(바질)","W26050146W10","OL11005","유상 용해조 5호","1-R004","유화 배합실","C02","용해",2026-05-12 12:29:00,2026-05-12 13:23:00,"LCCUser","40분간 교반 용해",2026-05-12 12:29:00,2026-05-12 13:22:00,40,40,2026-05-13 00:00:00
"1","BOXBLB","OX바디로션(바질)","W26050146W10","AQ10005","수상 용해조 5호","1-R004","유화 배합실","C02","용해",2026-05-12 12:29:00,2026-05-12 13:23:00,"LCCUser","40분간 교반 용해",2026-05-12 12:29:00,2026-05-12 13:22:00,40,40,2026-05-13 00:00:00
"1","BOXBLB","OX바디로션(바질)","W26050146W10","GX12003","검믹서 5호","1-R004","유화 배합실","C02","용해",2026-05-12 12:29:00,2026-05-12 13:23:00,"LCCUser","30분간 교반 용해",2026-05-12 12:29:00,2026-05-12 13:23:00,30,30,2026-05-13 00:00:00
"1","BOXBLB","OX바디로션(바질)","W26050146W10","HM15004","H/M 4호","1-R004","유화 배합실","C03","M/M",2026-05-12 13:23:00,2026-05-12 14:32:00,"LCCUser","3분 교반",2026-05-12 14:19:41,2026-05-12 14:22:41,3,3,2026-05-13 00:00:00
"1","BOXBLB","OX바디로션(바질)","W26050146W10","HM15004","H/M 4호","1-R004","유화 배합실","C03","M/M",2026-05-12 13:23:00,2026-05-12 14:32:00,"LCCUser","12분 교반",2026-05-12 13:30:44,2026-05-12 13:42:45,12,12,2026-05-13 00:00:00
"1","BOXBLB","OX바디로션(바질)","W26050146W10","HM15004","H/M 4호","1-R004","유화 배합실","C03","M/M",2026-05-12 13:23:00,2026-05-12 14:32:00,"LCCUser","5분 교반",2026-05-12 13:53:44,2026-05-12 13:58:45,5,5,2026-05-13 00:00:00
"1","BOXBLB","OX바디로션(바질)","W26050146W10","HM15004","H/M 4호","1-R004","유화 배합실","C03","M/M",2026-05-12 13:23:00,2026-05-12 14:32:00,"LCCUser","3분 교반",2026-05-12 13:50:01,2026-05-12 13:53:01,3,3,2026-05-13 00:00:00
"1","BOXBLB","OX바디로션(바질)","W26050147W10","GX12003","검믹서 5호","1-R004","유화 배합실","C02","용해",2026-05-12 14:32:00,2026-05-12 15:12:00,"LCCUser","30분간 교반 용해",2026-05-12 14:32:00,2026-05-12 15:05:00,30,30,2026-05-13 00:00:00
"1","BOXBLB","OX바디로션(바질)","W26050147W10","OL11005","유상 용해조 5호","1-R004","유화 배합실","C02","용해",2026-05-12 14:32:00,2026-05-12 15:12:00,"LCCUser","40분간 교반 용해",2026-05-12 14:32:00,2026-05-12 15:12:00,40,40,2026-05-13 00:00:00
"1","BOXBLB","OX바디로션(바질)","W26050147W10","AQ10005","수상 용해조 5호","1-R004","유화 배합실","C02","용해",2026-05-12 14:32:00,2026-05-12 15:12:00,"LCCUser","40분간 교반 용해",2026-05-12 14:32:00,2026-05-12 15:12:00,40,40,2026-05-13 00:00:00
"1","BOXBLB","OX바디로션(바질)","W26050147W10","HM15004","H/M 4호","1-R004","유화 배합실","C03","M/M",2026-05-12 15:12:00,2026-05-12 16:15:00,"LCCUser","5분 교반",2026-05-12 15:36:56,2026-05-12 15:41:56,5,5,2026-05-13 00:00:00
"1","BOXBLB","OX바디로션(바질)","W26050147W10","HM15004","H/M 4호","1-R004","유화 배합실","C03","M/M",2026-05-12 15:12:00,2026-05-12 16:15:00,"LCCUser","3분 교반",2026-05-12 16:05:36,2026-05-12 16:08:37,3,3,2026-05-13 00:00:00
"1","BOXBLB","OX바디로션(바질)","W26050147W10","HM15004","H/M 4호","1-R004","유화 배합실","C03","M/M",2026-05-12 15:12:00,2026-05-12 16:15:00,"LCCUser","3분 교반",2026-05-12 15:32:23,2026-05-12 15:35:22,3,3,2026-05-13 00:00:00
"1","BOXBLB","OX바디로션(바질)","W26050147W10","HM15004","H/M 4호","1-R004","유화 배합실","C03","M/M",2026-05-12 15:12:00,2026-05-12 16:15:00,"LCCUser","12분 교반",2026-05-12 15:15:00,2026-05-12 15:27:47,12,12,2026-05-13 00:00:00
"1","BMFP16","OX몽글비누(석류)","W26050148W10","MX10001","워시믹서 1호","1-R004","유화 배합실","C03","M/M",2026-05-12 10:08:00,2026-05-12 12:06:00,"LCCUser","20분 교반",2026-05-12 10:52:00,2026-05-12 11:29:10,20,20,2026-05-13 00:00:00
"1","BMFP16","OX몽글비누(석류)","W26050148W10","MX10001","워시믹서 1호","1-R004","유화 배합실","C03","M/M",2026-05-12 10:08:00,2026-05-12 12:06:00,"LCCUser","5분 교반",2026-05-12 11:29:19,2026-05-12 11:37:57,5,5,2026-05-13 00:00:00
"1","BMFP16","OX몽글비누(석류)","W26050148W10","MX10001","워시믹서 1호","1-R004","유화 배합실","C03","M/M",2026-05-12 10:08:00,2026-05-12 12:06:00,"LCCUser","20분 교반",2026-05-12 11:38:01,2026-05-12 11:58:00,20,20,2026-05-13 00:00:00
"1","BMFP16","OX몽글비누(석류)","W26050148W10","MX10001","워시믹서 1호","1-R004","유화 배합실","C03","M/M",2026-05-12 10:08:00,2026-05-12 12:06:00,"LCCUser","5분 교반",2026-05-12 11:58:23,2026-05-12 12:06:01,5,5,2026-05-13 00:00:00
"1","BMFP16","OX몽글비누(석류)","W26050149W10","MX10001","워시믹서 1호","1-R004","유화 배합실","C03","M/M",2026-05-12 15:38:00,2026-05-12 17:22:00,"LCCUser","5분 교반",2026-05-12 17:15:00,2026-05-12 17:21:54,5,5,2026-05-13 00:00:00
"1","BMFP16","OX몽글비누(석류)","W26050149W10","MX10001","워시믹서 1호","1-R004","유화 배합실","C03","M/M",2026-05-12 15:38:00,2026-05-12 17:22:00,"LCCUser","20분 교반",2026-05-12 16:10:00,2026-05-12 16:50:00,20,20,2026-05-13 00:00:00
"1","BMFP16","OX몽글비누(석류)","W26050149W10","MX10001","워시믹서 1호","1-R004","유화 배합실","C03","M/M",2026-05-12 15:38:00,2026-05-12 17:22:00,"LCCUser","5분 교반",2026-05-12 16:50:00,2026-05-12 16:55:00,5,5,2026-05-13 00:00:00
"1","BMFP16","OX몽글비누(석류)","W26050149W10","MX10001","워시믹서 1호","1-R004","유화 배합실","C03","M/M",2026-05-12 15:38:00,2026-05-12 17:22:00,"LCCUser","20분 교반",2026-05-12 16:55:00,2026-05-12 17:15:00,20,20,2026-05-13 00:00:00
"4","BOXHSB","OX손소독제(바나나)","W26050150W10","SM20007","액상1호","4-R004","4공장 배합실","C02","용해",2026-05-12 09:17:00,2026-05-12 10:30:00,"LCCUser","10분 용해",2026-05-12 09:17:00,2026-05-12 09:27:00,10,15,2026-05-14 00:00:00
"4","BOXHSB","OX손소독제(바나나)","W26050150W10","SM20007","액상1호","4-R004","4공장 배합실","C02","용해",2026-05-12 09:17:00,2026-05-12 10:30:00,"LCCUser","30분 용해",2026-05-12 09:58:00,2026-05-12 10:30:00,30,35,2026-05-14 00:00:00
"4","BOXHSB","OX손소독제(바나나)","W26050150W10","SM20007","액상1호","4-R004","4공장 배합실","C02","용해",2026-05-12 09:17:00,2026-05-12 10:30:00,"LCCUser","30분 용해",2026-05-12 09:27:00,2026-05-12 09:58:00,30,35,2026-05-14 00:00:00
"4","BOXHSB","OX손소독제(바나나)","W26050150W10","SM20007","액상1호","4-R004","4공장 배합실","C03","M/M",2026-05-12 09:58:00,2026-05-12 11:34:00,"LCCUser","10분 교반",2026-05-12 10:41:00,2026-05-12 10:51:00,10,15,2026-05-14 00:00:00
"4","BOXHSB","OX손소독제(바나나)","W26050150W10","SM20007","액상1호","4-R004","4공장 배합실","C03","M/M",2026-05-12 09:58:00,2026-05-12 11:34:00,"LCCUser","10분 교반",2026-05-12 10:31:00,2026-05-12 10:41:00,10,15,2026-05-14 00:00:00
"4","BOXHSB","OX손소독제(바나나)","W26050150W10","SM20007","액상1호","4-R004","4공장 배합실","C03","M/M",2026-05-12 09:58:00,2026-05-12 11:34:00,"LCCUser","20분 교반",2026-05-12 10:51:00,2026-05-12 11:11:00,20,25,2026-05-14 00:00:00
"4","BOXHSB","OX손소독제(바나나)","W26050150W10","SM20007","액상1호","4-R004","4공장 배합실","C03","M/M",2026-05-12 09:58:00,2026-05-12 11:34:00,"LCCUser","20분 진공 탈포",2026-05-12 11:11:00,2026-05-12 11:34:00,20,25,2026-05-14 00:00:00
"4","BETBMG","TB가글(마일드,수출)","W26050151W10","DS40002","4공장 용해조 2호","4-R004","4공장 배합실","C02","용해",2026-05-12 08:50:00,2026-05-12 09:22:00,"LCCUser","premixing 30분 용해",2026-05-12 08:52:00,2026-05-12 09:22:00,30,35,2026-05-13 00:00:00
"4","BETBMG","TB가글(마일드,수출)","W26050151W10","DS40002","4공장 용해조 2호","4-R004","4공장 배합실","C02","용해",2026-05-12 08:50:00,2026-05-12 09:22:00,"LCCUser","premixing 30분 용해",2026-05-12 08:52:00,2026-05-12 09:22:00,30,35,2026-05-12 00:00:00
"4","BETBMG","TB가글(마일드,수출)","W26050151W10","SM20008","액상2호","4-R004","4공장 배합실","C03","M/M",2026-05-12 08:50:00,2026-05-12 10:38:00,"LCCUser","15분 교반",2026-05-12 09:22:00,2026-05-12 09:38:00,15,20,2026-05-13 00:00:00
"4","BETBMG","TB가글(마일드,수출)","W26050151W10","SM20008","액상2호","4-R004","4공장 배합실","C03","M/M",2026-05-12 08:50:00,2026-05-12 10:38:00,"LCCUser","15분 교반",2026-05-12 09:22:00,2026-05-12 09:38:00,15,20,2026-05-12 00:00:00
"4","BETBMG","TB가글(마일드,수출)","W26050151W10","SM20008","액상2호","4-R004","4공장 배합실","C03","M/M",2026-05-12 08:50:00,2026-05-12 10:38:00,"LCCUser","60분 교반",2026-05-12 09:38:00,2026-05-12 10:38:00,60,65,2026-05-12 00:00:00
"4","BETBMG","TB가글(마일드,수출)","W26050151W10","SM20008","액상2호","4-R004","4공장 배합실","C03","M/M",2026-05-12 08:50:00,2026-05-12 10:38:00,"LCCUser","60분 교반",2026-05-12 09:38:00,2026-05-12 10:38:00,60,65,2026-05-13 00:00:00
"4","BETBMG","TB가글(마일드,수출)","W26050151W10","SM20008","액상2호","4-R004","4공장 배합실","C03","M/M",2026-05-12 08:50:00,2026-05-12 10:38:00,"LCCUser","30분 교반",2026-05-12 08:52:00,2026-05-12 09:22:00,30,35,2026-05-12 00:00:00
"4","BETBMG","TB가글(마일드,수출)","W26050151W10","SM20008","액상2호","4-R004","4공장 배합실","C03","M/M",2026-05-12 08:50:00,2026-05-12 10:38:00,"LCCUser","30분 교반",2026-05-12 08:52:00,2026-05-12 09:22:00,30,35,2026-05-13 00:00:00
"4","BETBMG","TB가글(마일드,수출)","W26050152W10","DS40002","4공장 용해조 2호","4-R004","4공장 배합실","C02","용해",2026-05-12 11:22:00,2026-05-12 11:53:00,"LCCUser","premixing 30분 용해",2026-05-12 11:22:00,2026-05-12 11:53:00,30,35,2026-05-13 00:00:00
"4","BETBMG","TB가글(마일드,수출)","W26050152W10","SM20008","액상2호","4-R004","4공장 배합실","C03","M/M",2026-05-12 11:22:00,2026-05-12 13:21:00,"LCCUser","15분 교반",2026-05-12 11:53:00,2026-05-12 12:10:00,15,20,2026-05-13 00:00:00
"4","BETBMG","TB가글(마일드,수출)","W26050152W10","SM20008","액상2호","4-R004","4공장 배합실","C03","M/M",2026-05-12 11:22:00,2026-05-12 13:21:00,"LCCUser","30분 교반",2026-05-12 11:22:00,2026-05-12 11:53:00,30,35,2026-05-13 00:00:00
"4","BETBMG","TB가글(마일드,수출)","W26050152W10","SM20008","액상2호","4-R004","4공장 배합실","C03","M/M",2026-05-12 11:22:00,2026-05-12 13:21:00,"LCCUser","60분 교반",2026-05-12 12:12:00,2026-05-12 13:21:00,60,65,2026-05-13 00:00:00
"4","BETBMG","TB가글(마일드,수출)","W26050153W10","DS40002","4공장 용해조 2호","4-R004","4공장 배합실","C02","용해",2026-05-12 14:05:00,2026-05-12 14:35:00,"LCCUser","premixing 30분 용해",2026-05-12 14:05:00,2026-05-12 14:35:00,30,35,2026-05-13 00:00:00
"4","BETBMG","TB가글(마일드,수출)","W26050153W10","SM20008","액상2호","4-R004","4공장 배합실","C03","M/M",2026-05-12 14:05:00,2026-05-12 15:51:00,"LCCUser","15분 교반",2026-05-12 14:35:00,2026-05-12 14:51:00,15,20,2026-05-13 00:00:00
"4","BETBMG","TB가글(마일드,수출)","W26050153W10","SM20008","액상2호","4-R004","4공장 배합실","C03","M/M",2026-05-12 14:05:00,2026-05-12 15:51:00,"LCCUser","60분 교반",2026-05-12 14:51:00,2026-05-12 15:51:00,60,65,2026-05-13 00:00:00
"4","BETBMG","TB가글(마일드,수출)","W26050153W10","SM20008","액상2호","4-R004","4공장 배합실","C03","M/M",2026-05-12 14:05:00,2026-05-12 15:51:00,"LCCUser","30분 교반",2026-05-12 14:05:00,2026-05-12 14:35:00,30,35,2026-05-13 00:00:00
"4","BETBMG","TB가글(마일드,수출)","W26050154W10","DS40002","4공장 용해조 2호","4-R004","4공장 배합실","C02","용해",2026-05-12 16:05:00,2026-05-12 17:52:00,"LCCUser","premixing 30분 용해",2026-05-12 16:05:00,2026-05-12 17:52:00,30,35,2026-05-13 00:00:00
"4","BETBMG","TB가글(마일드,수출)","W26050154W10","SM20008","액상2호","4-R004","4공장 배합실","C03","M/M",2026-05-12 16:05:00,2026-05-12 17:52:00,"LCCUser","15분 교반",2026-05-12 16:36:00,2026-05-12 16:51:00,15,20,2026-05-13 00:00:00
"4","BETBMG","TB가글(마일드,수출)","W26050154W10","SM20008","액상2호","4-R004","4공장 배합실","C03","M/M",2026-05-12 16:05:00,2026-05-12 17:52:00,"LCCUser","30분 교반",2026-05-12 16:05:00,2026-05-12 16:35:00,30,35,2026-05-13 00:00:00
"4","BETBMG","TB가글(마일드,수출)","W26050154W10","SM20008","액상2호","4-R004","4공장 배합실","C03","M/M",2026-05-12 16:05:00,2026-05-12 17:52:00,"LCCUser","60분 교반",2026-05-12 16:51:00,2026-05-12 17:52:00,60,65,2026-05-13 00:00:00
"4","BCANGG15","OX애니가글S","W26050155W10","DS40004","4공장 용해조 4호","4-R004","4공장 배합실","C02","용해",2026-05-12 09:09:00,2026-05-12 09:50:00,"LCCUser","20분 교반",2026-05-12 09:29:00,2026-05-12 09:50:00,20,25,2026-05-13 00:00:00
"4","BCANGG15","OX애니가글S","W26050155W10","DS40004","4공장 용해조 4호","4-R004","4공장 배합실","C02","용해",2026-05-12 09:09:00,2026-05-12 09:50:00,"LCCUser","20분 용해",2026-05-12 09:09:00,2026-05-12 09:29:00,20,25,2026-05-13 00:00:00
"4","BCANGG15","OX애니가글S","W26050155W10","SM20010","액상4호","4-R004","4공장 배합실","C03","M/M",2026-05-12 09:26:00,2026-05-12 10:15:00,"LCCUser","10분 교반",2026-05-12 09:26:00,2026-05-12 09:39:00,10,15,2026-05-13 00:00:00
"4","BCANGG15","OX애니가글S","W26050155W10","SM20010","액상4호","4-R004","4공장 배합실","C03","M/M",2026-05-12 09:26:00,2026-05-12 10:15:00,"LCCUser","10분 교반",2026-05-12 09:39:00,2026-05-12 09:51:00,10,15,2026-05-13 00:00:00
"4","BCANGG15","OX애니가글S","W26050155W10","SM20010","액상4호","4-R004","4공장 배합실","C03","M/M",2026-05-12 09:26:00,2026-05-12 10:15:00,"LCCUser","20분 교반",2026-05-12 09:51:00,2026-05-12 10:15:00,20,25,2026-05-13 00:00:00
"4","BCANGG15","OX애니가글S","W26050156W10","DS40004","4공장 용해조 4호","4-R004","4공장 배합실","C02","용해",2026-05-12 10:34:00,2026-05-12 11:35:00,"LCCUser","20분 용해",2026-05-12 10:55:00,2026-05-12 11:15:00,20,25,2026-05-13 00:00:00
"4","BCANGG15","OX애니가글S","W26050156W10","DS40004","4공장 용해조 4호","4-R004","4공장 배합실","C02","용해",2026-05-12 10:34:00,2026-05-12 11:35:00,"LCCUser","20분 교반",2026-05-12 11:15:00,2026-05-12 11:35:00,20,25,2026-05-13 00:00:00
"4","BCANGG15","OX애니가글S","W26050156W10","SM20010","액상4호","4-R004","4공장 배합실","C03","M/M",2026-05-12 11:11:00,2026-05-12 12:00:00,"LCCUser","10분 교반",2026-05-12 11:11:00,2026-05-12 11:23:00,10,15,2026-05-13 00:00:00
"4","BCANGG15","OX애니가글S","W26050156W10","SM20010","액상4호","4-R004","4공장 배합실","C03","M/M",2026-05-12 11:11:00,2026-05-12 12:00:00,"LCCUser","10분 교반",2026-05-12 11:23:00,2026-05-12 11:35:00,10,15,2026-05-13 00:00:00
"4","BCANGG15","OX애니가글S","W26050156W10","SM20010","액상4호","4-R004","4공장 배합실","C03","M/M",2026-05-12 11:11:00,2026-05-12 12:00:00,"LCCUser","20분 교반",2026-05-12 11:36:00,2026-05-12 12:00:00,20,25,2026-05-13 00:00:00
"4","BCANGG15","OX애니가글S","W26050157W10","DS40004","4공장 용해조 4호","4-R004","4공장 배합실","C02","용해",2026-05-12 13:29:00,2026-05-12 14:10:00,"LCCUser","20분 교반",2026-05-12 13:50:00,2026-05-12 14:10:00,20,25,2026-05-13 00:00:00
"4","BCANGG15","OX애니가글S","W26050157W10","DS40004","4공장 용해조 4호","4-R004","4공장 배합실","C02","용해",2026-05-12 13:29:00,2026-05-12 14:10:00,"LCCUser","20분 용해",2026-05-12 13:29:00,2026-05-12 13:50:00,20,25,2026-05-13 00:00:00
"4","BCANGG15","OX애니가글S","W26050157W10","SM20010","액상4호","4-R004","4공장 배합실","C03","M/M",2026-05-12 13:47:00,2026-05-12 14:35:00,"LCCUser","10분 교반",2026-05-12 13:47:00,2026-05-12 13:57:00,10,15,2026-05-13 00:00:00
"4","BCANGG15","OX애니가글S","W26050157W10","SM20010","액상4호","4-R004","4공장 배합실","C03","M/M",2026-05-12 13:47:00,2026-05-12 14:35:00,"LCCUser","10분 교반",2026-05-12 13:57:00,2026-05-12 14:11:00,10,15,2026-05-13 00:00:00
"4","BCANGG15","OX애니가글S","W26050157W10","SM20010","액상4호","4-R004","4공장 배합실","C03","M/M",2026-05-12 13:47:00,2026-05-12 14:35:00,"LCCUser","20분 교반",2026-05-12 14:12:00,2026-05-12 14:35:00,20,25,2026-05-13 00:00:00
"3","BOXMLC","OXLC모이스처","W26050161W10","LC20012","L/C 2호","3-R003","3공장 배합실","C03","M/M",2026-05-12 09:28:00,2026-05-12 11:20:00,"LCCUser","20분 교반",2026-05-12 10:53:00,2026-05-12 11:19:00,20,20,2026-05-13 00:00:00
"3","BOXMLC","OXLC모이스처","W26050161W10","LC20012","L/C 2호","3-R003","3공장 배합실","C03","M/M",2026-05-12 09:28:00,2026-05-12 11:20:00,"LCCUser","20분 교반",2026-05-12 10:19:00,2026-05-12 10:40:00,20,20,2026-05-13 00:00:00
"3","BOXMLC","OXLC모이스처","W26050161W10","LC20012","L/C 2호","3-R003","3공장 배합실","C03","M/M",2026-05-12 09:28:00,2026-05-12 11:20:00,"LCCUser","30분 교반",2026-05-12 09:44:00,2026-05-12 10:15:00,30,30,2026-05-13 00:00:00
"3","BUV68654738","VLC민트","W26050164W10","LC20012","L/C 2호","3-R003","3공장 배합실","C03","M/M",2026-05-12 14:31:00,2026-05-12 16:28:00,"LCCUser","30분 교반",2026-05-12 14:52:00,2026-05-12 15:26:00,30,30,2026-05-14 00:00:00
"3","BUV68654738","VLC민트","W26050164W10","LC20012","L/C 2호","3-R003","3공장 배합실","C03","M/M",2026-05-12 14:31:00,2026-05-12 16:28:00,"LCCUser","20분 교반",2026-05-12 15:26:00,2026-05-12 15:48:00,20,20,2026-05-14 00:00:00
"3","BUV68654738","VLC민트","W26050164W10","LC20012","L/C 2호","3-R003","3공장 배합실","C03","M/M",2026-05-12 14:31:00,2026-05-12 16:28:00,"LCCUser","20분 교반",2026-05-12 16:07:00,2026-05-12 16:28:00,20,20,2026-05-13 00:00:00
"3","BUV68654738","VLC민트","W26050164W10","LC20012","L/C 2호","3-R003","3공장 배합실","C03","M/M",2026-05-12 14:31:00,2026-05-12 16:28:00,"LCCUser","20분 교반",2026-05-12 15:26:00,2026-05-12 15:48:00,20,20,2026-05-13 00:00:00
"3","BUV68654738","VLC민트","W26050164W10","LC20012","L/C 2호","3-R003","3공장 배합실","C03","M/M",2026-05-12 14:31:00,2026-05-12 16:28:00,"LCCUser","30분 교반",2026-05-12 14:52:00,2026-05-12 15:26:00,30,30,2026-05-13 00:00:00
"3","BUV68654738","VLC민트","W26050164W10","LC20012","L/C 2호","3-R003","3공장 배합실","C03","M/M",2026-05-12 14:31:00,2026-05-12 16:28:00,"LCCUser","20분 교반",2026-05-12 16:07:00,2026-05-12 16:28:00,20,20,2026-05-14 00:00:00
"3","BVLC64392502","VLC메리체리","W26050165W10","LC20011","L/C 4호","3-R003","3공장 배합실","C03","M/M",2026-05-12 09:20:00,2026-05-12 12:03:00,"LCCUser","30분 교반",2026-05-12 09:44:00,2026-05-12 10:15:00,30,30,2026-05-13 00:00:00
"3","BVLC64392502","VLC메리체리","W26050165W10","LC20011","L/C 4호","3-R003","3공장 배합실","C03","M/M",2026-05-12 09:20:00,2026-05-12 12:03:00,"LCCUser","20분 교반",2026-05-12 10:19:00,2026-05-12 10:40:00,20,20,2026-05-13 00:00:00
"3","BVLC64392502","VLC메리체리","W26050165W10","LC20011","L/C 4호","3-R003","3공장 배합실","C03","M/M",2026-05-12 09:20:00,2026-05-12 12:03:00,"LCCUser","20분 교반",2026-05-12 11:12:00,2026-05-12 11:32:00,20,20,2026-05-13 00:00:00
"3","BVLC64392502","VLC메리체리","W26050165W10","LC20011","L/C 4호","3-R003","3공장 배합실","C03","M/M",2026-05-12 09:20:00,2026-05-12 12:03:00,"LCCUser","20분 교반",2026-05-12 11:42:00,2026-05-12 12:03:00,20,20,2026-05-13 00:00:00
"3","BVLC64392502","VLC메리체리","W26050165W10","LC20011","L/C 4호","3-R003","3공장 배합실","C03","M/M",2026-05-12 09:20:00,2026-05-12 12:03:00,"LCCUser","30분 교반",2026-05-12 09:44:00,2026-05-12 10:15:00,30,30,2026-05-14 00:00:00
"3","BVLC64392502","VLC메리체리","W26050165W10","LC20011","L/C 4호","3-R003","3공장 배합실","C03","M/M",2026-05-12 09:20:00,2026-05-12 12:03:00,"LCCUser","20분 교반",2026-05-12 10:19:00,2026-05-12 10:40:00,20,20,2026-05-14 00:00:00
"3","BVLC64392502","VLC메리체리","W26050165W10","LC20011","L/C 4호","3-R003","3공장 배합실","C03","M/M",2026-05-12 09:20:00,2026-05-12 12:03:00,"LCCUser","20분 교반",2026-05-12 11:12:00,2026-05-12 11:32:00,20,20,2026-05-14 00:00:00
"3","BVLC64392502","VLC메리체리","W26050165W10","LC20011","L/C 4호","3-R003","3공장 배합실","C03","M/M",2026-05-12 09:20:00,2026-05-12 12:03:00,"LCCUser","20분 교반",2026-05-12 11:42:00,2026-05-12 12:03:00,20,20,2026-05-14 00:00:00
"5","BOEPESG19","프로사쿠라가글","W26050170W10","DS50001","5공장 용해조 1호","5-R003","5공장 가글 배합실","C02","용해",2026-05-12 09:21:00,2026-05-12 10:25:00,"LCCUser","40분 용해",2026-05-12 09:21:00,2026-05-12 10:03:00,40,45,2026-05-13 00:00:00
"5","BOEPESG19","프로사쿠라가글","W26050170W10","DS50001","5공장 용해조 1호","5-R003","5공장 가글 배합실","C02","용해",2026-05-12 09:21:00,2026-05-12 10:25:00,"LCCUser","20분 용해",2026-05-12 10:03:00,2026-05-12 10:25:00,20,25,2026-05-13 00:00:00
"5","BOEPESG19","프로사쿠라가글","W26050170W10","5M00002","제조 2호","5-R003","5공장 가글 배합실","C03","M/M",2026-05-12 10:25:00,2026-05-12 11:11:00,"LCCUser","20분 교반",2026-05-12 10:38:00,2026-05-12 11:11:00,20,25,2026-05-13 00:00:00
"5","BOEPESG19","프로사쿠라가글","W26050170W10","5M00002","제조 2호","5-R003","5공장 가글 배합실","C03","M/M",2026-05-12 10:25:00,2026-05-12 11:11:00,"LCCUser","10분 교반",2026-05-12 10:25:00,2026-05-12 10:38:00,10,15,2026-05-13 00:00:00
"5","BETBIG","TB가글(아이시,수출)","W26050171W10","DS50003","5공장 용해조 3호","5-R003","5공장 가글 배합실","C02","용해",2026-05-12 08:57:00,2026-05-12 11:34:00,"LCCUser","45분 용해",2026-05-12 10:30:00,2026-05-12 11:34:00,45,50,2026-05-15 00:00:00
"5","BETBIG","TB가글(아이시,수출)","W26050171W10","DS50003","5공장 용해조 3호","5-R003","5공장 가글 배합실","C02","용해",2026-05-12 08:57:00,2026-05-12 11:34:00,"LCCUser","45분 용해",2026-05-12 10:30:00,2026-05-12 11:34:00,45,50,2026-05-14 00:00:00
"5","BETBIG","TB가글(아이시,수출)","W26050171W10","DS50003","5공장 용해조 3호","5-R003","5공장 가글 배합실","C02","용해",2026-05-12 08:57:00,2026-05-12 11:34:00,"LCCUser","45분 용해",2026-05-12 10:30:00,2026-05-12 11:34:00,45,50,2026-05-13 00:00:00
"5","BETBIG","TB가글(아이시,수출)","W26050171W10","5M00003","제조 3호","5-R003","5공장 가글 배합실","C03","M/M",2026-05-12 10:30:00,2026-05-12 13:02:00,"LCCUser","30분 교반",2026-05-12 10:30:00,2026-05-12 11:00:00,30,35,2026-05-13 00:00:00
"5","BETBIG","TB가글(아이시,수출)","W26050171W10","5M00003","제조 3호","5-R003","5공장 가글 배합실","C03","M/M",2026-05-12 10:30:00,2026-05-12 13:02:00,"LCCUser","60분 교반",2026-05-12 11:34:00,2026-05-12 13:02:00,60,65,2026-05-15 00:00:00
"5","BETBIG","TB가글(아이시,수출)","W26050171W10","5M00003","제조 3호","5-R003","5공장 가글 배합실","C03","M/M",2026-05-12 10:30:00,2026-05-12 13:02:00,"LCCUser","15분 교반",2026-05-12 11:00:00,2026-05-12 11:34:00,15,20,2026-05-15 00:00:00
"5","BETBIG","TB가글(아이시,수출)","W26050171W10","5M00003","제조 3호","5-R003","5공장 가글 배합실","C03","M/M",2026-05-12 10:30:00,2026-05-12 13:02:00,"LCCUser","30분 교반",2026-05-12 10:30:00,2026-05-12 11:00:00,30,35,2026-05-15 00:00:00
"5","BETBIG","TB가글(아이시,수출)","W26050171W10","5M00003","제조 3호","5-R003","5공장 가글 배합실","C03","M/M",2026-05-12 10:30:00,2026-05-12 13:02:00,"LCCUser","60분 교반",2026-05-12 11:34:00,2026-05-12 13:02:00,60,65,2026-05-14 00:00:00
"5","BETBIG","TB가글(아이시,수출)","W26050171W10","5M00003","제조 3호","5-R003","5공장 가글 배합실","C03","M/M",2026-05-12 10:30:00,2026-05-12 13:02:00,"LCCUser","15분 교반",2026-05-12 11:00:00,2026-05-12 11:34:00,15,20,2026-05-14 00:00:00
"5","BETBIG","TB가글(아이시,수출)","W26050171W10","5M00003","제조 3호","5-R003","5공장 가글 배합실","C03","M/M",2026-05-12 10:30:00,2026-05-12 13:02:00,"LCCUser","30분 교반",2026-05-12 10:30:00,2026-05-12 11:00:00,30,35,2026-05-14 00:00:00
"5","BETBIG","TB가글(아이시,수출)","W26050171W10","5M00003","제조 3호","5-R003","5공장 가글 배합실","C03","M/M",2026-05-12 10:30:00,2026-05-12 13:02:00,"LCCUser","60분 교반",2026-05-12 11:34:00,2026-05-12 13:02:00,60,65,2026-05-13 00:00:00
"5","BETBIG","TB가글(아이시,수출)","W26050171W10","5M00003","제조 3호","5-R003","5공장 가글 배합실","C03","M/M",2026-05-12 10:30:00,2026-05-12 13:02:00,"LCCUser","15분 교반",2026-05-12 11:00:00,2026-05-12 11:34:00,15,20,2026-05-13 00:00:00
"5","BETBGG","TB가글(클린민트,수출)","W26050172W10","5M00004","제조 4호","5-R003","5공장 가글 배합실","C03","M/M",2026-05-12 08:52:00,2026-05-12 11:09:00,"LCCUser","완전히 균질해질때까지 60분 교반",2026-05-12 09:03:00,2026-05-12 10:04:00,60,65,2026-05-13 00:00:00
"5","BETBGG","TB가글(클린민트,수출)","W26050172W10","5M00004","제조 4호","5-R003","5공장 가글 배합실","C03","M/M",2026-05-12 08:52:00,2026-05-12 11:09:00,"LCCUser","완전히 용해될때까지 20분 교반",2026-05-12 10:22:00,2026-05-12 10:43:00,20,25,2026-05-13 00:00:00
"5","BETBGG","TB가글(클린민트,수출)","W26050172W10","5M00004","제조 4호","5-R003","5공장 가글 배합실","C03","M/M",2026-05-12 08:52:00,2026-05-12 11:09:00,"LCCUser","투명해질때까지 15분 교반",2026-05-12 10:04:00,2026-05-12 10:22:00,15,20,2026-05-13 00:00:00
"5","BETBGG","TB가글(클린민트,수출)","W26050172W10","5M00004","제조 4호","5-R003","5공장 가글 배합실","C03","M/M",2026-05-12 08:52:00,2026-05-12 11:09:00,"LCCUser","15분 교반",2026-05-12 10:43:00,2026-05-12 11:09:00,15,20,2026-05-13 00:00:00
"5","BETBGG","TB가글(클린민트,수출)","W26050173W10","5M00004","제조 4호","5-R003","5공장 가글 배합실","C03","M/M",2026-05-12 13:59:00,2026-05-12 16:36:00,"LCCUser","완전히 균질해질때까지 60분 교반",2026-05-12 14:25:00,2026-05-12 15:25:00,60,65,2026-05-13 00:00:00
"5","BETBGG","TB가글(클린민트,수출)","W26050173W10","5M00004","제조 4호","5-R003","5공장 가글 배합실","C03","M/M",2026-05-12 13:59:00,2026-05-12 16:36:00,"LCCUser","투명해질때까지 15분 교반",2026-05-12 15:25:00,2026-05-12 15:44:00,15,20,2026-05-13 00:00:00
"5","BETBGG","TB가글(클린민트,수출)","W26050173W10","5M00004","제조 4호","5-R003","5공장 가글 배합실","C03","M/M",2026-05-12 13:59:00,2026-05-12 16:36:00,"LCCUser","완전히 용해될때까지 20분 교반",2026-05-12 15:44:00,2026-05-12 16:04:00,20,25,2026-05-13 00:00:00
"5","BETBGG","TB가글(클린민트,수출)","W26050173W10","5M00004","제조 4호","5-R003","5공장 가글 배합실","C03","M/M",2026-05-12 13:59:00,2026-05-12 16:36:00,"LCCUser","15분 교반",2026-05-12 16:04:00,2026-05-12 16:36:00,15,20,2026-05-13 00:00:00
"1","BUP13049","P 스파리무버(수상)","W26050180W10","BM10002","B/M 2호","1-R004","유화 배합실","C03","M/M",2026-05-13 11:17:00,2026-05-13 12:02:00,"LCCUser","5분 교반",2026-05-13 11:17:00,2026-05-13 11:22:25,5,5,2026-05-15 00:00:00
"1","BUP13049","P 스파리무버(수상)","W26050180W10","BM10002","B/M 2호","1-R004","유화 배합실","C03","M/M",2026-05-13 11:17:00,2026-05-13 12:02:00,"LCCUser","10분 교반",2026-05-13 11:25:00,2026-05-13 11:35:08,10,10,2026-05-15 00:00:00
"1","BUP13049","P 스파리무버(수상)","W26050180W10","BM10002","B/M 2호","1-R004","유화 배합실","C03","M/M",2026-05-13 11:17:00,2026-05-13 12:02:00,"LCCUser","20분 교반",2026-05-13 11:39:00,2026-05-13 12:00:01,20,20,2026-05-15 00:00:00
"1","BUP13049","P 스파리무버(수상)","W26050181W10","BM10002","B/M 2호","1-R004","유화 배합실","C03","M/M",2026-05-14 12:00:00,2026-05-14 13:27:00,"LCCUser","20분 교반",2026-05-14 12:32:37,2026-05-14 12:52:21,20,20,2026-05-18 00:00:00
"1","BUP13049","P 스파리무버(수상)","W26050181W10","BM10002","B/M 2호","1-R004","유화 배합실","C03","M/M",2026-05-14 12:00:00,2026-05-14 13:27:00,"LCCUser","5분 교반",2026-05-14 12:02:00,2026-05-14 12:07:00,5,5,2026-05-18 00:00:00
"1","BUP13049","P 스파리무버(수상)","W26050181W10","BM10002","B/M 2호","1-R004","유화 배합실","C03","M/M",2026-05-14 12:00:00,2026-05-14 13:27:00,"LCCUser","10분 교반",2026-05-14 12:07:55,2026-05-14 12:17:55,10,10,2026-05-18 00:00:00
"1","BUP13050","P 스파리무버(유상)","W26050182W10","BM10002","B/M 2호","1-R004","유화 배합실","C03","M/M",2026-05-13 09:40:00,2026-05-13 10:26:00,"LCCUser","20분 교반",2026-05-13 10:03:00,2026-05-13 10:23:34,20,20,2026-05-15 00:00:00
"1","BUP13050","P 스파리무버(유상)","W26050182W10","BM10002","B/M 2호","1-R004","유화 배합실","C03","M/M",2026-05-13 09:40:00,2026-05-13 10:26:00,"LCCUser","20분 교반",2026-05-13 09:42:00,2026-05-13 10:02:48,20,20,2026-05-15 00:00:00
"1","BUP13050","P 스파리무버(유상)","W26050183W10","BM10002","B/M 2호","1-R004","유화 배합실","C03","M/M",2026-05-14 09:17:00,2026-05-14 10:35:00,"LCCUser","20분 교반",2026-05-14 10:15:00,2026-05-14 10:35:00,20,20,2026-05-18 00:00:00
"1","BUP13050","P 스파리무버(유상)","W26050183W10","BM10002","B/M 2호","1-R004","유화 배합실","C03","M/M",2026-05-14 09:17:00,2026-05-14 10:35:00,"LCCUser","20분 교반",2026-05-14 09:17:00,2026-05-14 10:15:00,20,20,2026-05-18 00:00:00
"1","BMFP16","OX몽글비누(석류)","W26050184W10","MX10001","워시믹서 1호","1-R004","유화 배합실","C03","M/M",2026-05-13 09:44:00,2026-05-13 11:19:00,"LCCUser","5분 교반",2026-05-13 11:08:00,2026-05-13 11:19:00,5,5,2026-05-14 00:00:00
"1","BMFP16","OX몽글비누(석류)","W26050184W10","MX10001","워시믹서 1호","1-R004","유화 배합실","C03","M/M",2026-05-13 09:44:00,2026-05-13 11:19:00,"LCCUser","20분 교반",2026-05-13 10:47:55,2026-05-13 11:08:00,20,20,2026-05-14 00:00:00
"1","BMFP16","OX몽글비누(석류)","W26050184W10","MX10001","워시믹서 1호","1-R004","유화 배합실","C03","M/M",2026-05-13 09:44:00,2026-05-13 11:19:00,"LCCUser","5분 교반",2026-05-13 10:39:00,2026-05-13 10:47:43,5,5,2026-05-14 00:00:00
"1","BMFP16","OX몽글비누(석류)","W26050184W10","MX10001","워시믹서 1호","1-R004","유화 배합실","C03","M/M",2026-05-13 09:44:00,2026-05-13 11:19:00,"LCCUser","20분 교반",2026-05-13 09:44:00,2026-05-13 10:38:57,20,20,2026-05-14 00:00:00
"1","BMFP16","OX몽글비누(석류)","W26050185W10","MX10001","워시믹서 1호","1-R004","유화 배합실","C03","M/M",2026-05-13 15:04:00,2026-05-13 16:13:00,"LCCUser","20분 교반",2026-05-13 15:04:00,2026-05-13 15:38:14,20,20,2026-05-15 00:00:00
"1","BMFP16","OX몽글비누(석류)","W26050185W10","MX10001","워시믹서 1호","1-R004","유화 배합실","C03","M/M",2026-05-13 15:04:00,2026-05-13 16:13:00,"LCCUser","5분 교반",2026-05-13 15:38:00,2026-05-13 15:44:39,5,5,2026-05-15 00:00:00
"1","BMFP16","OX몽글비누(석류)","W26050185W10","MX10001","워시믹서 1호","1-R004","유화 배합실","C03","M/M",2026-05-13 15:04:00,2026-05-13 16:13:00,"LCCUser","20분 교반",2026-05-13 15:44:00,2026-05-13 16:05:00,20,20,2026-05-15 00:00:00
"1","BMFP16","OX몽글비누(석류)","W26050185W10","MX10001","워시믹서 1호","1-R004","유화 배합실","C03","M/M",2026-05-13 15:04:00,2026-05-13 16:13:00,"LCCUser","5분 교반",2026-05-13 16:07:00,2026-05-13 16:13:00,5,5,2026-05-15 00:00:00
"1","BOXBWB","OX바디워시(바질)","W26050186W10","SP15002","샴푸믹서","1-R004","유화 배합실","C03","M/M",2026-05-13 09:39:00,2026-05-13 10:54:00,"LCCUser","10분 교반",2026-05-13 10:20:00,2026-05-13 10:31:52,10,10,2026-05-15 00:00:00
"1","BOXBWB","OX바디워시(바질)","W26050186W10","SP15002","샴푸믹서","1-R004","유화 배합실","C03","M/M",2026-05-13 09:39:00,2026-05-13 10:54:00,"LCCUser","20분 교반",2026-05-13 10:32:00,2026-05-13 10:53:50,20,20,2026-05-15 00:00:00
"1","BOXBWB","OX바디워시(바질)","W26050186W10","SP15002","샴푸믹서","1-R004","유화 배합실","C03","M/M",2026-05-13 09:39:00,2026-05-13 10:54:00,"LCCUser","10분 교반",2026-05-13 10:04:00,2026-05-13 10:20:21,10,10,2026-05-15 00:00:00
"1","BOXBWH","OX바디워시(히노끼)","W26050187W10","SP15002","샴푸믹서","1-R004","유화 배합실","C03","M/M",2026-05-13 14:37:00,2026-05-13 15:24:00,"LCCUser","10분 교반",2026-05-13 14:37:00,2026-05-13 14:48:39,10,10,2026-05-15 00:00:00
"1","BOXBWH","OX바디워시(히노끼)","W26050187W10","SP15002","샴푸믹서","1-R004","유화 배합실","C03","M/M",2026-05-13 14:37:00,2026-05-13 15:24:00,"LCCUser","10분 교반",2026-05-13 14:48:00,2026-05-13 15:03:17,10,10,2026-05-15 00:00:00
"1","BOXBWH","OX바디워시(히노끼)","W26050187W10","SP15002","샴푸믹서","1-R004","유화 배합실","C03","M/M",2026-05-13 14:37:00,2026-05-13 15:24:00,"LCCUser","20분 교반",2026-05-13 15:03:00,2026-05-13 15:24:15,20,20,2026-05-15 00:00:00
"4","BOXHSB","OX손소독제(바나나)","W26050197W10","SM20007","액상1호","4-R004","4공장 배합실","C02","용해",2026-05-13 09:29:00,2026-05-13 10:52:00,"LCCUser","10분 용해",2026-05-13 09:29:00,2026-05-13 09:39:00,10,15,2026-05-14 00:00:00
"4","BOXHSB","OX손소독제(바나나)","W26050197W10","SM20007","액상1호","4-R004","4공장 배합실","C02","용해",2026-05-13 09:29:00,2026-05-13 10:52:00,"LCCUser","30분 용해",2026-05-13 10:22:00,2026-05-13 10:52:00,30,35,2026-05-14 00:00:00
"4","BOXHSB","OX손소독제(바나나)","W26050197W10","SM20007","액상1호","4-R004","4공장 배합실","C02","용해",2026-05-13 09:29:00,2026-05-13 10:52:00,"LCCUser","30분 용해",2026-05-13 09:39:00,2026-05-13 10:10:00,30,35,2026-05-14 00:00:00
"4","BOXHSB","OX손소독제(바나나)","W26050197W10","SM20007","액상1호","4-R004","4공장 배합실","C03","M/M",2026-05-13 10:10:00,2026-05-13 11:47:00,"LCCUser","20분 진공 탈포",2026-05-13 11:03:00,2026-05-13 11:25:00,20,25,2026-05-14 00:00:00
"4","BOXHSB","OX손소독제(바나나)","W26050197W10","SM20007","액상1호","4-R004","4공장 배합실","C03","M/M",2026-05-13 10:10:00,2026-05-13 11:47:00,"LCCUser","10분 교반",2026-05-13 10:52:00,2026-05-13 11:02:00,10,15,2026-05-14 00:00:00
"4","BOXHSB","OX손소독제(바나나)","W26050197W10","SM20007","액상1호","4-R004","4공장 배합실","C03","M/M",2026-05-13 10:10:00,2026-05-13 11:47:00,"LCCUser","20분 교반",2026-05-13 11:27:00,2026-05-13 11:47:00,20,25,2026-05-14 00:00:00
"4","BOXHSB","OX손소독제(바나나)","W26050197W10","SM20007","액상1호","4-R004","4공장 배합실","C03","M/M",2026-05-13 10:10:00,2026-05-13 11:47:00,"LCCUser","10분 교반",2026-05-13 10:12:00,2026-05-13 10:22:00,10,15,2026-05-14 00:00:00
"4","BETBIG","TB가글(아이시,수출)","W26050200W10","SM20008","액상2호","4-R004","4공장 배합실","C02","용해",2026-05-13 11:24:00,2026-05-13 12:13:00,"LCCUser","45분 용해",2026-05-13 11:24:00,2026-05-13 12:10:00,45,50,2026-05-14 00:00:00
"4","BETBIG","TB가글(아이시,수출)","W26050200W10","SM20008","액상2호","4-R004","4공장 배합실","C03","M/M",2026-05-13 11:24:00,2026-05-13 13:20:00,"LCCUser","60분 교반",2026-05-13 12:13:00,2026-05-13 13:19:00,60,65,2026-05-14 00:00:00
"4","BETBIG","TB가글(아이시,수출)","W26050200W10","SM20008","액상2호","4-R004","4공장 배합실","C03","M/M",2026-05-13 11:24:00,2026-05-13 13:20:00,"LCCUser","15분 교반",2026-05-13 13:19:00,2026-05-13 13:19:00,15,20,2026-05-14 00:00:00
"4","BETBIG","TB가글(아이시,수출)","W26050200W10","SM20008","액상2호","4-R004","4공장 배합실","C03","M/M",2026-05-13 11:24:00,2026-05-13 13:20:00,"LCCUser","30분 교반",2026-05-13 13:19:00,2026-05-13 13:19:00,30,35,2026-05-14 00:00:00
"4","BETBIG","TB가글(아이시,수출)","W26050201W10","SM20008","액상2호","4-R004","4공장 배합실","C02","용해",2026-05-13 14:14:00,2026-05-13 15:01:00,"LCCUser","45분 용해",2026-05-13 15:01:00,2026-05-13 15:01:00,45,50,2026-05-14 00:00:00
"4","BETBIG","TB가글(아이시,수출)","W26050201W10","SM20008","액상2호","4-R004","4공장 배합실","C03","M/M",2026-05-13 14:14:00,2026-05-13 16:02:00,"LCCUser","30분 교반",2026-05-13 14:15:00,2026-05-13 14:46:00,30,35,2026-05-14 00:00:00
"4","BETBIG","TB가글(아이시,수출)","W26050201W10","SM20008","액상2호","4-R004","4공장 배합실","C03","M/M",2026-05-13 14:14:00,2026-05-13 16:02:00,"LCCUser","60분 교반",2026-05-13 15:02:00,2026-05-13 16:02:00,60,65,2026-05-14 00:00:00
"4","BETBIG","TB가글(아이시,수출)","W26050201W10","SM20008","액상2호","4-R004","4공장 배합실","C03","M/M",2026-05-13 14:14:00,2026-05-13 16:02:00,"LCCUser","15분 교반",2026-05-13 14:46:00,2026-05-13 15:01:00,15,20,2026-05-14 00:00:00
"4","BETBIG","TB가글(아이시,수출)","W26050202W10","SM20008","액상2호","4-R004","4공장 배합실","C02","용해",2026-05-13 17:01:00,2026-05-13 17:46:00,"LCCUser","45분 용해",2026-05-13 17:01:00,2026-05-13 17:46:00,45,50,2026-05-14 00:00:00
"4","BETBIG","TB가글(아이시,수출)","W26050202W10","SM20008","액상2호","4-R004","4공장 배합실","C03","M/M",2026-05-13 17:01:00,2026-05-13 18:46:00,"LCCUser","15분 교반",2026-05-13 17:46:00,2026-05-13 17:46:00,15,20,2026-05-14 00:00:00
"4","BETBIG","TB가글(아이시,수출)","W26050202W10","SM20008","액상2호","4-R004","4공장 배합실","C03","M/M",2026-05-13 17:01:00,2026-05-13 18:46:00,"LCCUser","30분 교반",2026-05-13 17:46:00,2026-05-13 17:46:00,30,35,2026-05-14 00:00:00
"4","BETBIG","TB가글(아이시,수출)","W26050202W10","SM20008","액상2호","4-R004","4공장 배합실","C03","M/M",2026-05-13 17:01:00,2026-05-13 18:46:00,"LCCUser","60분 교반",2026-05-13 17:46:00,2026-05-13 18:46:00,60,65,2026-05-14 00:00:00
"3","BUV68921451","VLC코코넛","W26050205W10","LC20012","L/C 2호","3-R003","3공장 배합실","C03","M/M",2026-05-13 13:47:00,2026-05-13 15:27:00,"LCCUser","20분 교반",2026-05-13 15:07:00,2026-05-13 15:27:00,20,20,2026-05-14 00:00:00
"3","BUV68921451","VLC코코넛","W26050205W10","LC20012","L/C 2호","3-R003","3공장 배합실","C03","M/M",2026-05-13 13:47:00,2026-05-13 15:27:00,"LCCUser","30분 교반",2026-05-13 14:10:00,2026-05-13 14:41:00,30,30,2026-05-15 00:00:00
"3","BUV68921451","VLC코코넛","W26050205W10","LC20012","L/C 2호","3-R003","3공장 배합실","C03","M/M",2026-05-13 13:47:00,2026-05-13 15:27:00,"LCCUser","20분 교반",2026-05-13 14:45:00,2026-05-13 15:06:00,20,20,2026-05-14 00:00:00
"3","BUV68921451","VLC코코넛","W26050205W10","LC20012","L/C 2호","3-R003","3공장 배합실","C03","M/M",2026-05-13 13:47:00,2026-05-13 15:27:00,"LCCUser","20분 교반",2026-05-13 14:45:00,2026-05-13 15:06:00,20,20,2026-05-15 00:00:00
"3","BUV68921451","VLC코코넛","W26050205W10","LC20012","L/C 2호","3-R003","3공장 배합실","C03","M/M",2026-05-13 13:47:00,2026-05-13 15:27:00,"LCCUser","20분 교반",2026-05-13 15:07:00,2026-05-13 15:27:00,20,20,2026-05-15 00:00:00
"3","BUV68921451","VLC코코넛","W26050205W10","LC20012","L/C 2호","3-R003","3공장 배합실","C03","M/M",2026-05-13 13:47:00,2026-05-13 15:27:00,"LCCUser","30분 교반",2026-05-13 14:10:00,2026-05-13 14:41:00,30,30,2026-05-14 00:00:00
"3","BUV115371","VLC로지","W26050206W10","LC20011","L/C 4호","3-R003","3공장 배합실","C03","M/M",2026-05-13 09:41:00,2026-05-13 12:18:00,"LCCUser","20분 교반",2026-05-13 11:34:00,2026-05-13 11:54:00,20,20,2026-05-14 00:00:00
"3","BUV115371","VLC로지","W26050206W10","LC20011","L/C 4호","3-R003","3공장 배합실","C03","M/M",2026-05-13 09:41:00,2026-05-13 12:18:00,"LCCUser","20분 교반",2026-05-13 10:30:00,2026-05-13 10:52:00,20,20,2026-05-15 00:00:00
"3","BUV115371","VLC로지","W26050206W10","LC20011","L/C 4호","3-R003","3공장 배합실","C03","M/M",2026-05-13 09:41:00,2026-05-13 12:18:00,"LCCUser","30분 교반",2026-05-13 10:00:00,2026-05-13 10:30:00,30,30,2026-05-15 00:00:00
"3","BUV115371","VLC로지","W26050206W10","LC20011","L/C 4호","3-R003","3공장 배합실","C03","M/M",2026-05-13 09:41:00,2026-05-13 12:18:00,"LCCUser","20분 교반",2026-05-13 11:57:00,2026-05-13 12:18:00,20,20,2026-05-15 00:00:00
"3","BUV115371","VLC로지","W26050206W10","LC20011","L/C 4호","3-R003","3공장 배합실","C03","M/M",2026-05-13 09:41:00,2026-05-13 12:18:00,"LCCUser","20분 교반",2026-05-13 11:34:00,2026-05-13 11:54:00,20,20,2026-05-15 00:00:00
"3","BUV115371","VLC로지","W26050206W10","LC20011","L/C 4호","3-R003","3공장 배합실","C03","M/M",2026-05-13 09:41:00,2026-05-13 12:18:00,"LCCUser","20분 교반",2026-05-13 10:30:00,2026-05-13 10:52:00,20,20,2026-05-14 00:00:00
"3","BUV115371","VLC로지","W26050206W10","LC20011","L/C 4호","3-R003","3공장 배합실","C03","M/M",2026-05-13 09:41:00,2026-05-13 12:18:00,"LCCUser","30분 교반",2026-05-13 10:00:00,2026-05-13 10:30:00,30,30,2026-05-14 00:00:00
"3","BUV115371","VLC로지","W26050206W10","LC20011","L/C 4호","3-R003","3공장 배합실","C03","M/M",2026-05-13 09:41:00,2026-05-13 12:18:00,"LCCUser","20분 교반",2026-05-13 11:57:00,2026-05-13 12:18:00,20,20,2026-05-14 00:00:00
"4","BODMSS","OX미인스페아MS","W26050208W10","DS40003","4공장 용해조 3호","4-R004","4공장 배합실","C02","용해",2026-05-13 16:31:00,2026-05-13 17:03:00,"LCCUser","20분 용해",2026-05-13 16:41:00,2026-05-13 17:03:00,10,15,2026-05-15 00:00:00
"4","BODMSS","OX미인스페아MS","W26050208W10","DS40003","4공장 용해조 3호","4-R004","4공장 배합실","C02","용해",2026-05-13 16:31:00,2026-05-13 17:03:00,"LCCUser","20분 용해",2026-05-13 16:41:00,2026-05-13 17:03:00,10,15,2026-05-14 00:00:00
"4","BODMSS","OX미인스페아MS","W26050208W10","DS40003","4공장 용해조 3호","4-R004","4공장 배합실","C02","용해",2026-05-13 16:31:00,2026-05-13 17:03:00,"LCCUser","10분 용해",2026-05-13 16:31:00,2026-05-13 16:41:00,10,15,2026-05-14 00:00:00
"4","BODMSS","OX미인스페아MS","W26050208W10","DS40003","4공장 용해조 3호","4-R004","4공장 배합실","C02","용해",2026-05-13 16:31:00,2026-05-13 17:03:00,"LCCUser","10분 용해",2026-05-13 16:31:00,2026-05-13 16:41:00,10,15,2026-05-15 00:00:00
"4","BODMSS","OX미인스페아MS","W26050208W10","GA15001","액상3호","4-R004","4공장 배합실","C03","M/M",2026-05-13 16:41:00,2026-05-13 17:34:00,"LCCUser","10분 교반",2026-05-13 16:42:00,2026-05-13 17:03:00,10,15,2026-05-14 00:00:00
"4","BODMSS","OX미인스페아MS","W26050208W10","GA15001","액상3호","4-R004","4공장 배합실","C03","M/M",2026-05-13 16:41:00,2026-05-13 17:34:00,"LCCUser","30분 교반",2026-05-13 17:03:00,2026-05-13 17:34:00,30,35,2026-05-14 00:00:00
"4","BODMSS","OX미인스페아MS","W26050208W10","GA15001","액상3호","4-R004","4공장 배합실","C03","M/M",2026-05-13 16:41:00,2026-05-13 17:34:00,"LCCUser","30분 교반",2026-05-13 17:03:00,2026-05-13 17:34:00,30,35,2026-05-15 00:00:00
"4","BODMSS","OX미인스페아MS","W26050208W10","GA15001","액상3호","4-R004","4공장 배합실","C03","M/M",2026-05-13 16:41:00,2026-05-13 17:34:00,"LCCUser","10분 교반",2026-05-13 16:42:00,2026-05-13 17:03:00,10,15,2026-05-15 00:00:00
"4","BCANGG15","OX애니가글S","W26050209W10","DS40004","4공장 용해조 4호","4-R004","4공장 배합실","C02","용해",2026-05-13 09:10:00,2026-05-13 09:53:00,"LCCUser","20분 교반",2026-05-13 09:33:00,2026-05-13 09:53:00,20,25,2026-05-13 00:00:00
"4","BCANGG15","OX애니가글S","W26050209W10","DS40004","4공장 용해조 4호","4-R004","4공장 배합실","C02","용해",2026-05-13 09:10:00,2026-05-13 09:53:00,"LCCUser","20분 용해",2026-05-13 09:10:00,2026-05-13 09:32:00,20,25,2026-05-13 00:00:00
"4","BCANGG15","OX애니가글S","W26050209W10","SM20010","액상4호","4-R004","4공장 배합실","C03","M/M",2026-05-13 09:25:00,2026-05-13 10:16:00,"LCCUser","10분 교반",2026-05-13 09:41:00,2026-05-13 09:54:00,10,15,2026-05-13 00:00:00
"4","BCANGG15","OX애니가글S","W26050209W10","SM20010","액상4호","4-R004","4공장 배합실","C03","M/M",2026-05-13 09:25:00,2026-05-13 10:16:00,"LCCUser","10분 교반",2026-05-13 09:26:00,2026-05-13 09:41:00,10,15,2026-05-13 00:00:00
"4","BCANGG15","OX애니가글S","W26050209W10","SM20010","액상4호","4-R004","4공장 배합실","C03","M/M",2026-05-13 09:25:00,2026-05-13 10:16:00,"LCCUser","20분 교반",2026-05-13 09:55:00,2026-05-13 10:16:00,20,25,2026-05-13 00:00:00
"4","BTBIG","TB가글(아이시)","W26050210W10","DS40002","4공장 용해조 2호","4-R004","4공장 배합실","C02","용해",2026-05-13 09:19:00,2026-05-13 10:19:00,"LCCUser","60분 용해",2026-05-13 09:19:00,2026-05-13 10:19:00,60,65,2026-05-15 00:00:00
"4","BTBIG","TB가글(아이시)","W26050210W10","DS40002","4공장 용해조 2호","4-R004","4공장 배합실","C02","용해",2026-05-13 09:19:00,2026-05-13 10:19:00,"LCCUser","60분 용해",2026-05-13 09:19:00,2026-05-13 10:19:00,60,65,2026-05-14 00:00:00
"4","BTBIG","TB가글(아이시)","W26050210W10","SM20008","액상2호","4-R004","4공장 배합실","C03","M/M",2026-05-13 09:55:00,2026-05-13 11:00:00,"LCCUser","40분 교반",2026-05-13 10:20:00,2026-05-13 11:00:00,40,45,2026-05-14 00:00:00
"4","BTBIG","TB가글(아이시)","W26050210W10","SM20008","액상2호","4-R004","4공장 배합실","C03","M/M",2026-05-13 09:55:00,2026-05-13 11:00:00,"LCCUser","20분 교반",2026-05-13 09:56:00,2026-05-13 10:20:00,20,25,2026-05-14 00:00:00
"4","BTBIG","TB가글(아이시)","W26050210W10","SM20008","액상2호","4-R004","4공장 배합실","C03","M/M",2026-05-13 09:55:00,2026-05-13 11:00:00,"LCCUser","20분 교반",2026-05-13 09:56:00,2026-05-13 10:20:00,20,25,2026-05-15 00:00:00
"4","BTBIG","TB가글(아이시)","W26050210W10","SM20008","액상2호","4-R004","4공장 배합실","C03","M/M",2026-05-13 09:55:00,2026-05-13 11:00:00,"LCCUser","40분 교반",2026-05-13 10:20:00,2026-05-13 11:00:00,40,45,2026-05-15 00:00:00
"5","BOEPESG19","프로사쿠라가글","W26050211W10","DS50001","5공장 용해조 1호","5-R003","5공장 가글 배합실","C02","용해",2026-05-13 10:19:00,2026-05-13 11:52:00,"LCCUser","40분 용해",2026-05-13 10:42:00,2026-05-13 11:22:00,40,45,2026-05-14 00:00:00
"5","BOEPESG19","프로사쿠라가글","W26050211W10","DS50001","5공장 용해조 1호","5-R003","5공장 가글 배합실","C02","용해",2026-05-13 10:19:00,2026-05-13 11:52:00,"LCCUser","20분 용해",2026-05-13 11:22:00,2026-05-13 11:52:00,20,25,2026-05-14 00:00:00
"5","BOEPESG19","프로사쿠라가글","W26050211W10","5M00002","제조 2호","5-R003","5공장 가글 배합실","C03","M/M",2026-05-13 11:53:00,2026-05-13 13:12:00,"LCCUser","20분 교반",2026-05-13 12:52:00,2026-05-13 13:12:00,20,25,2026-05-14 00:00:00
"5","BOEPESG19","프로사쿠라가글","W26050211W10","5M00002","제조 2호","5-R003","5공장 가글 배합실","C03","M/M",2026-05-13 11:53:00,2026-05-13 13:12:00,"LCCUser","10분 교반",2026-05-13 12:36:00,2026-05-13 12:52:00,10,15,2026-05-14 00:00:00
"5","BOEPERFG19","프로RF가글","W26050212W10","DS50001","5공장 용해조 1호","5-R003","5공장 가글 배합실","C02","용해",2026-05-13 09:21:00,2026-05-13 10:29:00,"LCCUser","20분 용해",2026-05-13 10:03:00,2026-05-13 10:29:00,20,25,2026-05-14 00:00:00
"5","BOEPERFG19","프로RF가글","W26050212W10","DS50001","5공장 용해조 1호","5-R003","5공장 가글 배합실","C02","용해",2026-05-13 09:21:00,2026-05-13 10:29:00,"LCCUser","40분 용해",2026-05-13 09:22:00,2026-05-13 10:03:00,40,45,2026-05-14 00:00:00
"5","BOEPERFG19","프로RF가글","W26050212W10","5M00001","제조 1호","5-R003","5공장 가글 배합실","C03","M/M",2026-05-13 10:15:00,2026-05-13 10:58:00,"LCCUser","10분 교반",2026-05-13 10:15:00,2026-05-13 10:29:00,10,15,2026-05-14 00:00:00
"5","BOEPERFG19","프로RF가글","W26050212W10","5M00001","제조 1호","5-R003","5공장 가글 배합실","C03","M/M",2026-05-13 10:15:00,2026-05-13 10:58:00,"LCCUser","20분 교반",2026-05-13 10:29:00,2026-05-13 10:58:00,20,25,2026-05-14 00:00:00
"4","BKCHSP","OX C&C(프리미엄)","W26050234W10","SM20007","액상1호","4-R004","4공장 배합실","C02","용해",2026-05-14 13:38:00,2026-05-14 15:01:00,"LCCUser","35분 용해",2026-05-14 14:26:00,2026-05-14 15:01:00,35,40,2026-05-15 00:00:00
"4","BKCHSP","OX C&C(프리미엄)","W26050234W10","SM20007","액상1호","4-R004","4공장 배합실","C02","용해",2026-05-14 13:38:00,2026-05-14 15:01:00,"LCCUser","35분 용해",2026-05-14 13:49:00,2026-05-14 14:24:00,35,40,2026-05-15 00:00:00
"4","BKCHSP","OX C&C(프리미엄)","W26050234W10","SM20007","액상1호","4-R004","4공장 배합실","C02","용해",2026-05-14 13:38:00,2026-05-14 15:01:00,"LCCUser","10분 용해",2026-05-14 13:38:00,2026-05-14 13:49:00,10,15,2026-05-15 00:00:00
"4","BKCHSP","OX C&C(프리미엄)","W26050234W10","SM20007","액상1호","4-R004","4공장 배합실","C03","M/M",2026-05-14 14:18:00,2026-05-14 16:03:00,"LCCUser","20분 교반",2026-05-14 15:14:00,2026-05-14 15:35:00,20,25,2026-05-15 00:00:00
"4","BKCHSP","OX C&C(프리미엄)","W26050234W10","SM20007","액상1호","4-R004","4공장 배합실","C03","M/M",2026-05-14 14:18:00,2026-05-14 16:03:00,"LCCUser","20분 진공 탈포",2026-05-14 15:35:00,2026-05-14 16:03:00,20,25,2026-05-15 00:00:00
"4","BKCHSP","OX C&C(프리미엄)","W26050234W10","SM20007","액상1호","4-R004","4공장 배합실","C03","M/M",2026-05-14 14:18:00,2026-05-14 16:03:00,"LCCUser","10분 교반",2026-05-14 15:01:00,2026-05-14 15:01:00,10,15,2026-05-15 00:00:00
"4","BKCHSP","OX C&C(프리미엄)","W26050234W10","SM20007","액상1호","4-R004","4공장 배합실","C03","M/M",2026-05-14 14:18:00,2026-05-14 16:03:00,"LCCUser","10분 교반",2026-05-14 15:03:00,2026-05-14 15:13:00,10,15,2026-05-15 00:00:00
"4","BOXCHS","OX C&C(70％)","W26050235W10","SM20007","액상1호","4-R004","4공장 배합실","C02","용해",2026-05-14 09:13:00,2026-05-14 10:58:00,"LCCUser","35분 용해",2026-05-14 10:21:00,2026-05-14 10:56:00,35,40,2026-05-15 00:00:00
"4","BOXCHS","OX C&C(70％)","W26050235W10","SM20007","액상1호","4-R004","4공장 배합실","C02","용해",2026-05-14 09:13:00,2026-05-14 10:58:00,"LCCUser","35분 용해",2026-05-14 09:25:00,2026-05-14 10:05:00,35,40,2026-05-15 00:00:00
"4","BOXCHS","OX C&C(70％)","W26050235W10","SM20007","액상1호","4-R004","4공장 배합실","C02","용해",2026-05-14 09:13:00,2026-05-14 10:58:00,"LCCUser","10분 용해",2026-05-14 09:13:00,2026-05-14 09:24:00,10,15,2026-05-15 00:00:00
"4","BOXCHS","OX C&C(70％)","W26050235W10","SM20007","액상1호","4-R004","4공장 배합실","C03","M/M",2026-05-14 10:17:00,2026-05-14 11:52:00,"LCCUser","20분 진공 탈포",2026-05-14 11:29:00,2026-05-14 11:52:00,20,25,2026-05-15 00:00:00
"4","BOXCHS","OX C&C(70％)","W26050235W10","SM20007","액상1호","4-R004","4공장 배합실","C03","M/M",2026-05-14 10:17:00,2026-05-14 11:52:00,"LCCUser","20분 교반",2026-05-14 11:09:00,2026-05-14 11:29:00,20,25,2026-05-15 00:00:00
"4","BOXCHS","OX C&C(70％)","W26050235W10","SM20007","액상1호","4-R004","4공장 배합실","C03","M/M",2026-05-14 10:17:00,2026-05-14 11:52:00,"LCCUser","10분 교반",2026-05-14 10:58:00,2026-05-14 11:09:00,10,15,2026-05-15 00:00:00
"4","BOXCHS","OX C&C(70％)","W26050235W10","SM20007","액상1호","4-R004","4공장 배합실","C03","M/M",2026-05-14 10:17:00,2026-05-14 11:52:00,"LCCUser","10분 교반",2026-05-14 10:58:00,2026-05-14 10:58:00,10,15,2026-05-15 00:00:00
"1","BUV64851418","V알로에로션(보이드)","W26050236W10","OL11007","유상 용해조 7호","1-R004","유화 배합실","C02","용해",2026-05-14 10:08:00,2026-05-14 12:37:00,"LCCUser","60분 교반",2026-05-14 11:06:00,2026-05-14 12:37:00,60,60,2026-05-19 00:00:00
"1","BUV64851418","V알로에로션(보이드)","W26050236W10","OL11007","유상 용해조 7호","1-R004","유화 배합실","C02","용해",2026-05-14 10:08:00,2026-05-14 12:37:00,"LCCUser","40분 교반",2026-05-14 10:09:00,2026-05-14 11:05:00,40,40,2026-05-19 00:00:00
"1","BUV64851418","V알로에로션(보이드)","W26050236W10","AQ10007","수상 용해조 7호","1-R004","유화 배합실","C02","용해",2026-05-14 10:08:00,2026-05-14 12:37:00,"LCCUser","20분 교반",2026-05-14 10:34:00,2026-05-14 11:05:00,20,20,2026-05-19 00:00:00
"1","BUV64851418","V알로에로션(보이드)","W26050236W10","GX12005","검믹서 7호","1-R004","유화 배합실","C02","용해",2026-05-14 10:08:00,2026-05-14 12:37:00,"LCCUser","30분 교반",2026-05-14 10:09:00,2026-05-14 11:05:00,30,30,2026-05-19 00:00:00
"1","BUV64851418","V알로에로션(보이드)","W26050236W10","AQ10007","수상 용해조 7호","1-R004","유화 배합실","C02","용해",2026-05-14 10:08:00,2026-05-14 12:37:00,"LCCUser","20분 교반",2026-05-14 10:08:00,2026-05-14 10:34:00,20,20,2026-05-19 00:00:00
"1","BUV64851418","V알로에로션(보이드)","W26050236W10","HM15005","H/M 5호","1-R004","유화 배합실","C03","M/M",2026-05-14 11:49:00,2026-05-14 14:06:00,"LCCUser","3분 교반",2026-05-14 13:51:10,2026-05-14 13:54:10,3,3,2026-05-19 00:00:00
"1","BUV64851418","V알로에로션(보이드)","W26050236W10","HM15005","H/M 5호","1-R004","유화 배합실","C03","M/M",2026-05-14 11:49:00,2026-05-14 14:06:00,"LCCUser","10분 교반",2026-05-14 13:31:00,2026-05-14 13:41:25,10,10,2026-05-19 00:00:00
"1","BUV64851418","V알로에로션(보이드)","W26050236W10","HM15005","H/M 5호","1-R004","유화 배합실","C03","M/M",2026-05-14 11:49:00,2026-05-14 14:06:00,"LCCUser","5분 교반",2026-05-14 12:46:43,2026-05-14 12:51:13,5,5,2026-05-19 00:00:00
"1","BUV64851418","V알로에로션(보이드)","W26050236W10","HM15005","H/M 5호","1-R004","유화 배합실","C03","M/M",2026-05-14 11:49:00,2026-05-14 14:06:00,"LCCUser","5분 교반",2026-05-14 11:49:00,2026-05-14 12:00:00,5,5,2026-05-19 00:00:00
"1","BUV64851418","V알로에로션(보이드)","W26050236W10","HM15005","H/M 5호","1-R004","유화 배합실","C03","M/M",2026-05-14 11:49:00,2026-05-14 14:06:00,"LCCUser","10분 교반",2026-05-14 12:33:42,2026-05-14 12:43:42,10,10,2026-05-19 00:00:00
"1","BUV64851418","V알로에로션(보이드)","W26050237W10","AQ10007","수상 용해조 7호","1-R004","유화 배합실","C02","용해",2026-05-14 13:52:00,2026-05-14 16:10:00,"LCCUser","20분 교반",2026-05-14 13:52:00,2026-05-14 14:20:00,20,20,2026-05-19 00:00:00
"1","BUV64851418","V알로에로션(보이드)","W26050237W10","OL11007","유상 용해조 7호","1-R004","유화 배합실","C02","용해",2026-05-14 13:52:00,2026-05-14 16:10:00,"LCCUser","40분 교반",2026-05-14 13:52:00,2026-05-14 14:34:00,40,40,2026-05-19 00:00:00
"1","BUV64851418","V알로에로션(보이드)","W26050237W10","GX12005","검믹서 7호","1-R004","유화 배합실","C02","용해",2026-05-14 13:52:00,2026-05-14 16:10:00,"LCCUser","30분 교반",2026-05-14 13:52:00,2026-05-14 14:34:00,30,30,2026-05-19 00:00:00
"1","BUV64851418","V알로에로션(보이드)","W26050237W10","AQ10007","수상 용해조 7호","1-R004","유화 배합실","C02","용해",2026-05-14 13:52:00,2026-05-14 16:10:00,"LCCUser","20분 교반",2026-05-14 14:20:00,2026-05-14 14:42:00,20,20,2026-05-19 00:00:00
"1","BUV64851418","V알로에로션(보이드)","W26050237W10","OL11007","유상 용해조 7호","1-R004","유화 배합실","C02","용해",2026-05-14 13:52:00,2026-05-14 16:10:00,"LCCUser","60분 교반",2026-05-14 14:42:00,2026-05-14 16:10:00,60,60,2026-05-19 00:00:00
"1","BUV64851418","V알로에로션(보이드)","W26050237W10","HM15005","H/M 5호","1-R004","유화 배합실","C03","M/M",2026-05-14 14:42:00,2026-05-14 16:27:00,"LCCUser","5분 교반",2026-05-14 15:12:14,2026-05-14 15:17:00,5,5,2026-05-19 00:00:00
"1","BUV64851418","V알로에로션(보이드)","W26050237W10","HM15005","H/M 5호","1-R004","유화 배합실","C03","M/M",2026-05-14 14:42:00,2026-05-14 16:27:00,"LCCUser","10분 교반",2026-05-14 16:09:09,2026-05-14 16:19:09,10,10,2026-05-19 00:00:00
"1","BUV64851418","V알로에로션(보이드)","W26050237W10","HM15005","H/M 5호","1-R004","유화 배합실","C03","M/M",2026-05-14 14:42:00,2026-05-14 16:27:00,"LCCUser","3분 교반",2026-05-14 16:24:00,2026-05-14 16:27:23,3,3,2026-05-19 00:00:00
"1","BUV64851418","V알로에로션(보이드)","W26050237W10","HM15005","H/M 5호","1-R004","유화 배합실","C03","M/M",2026-05-14 14:42:00,2026-05-14 16:27:00,"LCCUser","10분 교반",2026-05-14 15:01:08,2026-05-14 15:11:00,10,10,2026-05-19 00:00:00
"1","BUV64851418","V알로에로션(보이드)","W26050237W10","HM15005","H/M 5호","1-R004","유화 배합실","C03","M/M",2026-05-14 14:42:00,2026-05-14 16:27:00,"LCCUser","5분 교반",2026-05-14 14:47:00,2026-05-14 14:58:00,5,5,2026-05-19 00:00:00
"5","BGNYG","프로유자가글(내수)","W26050240W10","DS50001","5공장 용해조 1호","5-R003","5공장 가글 배합실","C02","용해",2026-05-14 09:26:00,2026-05-14 10:28:00,"LCCUser","40분 용해",2026-05-14 09:26:00,2026-05-14 10:06:00,40,45,2026-05-15 00:00:00
"5","BGNYG","프로유자가글(내수)","W26050240W10","DS50001","5공장 용해조 1호","5-R003","5공장 가글 배합실","C02","용해",2026-05-14 09:26:00,2026-05-14 10:28:00,"LCCUser","20분 용해",2026-05-14 10:06:00,2026-05-14 10:28:00,20,25,2026-05-15 00:00:00
"5","BGNYG","프로유자가글(내수)","W26050240W10","5M00001","제조 1호","5-R003","5공장 가글 배합실","C03","M/M",2026-05-14 10:16:00,2026-05-14 10:49:00,"LCCUser","20분 교반",2026-05-14 10:29:00,2026-05-14 10:49:00,20,25,2026-05-15 00:00:00
"5","BGNYG","프로유자가글(내수)","W26050240W10","5M00001","제조 1호","5-R003","5공장 가글 배합실","C03","M/M",2026-05-14 10:16:00,2026-05-14 10:49:00,"LCCUser","10분 교반",2026-05-14 10:17:00,2026-05-14 10:29:00,10,15,2026-05-15 00:00:00
"5","BGNYG","프로유자가글(내수)","W26050241W10","DS50001","5공장 용해조 1호","5-R003","5공장 가글 배합실","C02","용해",2026-05-14 10:49:00,2026-05-14 11:57:00,"LCCUser","40분 용해",2026-05-14 10:57:00,2026-05-14 11:37:00,40,45,2026-05-15 00:00:00
"5","BGNYG","프로유자가글(내수)","W26050241W10","DS50001","5공장 용해조 1호","5-R003","5공장 가글 배합실","C02","용해",2026-05-14 10:49:00,2026-05-14 11:57:00,"LCCUser","20분 용해",2026-05-14 11:37:00,2026-05-14 11:57:00,20,25,2026-05-15 00:00:00
"5","BGNYG","프로유자가글(내수)","W26050241W10","5M00001","제조 1호","5-R003","5공장 가글 배합실","C03","M/M",2026-05-14 12:59:00,2026-05-14 13:39:00,"LCCUser","10분 교반",2026-05-14 12:59:00,2026-05-14 13:10:00,10,15,2026-05-15 00:00:00
"5","BGNYG","프로유자가글(내수)","W26050241W10","5M00001","제조 1호","5-R003","5공장 가글 배합실","C03","M/M",2026-05-14 12:59:00,2026-05-14 13:39:00,"LCCUser","20분 교반",2026-05-14 13:10:00,2026-05-14 13:39:00,20,25,2026-05-15 00:00:00
"5","BGNYG","프로유자가글(내수)","W26050242W10","DS50001","5공장 용해조 1호","5-R003","5공장 가글 배합실","C02","용해",2026-05-14 13:03:00,2026-05-14 15:12:00,"LCCUser","40분 용해",2026-05-14 13:03:00,2026-05-14 13:54:00,40,45,2026-05-15 00:00:00
"5","BGNYG","프로유자가글(내수)","W26050242W10","DS50001","5공장 용해조 1호","5-R003","5공장 가글 배합실","C02","용해",2026-05-14 13:03:00,2026-05-14 15:12:00,"LCCUser","20분 용해",2026-05-14 13:54:00,2026-05-14 15:07:00,20,25,2026-05-15 00:00:00
"5","BGNYG","프로유자가글(내수)","W26050242W10","5M00001","제조 1호","5-R003","5공장 가글 배합실","C03","M/M",2026-05-14 15:12:00,2026-05-14 16:20:00,"LCCUser","20분 교반",2026-05-14 15:56:00,2026-05-14 16:20:00,20,25,2026-05-15 00:00:00
"5","BGNYG","프로유자가글(내수)","W26050242W10","5M00001","제조 1호","5-R003","5공장 가글 배합실","C03","M/M",2026-05-14 15:12:00,2026-05-14 16:20:00,"LCCUser","10분 교반",2026-05-14 15:37:00,2026-05-14 15:56:00,10,15,2026-05-15 00:00:00
"5","BETBIG","TB가글(아이시,수출)","W26050243W10","DS50003","5공장 용해조 3호","5-R003","5공장 가글 배합실","C02","용해",2026-05-14 09:38:00,2026-05-14 10:25:00,"LCCUser","45분 용해",2026-05-14 09:38:00,2026-05-14 10:25:00,45,50,2026-05-15 00:00:00
"5","BETBIG","TB가글(아이시,수출)","W26050243W10","5M00003","제조 3호","5-R003","5공장 가글 배합실","C03","M/M",2026-05-14 09:38:00,2026-05-14 11:31:00,"LCCUser","60분 교반",2026-05-14 10:26:00,2026-05-14 11:31:00,60,65,2026-05-15 00:00:00
"5","BETBIG","TB가글(아이시,수출)","W26050243W10","5M00003","제조 3호","5-R003","5공장 가글 배합실","C03","M/M",2026-05-14 09:38:00,2026-05-14 11:31:00,"LCCUser","15분 교반",2026-05-14 10:09:00,2026-05-14 10:25:00,15,20,2026-05-15 00:00:00
"5","BETBIG","TB가글(아이시,수출)","W26050243W10","5M00003","제조 3호","5-R003","5공장 가글 배합실","C03","M/M",2026-05-14 09:38:00,2026-05-14 11:31:00,"LCCUser","30분 교반",2026-05-14 09:38:00,2026-05-14 10:09:00,30,35,2026-05-15 00:00:00
"5","BETBIG","TB가글(아이시,수출)","W26050244W10","DS50003","5공장 용해조 3호","5-R003","5공장 가글 배합실","C02","용해",2026-05-14 13:58:00,2026-05-14 14:48:00,"LCCUser","45분 용해",2026-05-14 13:58:00,2026-05-14 14:48:00,45,50,2026-05-15 00:00:00
"5","BETBIG","TB가글(아이시,수출)","W26050244W10","5M00003","제조 3호","5-R003","5공장 가글 배합실","C03","M/M",2026-05-14 13:58:00,2026-05-14 16:08:00,"LCCUser","15분 교반",2026-05-14 14:48:00,2026-05-14 15:08:00,15,20,2026-05-15 00:00:00
"5","BETBIG","TB가글(아이시,수출)","W26050244W10","5M00003","제조 3호","5-R003","5공장 가글 배합실","C03","M/M",2026-05-14 13:58:00,2026-05-14 16:08:00,"LCCUser","30분 교반",2026-05-14 13:58:00,2026-05-14 14:29:00,30,35,2026-05-15 00:00:00
"5","BETBIG","TB가글(아이시,수출)","W26050244W10","5M00003","제조 3호","5-R003","5공장 가글 배합실","C03","M/M",2026-05-14 13:58:00,2026-05-14 16:08:00,"LCCUser","60분 교반",2026-05-14 15:08:00,2026-05-14 16:08:00,60,65,2026-05-15 00:00:00
"1","BAKLHWC","랩신레몬비누(중국)","W26050245W10","MX10001","워시믹서 1호","1-R004","유화 배합실","C03","M/M",2026-05-14 14:10:00,2026-05-14 15:58:00,"LCCUser","5분 교반",2026-05-14 15:53:00,2026-05-14 15:58:00,5,5,2026-05-18 00:00:00
"1","BAKLHWC","랩신레몬비누(중국)","W26050245W10","MX10001","워시믹서 1호","1-R004","유화 배합실","C03","M/M",2026-05-14 14:10:00,2026-05-14 15:58:00,"LCCUser","5분 교반",2026-05-14 15:44:02,2026-05-14 15:52:00,5,5,2026-05-18 00:00:00
"1","BAKLHWC","랩신레몬비누(중국)","W26050245W10","MX10001","워시믹서 1호","1-R004","유화 배합실","C03","M/M",2026-05-14 14:10:00,2026-05-14 15:58:00,"LCCUser","5분 교반",2026-05-14 15:38:30,2026-05-14 15:43:51,5,5,2026-05-18 00:00:00
"1","BAKLHWC","랩신레몬비누(중국)","W26050245W10","MX10001","워시믹서 1호","1-R004","유화 배합실","C03","M/M",2026-05-14 14:10:00,2026-05-14 15:58:00,"LCCUser","20분 교반",2026-05-14 15:15:00,2026-05-14 15:38:17,20,20,2026-05-18 00:00:00
"1","BAKLHWC","랩신레몬비누(중국)","W26050245W10","MX10001","워시믹서 1호","1-R004","유화 배합실","C03","M/M",2026-05-14 14:10:00,2026-05-14 15:58:00,"LCCUser","20분 교반",2026-05-14 14:52:00,2026-05-14 15:15:00,20,20,2026-05-18 00:00:00
"1","BAKLHWC","랩신레몬비누(중국)","W26050245W10","MX10001","워시믹서 1호","1-R004","유화 배합실","C03","M/M",2026-05-14 14:10:00,2026-05-14 15:58:00,"LCCUser","20분 교반",2026-05-14 14:10:00,2026-05-14 14:51:00,20,20,2026-05-18 00:00:00
"1","BOCFHW16","UX거품비누","W26050246W10","WS13004","워시믹서 용해조","1-R004","유화 배합실","C02","용해",2026-05-14 10:47:00,2026-05-14 11:36:00,"LCCUser","30분  교반 (완전 용해 확인)",2026-05-14 11:06:00,2026-05-14 11:36:00,30,30,2026-05-18 00:00:00
"1","BOCFHW16","UX거품비누","W26050246W10","MX10002","워시믹서 2호","1-R004","유화 배합실","C03","M/M",2026-05-14 10:47:00,2026-05-14 12:08:00,"LCCUser","10분 교반",2026-05-14 11:42:00,2026-05-14 11:52:00,10,10,2026-05-18 00:00:00
"1","BOCFHW16","UX거품비누","W26050246W10","MX10002","워시믹서 2호","1-R004","유화 배합실","C03","M/M",2026-05-14 10:47:00,2026-05-14 12:08:00,"LCCUser","10분 교반",2026-05-14 11:27:00,2026-05-14 11:42:00,10,10,2026-05-18 00:00:00
"1","BOCFHW16","UX거품비누","W26050246W10","MX10002","워시믹서 2호","1-R004","유화 배합실","C03","M/M",2026-05-14 10:47:00,2026-05-14 12:08:00,"LCCUser","5분 교반",2026-05-14 11:08:00,2026-05-14 11:27:00,5,5,2026-05-18 00:00:00
"1","BOCFHW16","UX거품비누","W26050246W10","MX10002","워시믹서 2호","1-R004","유화 배합실","C03","M/M",2026-05-14 10:47:00,2026-05-14 12:08:00,"LCCUser","20분 교반",2026-05-14 10:47:00,2026-05-14 11:08:00,20,20,2026-05-18 00:00:00
"1","BOCFHW16","UX거품비누","W26050246W10","MX10002","워시믹서 2호","1-R004","유화 배합실","C03","M/M",2026-05-14 10:47:00,2026-05-14 12:08:00,"LCCUser","15분 교반",2026-05-14 11:52:00,2026-05-14 12:08:00,15,15,2026-05-18 00:00:00
"1","BOCFHW16","UX거품비누","W26050247W10","WS13004","워시믹서 용해조","1-R004","유화 배합실","C02","용해",2026-05-14 16:05:00,2026-05-14 17:18:00,"LCCUser","30분  교반 (완전 용해 확인)",2026-05-14 16:05:00,2026-05-14 17:18:00,30,30,2026-05-18 00:00:00
"1","BOCFHW16","UX거품비누","W26050247W10","MX10002","워시믹서 2호","1-R004","유화 배합실","C03","M/M",2026-05-14 16:34:00,2026-05-14 17:45:00,"LCCUser","5분 교반",2026-05-14 17:02:00,2026-05-14 17:07:00,5,5,2026-05-18 00:00:00
"1","BOCFHW16","UX거품비누","W26050247W10","MX10002","워시믹서 2호","1-R004","유화 배합실","C03","M/M",2026-05-14 16:34:00,2026-05-14 17:45:00,"LCCUser","10분 교반",2026-05-14 17:07:00,2026-05-14 17:19:00,10,10,2026-05-18 00:00:00
"1","BOCFHW16","UX거품비누","W26050247W10","MX10002","워시믹서 2호","1-R004","유화 배합실","C03","M/M",2026-05-14 16:34:00,2026-05-14 17:45:00,"LCCUser","20분 교반",2026-05-14 16:34:00,2026-05-14 17:02:00,20,20,2026-05-18 00:00:00
"1","BOCFHW16","UX거품비누","W26050247W10","MX10002","워시믹서 2호","1-R004","유화 배합실","C03","M/M",2026-05-14 16:34:00,2026-05-14 17:45:00,"LCCUser","15분 교반",2026-05-14 17:29:00,2026-05-14 17:45:00,15,15,2026-05-18 00:00:00
"1","BOCFHW16","UX거품비누","W26050247W10","MX10002","워시믹서 2호","1-R004","유화 배합실","C03","M/M",2026-05-14 16:34:00,2026-05-14 17:45:00,"LCCUser","10분 교반",2026-05-14 17:19:00,2026-05-14 17:29:00,10,10,2026-05-18 00:00:00
"3","BUV115373","VLC코코아","W26050248W10","LC20013","L/C 5호","3-R003","3공장 배합실","C03","M/M",2026-05-14 10:09:00,2026-05-14 12:17:00,"LCCUser","20분 교반",2026-05-14 11:54:00,2026-05-14 12:15:00,20,20,2026-05-15 00:00:00
"3","BUV115373","VLC코코아","W26050248W10","LC20013","L/C 5호","3-R003","3공장 배합실","C03","M/M",2026-05-14 10:09:00,2026-05-14 12:17:00,"LCCUser","20분 교반",2026-05-14 11:01:00,2026-05-14 11:24:00,20,20,2026-05-15 00:00:00
"3","BUV115373","VLC코코아","W26050248W10","LC20013","L/C 5호","3-R003","3공장 배합실","C03","M/M",2026-05-14 10:09:00,2026-05-14 12:17:00,"LCCUser","30분 교반",2026-05-14 10:27:00,2026-05-14 11:00:00,30,30,2026-05-15 00:00:00
"3","BUV115373","VLC코코아","W26050248W10","LC20013","L/C 5호","3-R003","3공장 배합실","C03","M/M",2026-05-14 10:09:00,2026-05-14 12:17:00,"LCCUser","20분 교반",2026-05-14 11:33:00,2026-05-14 11:54:00,20,20,2026-05-15 00:00:00
"3","BUV115370","VLC오리지날","W26050249W10","LC20012","L/C 2호","3-R003","3공장 배합실","C03","M/M",2026-05-14 09:15:00,2026-05-14 10:49:00,"LCCUser","20분 교반",2026-05-14 10:27:00,2026-05-14 10:49:00,20,20,2026-05-15 00:00:00
"3","BUV115370","VLC오리지날","W26050249W10","LC20012","L/C 2호","3-R003","3공장 배합실","C03","M/M",2026-05-14 09:15:00,2026-05-14 10:49:00,"LCCUser","30분 교반",2026-05-14 09:32:00,2026-05-14 10:03:00,30,30,2026-05-15 00:00:00
"3","BUV115370","VLC오리지날","W26050249W10","LC20012","L/C 2호","3-R003","3공장 배합실","C03","M/M",2026-05-14 09:15:00,2026-05-14 10:49:00,"LCCUser","20분 교반",2026-05-14 10:05:00,2026-05-14 10:26:00,20,20,2026-05-15 00:00:00
"4","BETBIG","TB가글(아이시,수출)","W26050250W10","DS40002","4공장 용해조 2호","4-R004","4공장 배합실","C02","용해",2026-05-14 09:29:00,2026-05-14 10:23:00,"LCCUser","45분 용해",2026-05-14 09:29:00,2026-05-14 10:20:00,45,50,2026-05-14 00:00:00
"4","BETBIG","TB가글(아이시,수출)","W26050250W10","SM20008","액상2호","4-R004","4공장 배합실","C03","M/M",2026-05-14 09:28:00,2026-05-14 11:27:00,"LCCUser","60분 교반",2026-05-14 10:27:00,2026-05-14 11:27:00,60,65,2026-05-14 00:00:00
"4","BETBIG","TB가글(아이시,수출)","W26050250W10","SM20008","액상2호","4-R004","4공장 배합실","C03","M/M",2026-05-14 09:28:00,2026-05-14 11:27:00,"LCCUser","15분 교반",2026-05-14 10:06:00,2026-05-14 10:23:00,15,20,2026-05-14 00:00:00
"4","BETBIG","TB가글(아이시,수출)","W26050250W10","SM20008","액상2호","4-R004","4공장 배합실","C03","M/M",2026-05-14 09:28:00,2026-05-14 11:27:00,"LCCUser","30분 교반",2026-05-14 09:28:00,2026-05-14 10:06:00,30,35,2026-05-14 00:00:00
"3","BUV115370","VLC오리지날","W26050264W10","LC20012","L/C 2호","3-R003","3공장 배합실","C03","M/M",2026-05-15 09:21:00,2026-05-15 11:01:00,"LCCUser","20분 교반",2026-05-15 10:16:00,2026-05-15 10:37:00,20,20,2026-05-18 00:00:00
"3","BUV115370","VLC오리지날","W26050264W10","LC20012","L/C 2호","3-R003","3공장 배합실","C03","M/M",2026-05-15 09:21:00,2026-05-15 11:01:00,"LCCUser","30분 교반",2026-05-15 09:39:00,2026-05-15 10:10:00,30,30,2026-05-18 00:00:00
"3","BUV115370","VLC오리지날","W26050264W10","LC20012","L/C 2호","3-R003","3공장 배합실","C03","M/M",2026-05-15 09:21:00,2026-05-15 11:01:00,"LCCUser","20분 교반",2026-05-15 10:40:00,2026-05-15 11:01:00,20,20,2026-05-18 00:00:00
"3","BUV115371","VLC로지","W26050265W10","LC20011","L/C 4호","3-R003","3공장 배합실","C03","M/M",2026-05-15 13:44:00,2026-05-15 16:05:00,"LCCUser","20분 교반",2026-05-15 15:01:00,2026-05-15 15:40:00,20,20,2026-05-18 00:00:00
"3","BUV115371","VLC로지","W26050265W10","LC20011","L/C 4호","3-R003","3공장 배합실","C03","M/M",2026-05-15 13:44:00,2026-05-15 16:05:00,"LCCUser","20분 교반",2026-05-15 14:32:00,2026-05-15 14:53:00,20,20,2026-05-18 00:00:00
"3","BUV115371","VLC로지","W26050265W10","LC20011","L/C 4호","3-R003","3공장 배합실","C03","M/M",2026-05-15 13:44:00,2026-05-15 16:05:00,"LCCUser","30분 교반",2026-05-15 14:00:00,2026-05-15 14:31:00,30,30,2026-05-18 00:00:00
"3","BUV115371","VLC로지","W26050265W10","LC20011","L/C 4호","3-R003","3공장 배합실","C03","M/M",2026-05-15 13:44:00,2026-05-15 16:05:00,"LCCUser","20분 교반",2026-05-15 15:44:00,2026-05-15 16:05:00,20,20,2026-05-18 00:00:00
"1","BUP13049","P 스파리무버(수상)","W26050272W10","BM10002","B/M 2호","1-R004","유화 배합실","C03","M/M",2026-05-15 11:07:00,2026-05-15 11:44:00,"LCCUser","5분 교반",2026-05-15 11:08:00,2026-05-15 11:13:27,5,5,2026-05-19 00:00:00
"1","BUP13049","P 스파리무버(수상)","W26050272W10","BM10002","B/M 2호","1-R004","유화 배합실","C03","M/M",2026-05-15 11:07:00,2026-05-15 11:44:00,"LCCUser","10분 교반",2026-05-15 11:13:36,2026-05-15 11:23:35,10,10,2026-05-18 00:00:00
"1","BUP13049","P 스파리무버(수상)","W26050272W10","BM10002","B/M 2호","1-R004","유화 배합실","C03","M/M",2026-05-15 11:07:00,2026-05-15 11:44:00,"LCCUser","20분 교반",2026-05-15 11:24:10,2026-05-15 11:44:10,20,20,2026-05-18 00:00:00
"1","BUP13049","P 스파리무버(수상)","W26050272W10","BM10002","B/M 2호","1-R004","유화 배합실","C03","M/M",2026-05-15 11:07:00,2026-05-15 11:44:00,"LCCUser","10분 교반",2026-05-15 11:13:36,2026-05-15 11:23:35,10,10,2026-05-19 00:00:00
"1","BUP13049","P 스파리무버(수상)","W26050272W10","BM10002","B/M 2호","1-R004","유화 배합실","C03","M/M",2026-05-15 11:07:00,2026-05-15 11:44:00,"LCCUser","20분 교반",2026-05-15 11:24:10,2026-05-15 11:44:10,20,20,2026-05-19 00:00:00
"1","BUP13049","P 스파리무버(수상)","W26050272W10","BM10002","B/M 2호","1-R004","유화 배합실","C03","M/M",2026-05-15 11:07:00,2026-05-15 11:44:00,"LCCUser","5분 교반",2026-05-15 11:08:00,2026-05-15 11:13:27,5,5,2026-05-18 00:00:00
"1","BUP13050","P 스파리무버(유상)","W26050273W10","BM10002","B/M 2호","1-R004","유화 배합실","C03","M/M",2026-05-15 09:26:00,2026-05-15 10:09:00,"LCCUser","20분 교반",2026-05-15 09:26:00,2026-05-15 09:44:00,20,20,2026-05-19 00:00:00
"1","BUP13050","P 스파리무버(유상)","W26050273W10","BM10002","B/M 2호","1-R004","유화 배합실","C03","M/M",2026-05-15 09:26:00,2026-05-15 10:09:00,"LCCUser","20분 교반",2026-05-15 09:48:40,2026-05-15 10:08:40,20,20,2026-05-18 00:00:00
"1","BUP13050","P 스파리무버(유상)","W26050273W10","BM10002","B/M 2호","1-R004","유화 배합실","C03","M/M",2026-05-15 09:26:00,2026-05-15 10:09:00,"LCCUser","20분 교반",2026-05-15 09:26:00,2026-05-15 09:44:00,20,20,2026-05-18 00:00:00
"1","BUP13050","P 스파리무버(유상)","W26050273W10","BM10002","B/M 2호","1-R004","유화 배합실","C03","M/M",2026-05-15 09:26:00,2026-05-15 10:09:00,"LCCUser","20분 교반",2026-05-15 09:48:40,2026-05-15 10:08:40,20,20,2026-05-19 00:00:00
"1","BUV64851418","V알로에로션(보이드)","W26050274W10","OL11007","유상 용해조 7호","1-R004","유화 배합실","C02","용해",2026-05-15 08:49:00,2026-05-15 11:11:00,"LCCUser","60분 교반",2026-05-15 09:38:00,2026-05-15 11:11:00,60,60,2026-05-19 00:00:00
"1","BUV64851418","V알로에로션(보이드)","W26050274W10","OL11007","유상 용해조 7호","1-R004","유화 배합실","C02","용해",2026-05-15 08:49:00,2026-05-15 11:11:00,"LCCUser","40분 교반",2026-05-15 08:49:00,2026-05-15 09:34:00,40,40,2026-05-19 00:00:00
"1","BUV64851418","V알로에로션(보이드)","W26050274W10","GX12005","검믹서 7호","1-R004","유화 배합실","C02","용해",2026-05-15 08:49:00,2026-05-15 11:11:00,"LCCUser","30분 교반",2026-05-15 08:49:00,2026-05-15 09:24:00,30,30,2026-05-19 00:00:00
"1","BUV64851418","V알로에로션(보이드)","W26050274W10","AQ10007","수상 용해조 7호","1-R004","유화 배합실","C02","용해",2026-05-15 08:49:00,2026-05-15 11:11:00,"LCCUser","20분 교반",2026-05-15 08:49:00,2026-05-15 09:18:00,20,20,2026-05-19 00:00:00
"1","BUV64851418","V알로에로션(보이드)","W26050274W10","AQ10007","수상 용해조 7호","1-R004","유화 배합실","C02","용해",2026-05-15 08:49:00,2026-05-15 11:11:00,"LCCUser","20분 교반",2026-05-15 09:18:00,2026-05-15 09:38:00,20,20,2026-05-19 00:00:00
"1","BUV64851418","V알로에로션(보이드)","W26050274W10","HM15005","H/M 5호","1-R004","유화 배합실","C03","M/M",2026-05-15 09:37:00,2026-05-15 11:25:00,"LCCUser","3분 교반",2026-05-15 11:10:35,2026-05-15 11:13:36,3,3,2026-05-19 00:00:00
"1","BUV64851418","V알로에로션(보이드)","W26050274W10","HM15005","H/M 5호","1-R004","유화 배합실","C03","M/M",2026-05-15 09:37:00,2026-05-15 11:25:00,"LCCUser","5분 교반",2026-05-15 09:58:22,2026-05-15 10:03:00,5,5,2026-05-19 00:00:00
"1","BUV64851418","V알로에로션(보이드)","W26050274W10","HM15005","H/M 5호","1-R004","유화 배합실","C03","M/M",2026-05-15 09:37:00,2026-05-15 11:25:00,"LCCUser","10분 교반",2026-05-15 09:46:08,2026-05-15 09:56:00,10,10,2026-05-19 00:00:00
"1","BUV64851418","V알로에로션(보이드)","W26050274W10","HM15005","H/M 5호","1-R004","유화 배합실","C03","M/M",2026-05-15 09:37:00,2026-05-15 11:25:00,"LCCUser","5분 교반",2026-05-15 09:38:00,2026-05-15 09:43:00,5,5,2026-05-19 00:00:00
"1","BUV64851418","V알로에로션(보이드)","W26050274W10","HM15005","H/M 5호","1-R004","유화 배합실","C03","M/M",2026-05-15 09:37:00,2026-05-15 11:25:00,"LCCUser","10분 교반",2026-05-15 10:52:21,2026-05-15 11:02:00,10,10,2026-05-19 00:00:00
"1","BAKHWS","랩신비누(센서)","W26050275W10","MX10001","워시믹서 1호","1-R004","유화 배합실","C03","M/M",2026-05-15 10:05:00,2026-05-15 11:19:00,"LCCUser","5분 교반",2026-05-15 10:55:13,2026-05-15 11:05:42,5,5,2026-05-20 00:00:00
"1","BAKHWS","랩신비누(센서)","W26050275W10","MX10001","워시믹서 1호","1-R004","유화 배합실","C03","M/M",2026-05-15 10:05:00,2026-05-15 11:19:00,"LCCUser","10분 교반",2026-05-15 11:05:53,2026-05-15 11:19:04,10,10,2026-05-20 00:00:00
"1","BAKHWS","랩신비누(센서)","W26050275W10","MX10001","워시믹서 1호","1-R004","유화 배합실","C03","M/M",2026-05-15 10:05:00,2026-05-15 11:19:00,"LCCUser","20분 교반",2026-05-15 10:05:00,2026-05-15 10:55:09,20,20,2026-05-20 00:00:00
"4","BTBIG","TB가글(아이시)","W26050276W10","DS40002","4공장 용해조 2호","4-R004","4공장 배합실","C02","용해",2026-05-15 09:05:00,2026-05-15 10:06:00,"LCCUser","60분 용해",2026-05-15 09:05:00,2026-05-15 10:06:00,60,65,2026-05-19 00:00:00
"4","BTBIG","TB가글(아이시)","W26050276W10","DS40002","4공장 용해조 2호","4-R004","4공장 배합실","C02","용해",2026-05-15 09:05:00,2026-05-15 10:06:00,"LCCUser","60분 용해",2026-05-15 09:05:00,2026-05-15 10:06:00,60,65,2026-05-18 00:00:00
"4","BTBIG","TB가글(아이시)","W26050276W10","DS40002","4공장 용해조 2호","4-R004","4공장 배합실","C02","용해",2026-05-15 09:05:00,2026-05-15 10:06:00,"LCCUser","60분 용해",2026-05-15 09:05:00,2026-05-15 10:06:00,60,65,2026-05-21 00:00:00
"4","BTBIG","TB가글(아이시)","W26050276W10","DS40002","4공장 용해조 2호","4-R004","4공장 배합실","C02","용해",2026-05-15 09:05:00,2026-05-15 10:06:00,"LCCUser","60분 용해",2026-05-15 09:05:00,2026-05-15 10:06:00,60,65,2026-05-20 00:00:00
"4","BTBIG","TB가글(아이시)","W26050276W10","SM20008","액상2호","4-R004","4공장 배합실","C03","M/M",2026-05-15 09:43:00,2026-05-15 10:47:00,"LCCUser","40분 교반",2026-05-15 10:07:00,2026-05-15 10:47:00,40,45,2026-05-20 00:00:00
"4","BTBIG","TB가글(아이시)","W26050276W10","SM20008","액상2호","4-R004","4공장 배합실","C03","M/M",2026-05-15 09:43:00,2026-05-15 10:47:00,"LCCUser","20분 교반",2026-05-15 09:44:00,2026-05-15 10:06:00,20,25,2026-05-20 00:00:00
"4","BTBIG","TB가글(아이시)","W26050276W10","SM20008","액상2호","4-R004","4공장 배합실","C03","M/M",2026-05-15 09:43:00,2026-05-15 10:47:00,"LCCUser","40분 교반",2026-05-15 10:07:00,2026-05-15 10:47:00,40,45,2026-05-21 00:00:00
"4","BTBIG","TB가글(아이시)","W26050276W10","SM20008","액상2호","4-R004","4공장 배합실","C03","M/M",2026-05-15 09:43:00,2026-05-15 10:47:00,"LCCUser","20분 교반",2026-05-15 09:44:00,2026-05-15 10:06:00,20,25,2026-05-21 00:00:00
"4","BTBIG","TB가글(아이시)","W26050276W10","SM20008","액상2호","4-R004","4공장 배합실","C03","M/M",2026-05-15 09:43:00,2026-05-15 10:47:00,"LCCUser","40분 교반",2026-05-15 10:07:00,2026-05-15 10:47:00,40,45,2026-05-18 00:00:00
"4","BTBIG","TB가글(아이시)","W26050276W10","SM20008","액상2호","4-R004","4공장 배합실","C03","M/M",2026-05-15 09:43:00,2026-05-15 10:47:00,"LCCUser","20분 교반",2026-05-15 09:44:00,2026-05-15 10:06:00,20,25,2026-05-18 00:00:00
"4","BTBIG","TB가글(아이시)","W26050276W10","SM20008","액상2호","4-R004","4공장 배합실","C03","M/M",2026-05-15 09:43:00,2026-05-15 10:47:00,"LCCUser","40분 교반",2026-05-15 10:07:00,2026-05-15 10:47:00,40,45,2026-05-19 00:00:00
"4","BTBIG","TB가글(아이시)","W26050276W10","SM20008","액상2호","4-R004","4공장 배합실","C03","M/M",2026-05-15 09:43:00,2026-05-15 10:47:00,"LCCUser","20분 교반",2026-05-15 09:44:00,2026-05-15 10:06:00,20,25,2026-05-19 00:00:00
"4","BKMHSB14","3M손소독제","W26050277W10","DS40001","4공장 용해조 1호","4-R004","4공장 배합실","C02","용해",2026-05-15 08:52:00,2026-05-15 10:08:00,"LCCUser","10분 용해",2026-05-15 08:52:00,2026-05-15 09:04:00,10,15,2026-05-18 00:00:00
"4","BKMHSB14","3M손소독제","W26050277W10","DS40001","4공장 용해조 1호","4-R004","4공장 배합실","C02","용해",2026-05-15 08:52:00,2026-05-15 10:08:00,"LCCUser","30분 용해",2026-05-15 09:05:00,2026-05-15 09:35:00,30,35,2026-05-18 00:00:00
"4","BKMHSB14","3M손소독제","W26050277W10","DS40001","4공장 용해조 1호","4-R004","4공장 배합실","C02","용해",2026-05-15 08:52:00,2026-05-15 10:08:00,"LCCUser","30분 용해",2026-05-15 09:38:00,2026-05-15 10:08:00,30,35,2026-05-18 00:00:00
"4","BKMHSB14","3M손소독제","W26050277W10","SM20007","액상1호","4-R004","4공장 배합실","C03","M/M",2026-05-15 09:38:00,2026-05-15 11:02:00,"LCCUser","10분 교반",2026-05-15 10:10:00,2026-05-15 10:20:00,10,15,2026-05-18 00:00:00
"4","BKMHSB14","3M손소독제","W26050277W10","SM20007","액상1호","4-R004","4공장 배합실","C03","M/M",2026-05-15 09:38:00,2026-05-15 11:02:00,"LCCUser","20분 진공 탈포",2026-05-15 10:41:00,2026-05-15 11:02:00,20,25,2026-05-18 00:00:00
"4","BKMHSB14","3M손소독제","W26050277W10","SM20007","액상1호","4-R004","4공장 배합실","C03","M/M",2026-05-15 09:38:00,2026-05-15 11:02:00,"LCCUser","20분 교반",2026-05-15 10:20:00,2026-05-15 10:41:00,20,25,2026-05-18 00:00:00
"4","BKMHSB14","3M손소독제","W26050277W10","SM20007","액상1호","4-R004","4공장 배합실","C03","M/M",2026-05-15 09:38:00,2026-05-15 11:02:00,"LCCUser","10분 교반",2026-05-15 09:38:00,2026-05-15 10:08:00,10,15,2026-05-18 00:00:00
"4","BKMHSB14","3M손소독제","W26050278W10","DS40001","4공장 용해조 1호","4-R004","4공장 배합실","C02","용해",2026-05-15 12:02:00,2026-05-15 13:19:00,"LCCUser","30분 용해",2026-05-15 12:12:00,2026-05-15 12:42:00,30,35,2026-05-18 00:00:00
"4","BKMHSB14","3M손소독제","W26050278W10","DS40001","4공장 용해조 1호","4-R004","4공장 배합실","C02","용해",2026-05-15 12:02:00,2026-05-15 13:19:00,"LCCUser","10분 용해",2026-05-15 12:02:00,2026-05-15 12:12:00,10,15,2026-05-18 00:00:00
"4","BKMHSB14","3M손소독제","W26050278W10","DS40001","4공장 용해조 1호","4-R004","4공장 배합실","C02","용해",2026-05-15 12:02:00,2026-05-15 13:19:00,"LCCUser","30분 용해",2026-05-15 12:44:00,2026-05-15 13:19:00,30,35,2026-05-18 00:00:00
"4","BKMHSB14","3M손소독제","W26050278W10","SM20007","액상1호","4-R004","4공장 배합실","C03","M/M",2026-05-15 12:41:00,2026-05-15 14:11:00,"LCCUser","20분 교반",2026-05-15 13:31:00,2026-05-15 13:51:00,20,25,2026-05-18 00:00:00
"4","BKMHSB14","3M손소독제","W26050278W10","SM20007","액상1호","4-R004","4공장 배합실","C03","M/M",2026-05-15 12:41:00,2026-05-15 14:11:00,"LCCUser","10분 교반",2026-05-15 13:21:00,2026-05-15 13:31:00,10,15,2026-05-18 00:00:00
"4","BKMHSB14","3M손소독제","W26050278W10","SM20007","액상1호","4-R004","4공장 배합실","C03","M/M",2026-05-15 12:41:00,2026-05-15 14:11:00,"LCCUser","10분 교반",2026-05-15 12:44:00,2026-05-15 13:19:00,10,15,2026-05-18 00:00:00
"4","BKMHSB14","3M손소독제","W26050278W10","SM20007","액상1호","4-R004","4공장 배합실","C03","M/M",2026-05-15 12:41:00,2026-05-15 14:11:00,"LCCUser","20분 진공 탈포",2026-05-15 13:51:00,2026-05-15 14:11:00,20,25,2026-05-18 00:00:00
"4","BHPG19","프로HK가글","W26050279W10","DS40004","4공장 용해조 4호","4-R004","4공장 배합실","C02","용해",2026-05-15 09:39:00,2026-05-15 10:41:00,"LCCUser","20분 용해",2026-05-15 10:21:00,2026-05-15 10:41:00,20,25,2026-05-18 00:00:00
"4","BHPG19","프로HK가글","W26050279W10","DS40004","4공장 용해조 4호","4-R004","4공장 배합실","C02","용해",2026-05-15 09:39:00,2026-05-15 10:41:00,"LCCUser","40분 용해",2026-05-15 09:40:00,2026-05-15 10:21:00,40,45,2026-05-18 00:00:00
"4","BHPG19","프로HK가글","W26050279W10","SM20010","액상4호","4-R004","4공장 배합실","C03","M/M",2026-05-15 10:23:00,2026-05-15 11:02:00,"LCCUser","20분 교반",2026-05-15 10:42:00,2026-05-15 11:02:00,20,25,2026-05-18 00:00:00
"4","BHPG19","프로HK가글","W26050279W10","SM20010","액상4호","4-R004","4공장 배합실","C03","M/M",2026-05-15 10:23:00,2026-05-15 11:02:00,"LCCUser","10분 교반",2026-05-15 10:26:00,2026-05-15 10:42:00,10,15,2026-05-18 00:00:00
"4","BHPG19","프로HK가글","W26050280W10","DS40004","4공장 용해조 4호","4-R004","4공장 배합실","C02","용해",2026-05-15 14:50:00,2026-05-15 15:50:00,"LCCUser","20분 용해",2026-05-15 15:30:00,2026-05-15 15:50:00,20,25,2026-05-19 00:00:00
"4","BHPG19","프로HK가글","W26050280W10","DS40004","4공장 용해조 4호","4-R004","4공장 배합실","C02","용해",2026-05-15 14:50:00,2026-05-15 15:50:00,"LCCUser","40분 용해",2026-05-15 14:50:00,2026-05-15 15:30:00,40,45,2026-05-18 00:00:00
"4","BHPG19","프로HK가글","W26050280W10","DS40004","4공장 용해조 4호","4-R004","4공장 배합실","C02","용해",2026-05-15 14:50:00,2026-05-15 15:50:00,"LCCUser","20분 용해",2026-05-15 15:30:00,2026-05-15 15:50:00,20,25,2026-05-18 00:00:00
"4","BHPG19","프로HK가글","W26050280W10","DS40004","4공장 용해조 4호","4-R004","4공장 배합실","C02","용해",2026-05-15 14:50:00,2026-05-15 15:50:00,"LCCUser","40분 용해",2026-05-15 14:50:00,2026-05-15 15:30:00,40,45,2026-05-19 00:00:00
"4","BHPG19","프로HK가글","W26050280W10","SM20010","액상4호","4-R004","4공장 배합실","C03","M/M",2026-05-15 15:22:00,2026-05-15 16:15:00,"LCCUser","10분 교반",2026-05-15 15:34:00,2026-05-15 15:51:00,10,15,2026-05-18 00:00:00
"4","BHPG19","프로HK가글","W26050280W10","SM20010","액상4호","4-R004","4공장 배합실","C03","M/M",2026-05-15 15:22:00,2026-05-15 16:15:00,"LCCUser","20분 교반",2026-05-15 15:51:00,2026-05-15 16:15:00,20,25,2026-05-18 00:00:00
"4","BHPG19","프로HK가글","W26050280W10","SM20010","액상4호","4-R004","4공장 배합실","C03","M/M",2026-05-15 15:22:00,2026-05-15 16:15:00,"LCCUser","10분 교반",2026-05-15 15:34:00,2026-05-15 15:51:00,10,15,2026-05-19 00:00:00
"4","BHPG19","프로HK가글","W26050280W10","SM20010","액상4호","4-R004","4공장 배합실","C03","M/M",2026-05-15 15:22:00,2026-05-15 16:15:00,"LCCUser","20분 교반",2026-05-15 15:51:00,2026-05-15 16:15:00,20,25,2026-05-19 00:00:00
"5","BETBIG","TB가글(아이시,수출)","W26050281W10","DS50003","5공장 용해조 3호","5-R003","5공장 가글 배합실","C02","용해",2026-05-15 10:41:00,2026-05-15 11:31:00,"LCCUser","45분 용해",2026-05-15 10:42:00,2026-05-15 11:31:00,45,50,2026-05-21 00:00:00
"5","BETBIG","TB가글(아이시,수출)","W26050281W10","DS50003","5공장 용해조 3호","5-R003","5공장 가글 배합실","C02","용해",2026-05-15 10:41:00,2026-05-15 11:31:00,"LCCUser","45분 용해",2026-05-15 10:42:00,2026-05-15 11:31:00,45,50,2026-05-21 00:00:00
"5","BETBIG","TB가글(아이시,수출)","W26050281W10","DS50003","5공장 용해조 3호","5-R003","5공장 가글 배합실","C02","용해",2026-05-15 10:41:00,2026-05-15 11:31:00,"LCCUser","45분 용해",2026-05-15 10:42:00,2026-05-15 11:31:00,45,50,2026-05-18 00:00:00
"5","BETBIG","TB가글(아이시,수출)","W26050281W10","DS50003","5공장 용해조 3호","5-R003","5공장 가글 배합실","C02","용해",2026-05-15 10:41:00,2026-05-15 11:31:00,"LCCUser","45분 용해",2026-05-15 10:42:00,2026-05-15 11:31:00,45,50,2026-05-19 00:00:00
"5","BETBIG","TB가글(아이시,수출)","W26050281W10","DS50003","5공장 용해조 3호","5-R003","5공장 가글 배합실","C02","용해",2026-05-15 10:41:00,2026-05-15 11:31:00,"LCCUser","45분 용해",2026-05-15 10:42:00,2026-05-15 11:31:00,45,50,2026-05-19 00:00:00
"5","BETBIG","TB가글(아이시,수출)","W26050281W10","DS50003","5공장 용해조 3호","5-R003","5공장 가글 배합실","C02","용해",2026-05-15 10:41:00,2026-05-15 11:31:00,"LCCUser","45분 용해",2026-05-15 10:42:00,2026-05-15 11:31:00,45,50,2026-05-19 00:00:00
"5","BETBIG","TB가글(아이시,수출)","W26050281W10","DS50003","5공장 용해조 3호","5-R003","5공장 가글 배합실","C02","용해",2026-05-15 10:41:00,2026-05-15 11:31:00,"LCCUser","45분 용해",2026-05-15 10:42:00,2026-05-15 11:31:00,45,50,2026-05-20 00:00:00
"5","BETBIG","TB가글(아이시,수출)","W26050281W10","DS50003","5공장 용해조 3호","5-R003","5공장 가글 배합실","C02","용해",2026-05-15 10:41:00,2026-05-15 11:31:00,"LCCUser","45분 용해",2026-05-15 10:42:00,2026-05-15 11:31:00,45,50,2026-05-22 00:00:00
"5","BETBIG","TB가글(아이시,수출)","W26050281W10","DS50003","5공장 용해조 3호","5-R003","5공장 가글 배합실","C02","용해",2026-05-15 10:41:00,2026-05-15 11:31:00,"LCCUser","45분 용해",2026-05-15 10:42:00,2026-05-15 11:31:00,45,50,2026-05-20 00:00:00
"5","BETBIG","TB가글(아이시,수출)","W26050281W10","DS50003","5공장 용해조 3호","5-R003","5공장 가글 배합실","C02","용해",2026-05-15 10:41:00,2026-05-15 11:31:00,"LCCUser","45분 용해",2026-05-15 10:42:00,2026-05-15 11:31:00,45,50,2026-05-22 00:00:00
"5","BETBIG","TB가글(아이시,수출)","W26050281W10","5M00003","제조 3호","5-R003","5공장 가글 배합실","C03","M/M",2026-05-15 10:42:00,2026-05-15 13:30:00,"LCCUser","30분 교반",2026-05-15 10:42:00,2026-05-15 11:24:00,30,35,2026-05-19 00:00:00
"5","BETBIG","TB가글(아이시,수출)","W26050281W10","5M00003","제조 3호","5-R003","5공장 가글 배합실","C03","M/M",2026-05-15 10:42:00,2026-05-15 13:30:00,"LCCUser","60분 교반",2026-05-15 11:41:00,2026-05-15 13:26:00,60,65,2026-05-22 00:00:00
"5","BETBIG","TB가글(아이시,수출)","W26050281W10","5M00003","제조 3호","5-R003","5공장 가글 배합실","C03","M/M",2026-05-15 10:42:00,2026-05-15 13:30:00,"LCCUser","15분 교반",2026-05-15 11:24:00,2026-05-15 11:41:00,15,20,2026-05-22 00:00:00
"5","BETBIG","TB가글(아이시,수출)","W26050281W10","5M00003","제조 3호","5-R003","5공장 가글 배합실","C03","M/M",2026-05-15 10:42:00,2026-05-15 13:30:00,"LCCUser","30분 교반",2026-05-15 10:42:00,2026-05-15 11:24:00,30,35,2026-05-22 00:00:00
"5","BETBIG","TB가글(아이시,수출)","W26050281W10","5M00003","제조 3호","5-R003","5공장 가글 배합실","C03","M/M",2026-05-15 10:42:00,2026-05-15 13:30:00,"LCCUser","60분 교반",2026-05-15 11:41:00,2026-05-15 13:26:00,60,65,2026-05-22 00:00:00
"5","BETBIG","TB가글(아이시,수출)","W26050281W10","5M00003","제조 3호","5-R003","5공장 가글 배합실","C03","M/M",2026-05-15 10:42:00,2026-05-15 13:30:00,"LCCUser","15분 교반",2026-05-15 11:24:00,2026-05-15 11:41:00,15,20,2026-05-22 00:00:00
"5","BETBIG","TB가글(아이시,수출)","W26050281W10","5M00003","제조 3호","5-R003","5공장 가글 배합실","C03","M/M",2026-05-15 10:42:00,2026-05-15 13:30:00,"LCCUser","30분 교반",2026-05-15 10:42:00,2026-05-15 11:24:00,30,35,2026-05-22 00:00:00
"5","BETBIG","TB가글(아이시,수출)","W26050281W10","5M00003","제조 3호","5-R003","5공장 가글 배합실","C03","M/M",2026-05-15 10:42:00,2026-05-15 13:30:00,"LCCUser","60분 교반",2026-05-15 11:41:00,2026-05-15 13:26:00,60,65,2026-05-20 00:00:00
"5","BETBIG","TB가글(아이시,수출)","W26050281W10","5M00003","제조 3호","5-R003","5공장 가글 배합실","C03","M/M",2026-05-15 10:42:00,2026-05-15 13:30:00,"LCCUser","30분 교반",2026-05-15 10:42:00,2026-05-15 11:24:00,30,35,2026-05-19 00:00:00
"5","BETBIG","TB가글(아이시,수출)","W26050281W10","5M00003","제조 3호","5-R003","5공장 가글 배합실","C03","M/M",2026-05-15 10:42:00,2026-05-15 13:30:00,"LCCUser","15분 교반",2026-05-15 11:24:00,2026-05-15 11:41:00,15,20,2026-05-19 00:00:00
"5","BETBIG","TB가글(아이시,수출)","W26050281W10","5M00003","제조 3호","5-R003","5공장 가글 배합실","C03","M/M",2026-05-15 10:42:00,2026-05-15 13:30:00,"LCCUser","60분 교반",2026-05-15 11:41:00,2026-05-15 13:26:00,60,65,2026-05-19 00:00:00
"5","BETBIG","TB가글(아이시,수출)","W26050281W10","5M00003","제조 3호","5-R003","5공장 가글 배합실","C03","M/M",2026-05-15 10:42:00,2026-05-15 13:30:00,"LCCUser","30분 교반",2026-05-15 10:42:00,2026-05-15 11:24:00,30,35,2026-05-19 00:00:00
"5","BETBIG","TB가글(아이시,수출)","W26050281W10","5M00003","제조 3호","5-R003","5공장 가글 배합실","C03","M/M",2026-05-15 10:42:00,2026-05-15 13:30:00,"LCCUser","15분 교반",2026-05-15 11:24:00,2026-05-15 11:41:00,15,20,2026-05-19 00:00:00
"5","BETBIG","TB가글(아이시,수출)","W26050281W10","5M00003","제조 3호","5-R003","5공장 가글 배합실","C03","M/M",2026-05-15 10:42:00,2026-05-15 13:30:00,"LCCUser","60분 교반",2026-05-15 11:41:00,2026-05-15 13:26:00,60,65,2026-05-19 00:00:00
"5","BETBIG","TB가글(아이시,수출)","W26050281W10","5M00003","제조 3호","5-R003","5공장 가글 배합실","C03","M/M",2026-05-15 10:42:00,2026-05-15 13:30:00,"LCCUser","15분 교반",2026-05-15 11:24:00,2026-05-15 11:41:00,15,20,2026-05-19 00:00:00
"5","BETBIG","TB가글(아이시,수출)","W26050281W10","5M00003","제조 3호","5-R003","5공장 가글 배합실","C03","M/M",2026-05-15 10:42:00,2026-05-15 13:30:00,"LCCUser","60분 교반",2026-05-15 11:41:00,2026-05-15 13:26:00,60,65,2026-05-19 00:00:00
"5","BETBIG","TB가글(아이시,수출)","W26050281W10","5M00003","제조 3호","5-R003","5공장 가글 배합실","C03","M/M",2026-05-15 10:42:00,2026-05-15 13:30:00,"LCCUser","30분 교반",2026-05-15 10:42:00,2026-05-15 11:24:00,30,35,2026-05-18 00:00:00
"5","BETBIG","TB가글(아이시,수출)","W26050281W10","5M00003","제조 3호","5-R003","5공장 가글 배합실","C03","M/M",2026-05-15 10:42:00,2026-05-15 13:30:00,"LCCUser","15분 교반",2026-05-15 11:24:00,2026-05-15 11:41:00,15,20,2026-05-18 00:00:00
"5","BETBIG","TB가글(아이시,수출)","W26050281W10","5M00003","제조 3호","5-R003","5공장 가글 배합실","C03","M/M",2026-05-15 10:42:00,2026-05-15 13:30:00,"LCCUser","60분 교반",2026-05-15 11:41:00,2026-05-15 13:26:00,60,65,2026-05-18 00:00:00
"5","BETBIG","TB가글(아이시,수출)","W26050281W10","5M00003","제조 3호","5-R003","5공장 가글 배합실","C03","M/M",2026-05-15 10:42:00,2026-05-15 13:30:00,"LCCUser","30분 교반",2026-05-15 10:42:00,2026-05-15 11:24:00,30,35,2026-05-21 00:00:00
"5","BETBIG","TB가글(아이시,수출)","W26050281W10","5M00003","제조 3호","5-R003","5공장 가글 배합실","C03","M/M",2026-05-15 10:42:00,2026-05-15 13:30:00,"LCCUser","15분 교반",2026-05-15 11:24:00,2026-05-15 11:41:00,15,20,2026-05-21 00:00:00
"5","BETBIG","TB가글(아이시,수출)","W26050281W10","5M00003","제조 3호","5-R003","5공장 가글 배합실","C03","M/M",2026-05-15 10:42:00,2026-05-15 13:30:00,"LCCUser","60분 교반",2026-05-15 11:41:00,2026-05-15 13:26:00,60,65,2026-05-21 00:00:00
"5","BETBIG","TB가글(아이시,수출)","W26050281W10","5M00003","제조 3호","5-R003","5공장 가글 배합실","C03","M/M",2026-05-15 10:42:00,2026-05-15 13:30:00,"LCCUser","30분 교반",2026-05-15 10:42:00,2026-05-15 11:24:00,30,35,2026-05-21 00:00:00
"5","BETBIG","TB가글(아이시,수출)","W26050281W10","5M00003","제조 3호","5-R003","5공장 가글 배합실","C03","M/M",2026-05-15 10:42:00,2026-05-15 13:30:00,"LCCUser","15분 교반",2026-05-15 11:24:00,2026-05-15 11:41:00,15,20,2026-05-21 00:00:00
"5","BETBIG","TB가글(아이시,수출)","W26050281W10","5M00003","제조 3호","5-R003","5공장 가글 배합실","C03","M/M",2026-05-15 10:42:00,2026-05-15 13:30:00,"LCCUser","60분 교반",2026-05-15 11:41:00,2026-05-15 13:26:00,60,65,2026-05-21 00:00:00
"5","BETBIG","TB가글(아이시,수출)","W26050281W10","5M00003","제조 3호","5-R003","5공장 가글 배합실","C03","M/M",2026-05-15 10:42:00,2026-05-15 13:30:00,"LCCUser","30분 교반",2026-05-15 10:42:00,2026-05-15 11:24:00,30,35,2026-05-20 00:00:00
"5","BETBIG","TB가글(아이시,수출)","W26050281W10","5M00003","제조 3호","5-R003","5공장 가글 배합실","C03","M/M",2026-05-15 10:42:00,2026-05-15 13:30:00,"LCCUser","15분 교반",2026-05-15 11:24:00,2026-05-15 11:41:00,15,20,2026-05-20 00:00:00
"5","BETBIG","TB가글(아이시,수출)","W26050281W10","5M00003","제조 3호","5-R003","5공장 가글 배합실","C03","M/M",2026-05-15 10:42:00,2026-05-15 13:30:00,"LCCUser","60분 교반",2026-05-15 11:41:00,2026-05-15 13:26:00,60,65,2026-05-20 00:00:00
"5","BETBIG","TB가글(아이시,수출)","W26050281W10","5M00003","제조 3호","5-R003","5공장 가글 배합실","C03","M/M",2026-05-15 10:42:00,2026-05-15 13:30:00,"LCCUser","30분 교반",2026-05-15 10:42:00,2026-05-15 11:24:00,30,35,2026-05-20 00:00:00
"5","BETBIG","TB가글(아이시,수출)","W26050281W10","5M00003","제조 3호","5-R003","5공장 가글 배합실","C03","M/M",2026-05-15 10:42:00,2026-05-15 13:30:00,"LCCUser","15분 교반",2026-05-15 11:24:00,2026-05-15 11:41:00,15,20,2026-05-20 00:00:00
"5","BETBMG","TB가글(마일드,수출)","W26050282W10","DS50003","5공장 용해조 3호","5-R003","5공장 가글 배합실","C02","용해",2026-05-15 08:56:00,2026-05-15 09:33:00,"LCCUser","premixing 30분 용해",2026-05-15 08:56:00,2026-05-15 09:33:00,30,35,2026-05-18 00:00:00
"5","BETBMG","TB가글(마일드,수출)","W26050282W10","5M00004","제조 4호","5-R003","5공장 가글 배합실","C03","M/M",2026-05-15 08:57:00,2026-05-15 10:53:00,"LCCUser","60분 교반",2026-05-15 09:51:00,2026-05-15 10:53:00,60,65,2026-05-18 00:00:00
"5","BETBMG","TB가글(마일드,수출)","W26050282W10","5M00004","제조 4호","5-R003","5공장 가글 배합실","C03","M/M",2026-05-15 08:57:00,2026-05-15 10:53:00,"LCCUser","15분 교반",2026-05-15 09:33:00,2026-05-15 09:51:00,15,20,2026-05-18 00:00:00
"5","BETBMG","TB가글(마일드,수출)","W26050282W10","5M00004","제조 4호","5-R003","5공장 가글 배합실","C03","M/M",2026-05-15 08:57:00,2026-05-15 10:53:00,"LCCUser","30분 교반",2026-05-15 08:57:00,2026-05-15 09:33:00,30,35,2026-05-18 00:00:00
"5","BETBMG","TB가글(마일드,수출)","W26050283W10","DS50003","5공장 용해조 3호","5-R003","5공장 가글 배합실","C02","용해",2026-05-15 10:56:00,2026-05-15 14:04:00,"LCCUser","premixing 30분 용해",2026-05-15 13:32:00,2026-05-15 14:04:00,30,35,2026-05-18 00:00:00
"5","BETBMG","TB가글(마일드,수출)","W26050283W10","5M00004","제조 4호","5-R003","5공장 가글 배합실","C03","M/M",2026-05-15 13:32:00,2026-05-15 15:46:00,"LCCUser","30분 교반",2026-05-15 13:32:00,2026-05-15 14:04:00,30,35,2026-05-18 00:00:00
"5","BETBMG","TB가글(마일드,수출)","W26050283W10","5M00004","제조 4호","5-R003","5공장 가글 배합실","C03","M/M",2026-05-15 13:32:00,2026-05-15 15:46:00,"LCCUser","15분 교반",2026-05-15 14:04:00,2026-05-15 14:19:00,15,20,2026-05-18 00:00:00
"5","BETBMG","TB가글(마일드,수출)","W26050283W10","5M00004","제조 4호","5-R003","5공장 가글 배합실","C03","M/M",2026-05-15 13:32:00,2026-05-15 15:46:00,"LCCUser","60분 교반",2026-05-15 14:19:00,2026-05-15 15:46:00,60,65,2026-05-18 00:00:00
"3","BVLC64392502","VLC메리체리","W26050284W10","LC20011","L/C 4호","3-R003","3공장 배합실","C03","M/M",2026-05-15 09:28:00,2026-05-15 11:51:00,"LCCUser","20분 교반",2026-05-15 10:40:00,2026-05-15 11:01:00,20,20,2026-05-18 00:00:00
"3","BVLC64392502","VLC메리체리","W26050284W10","LC20011","L/C 4호","3-R003","3공장 배합실","C03","M/M",2026-05-15 09:28:00,2026-05-15 11:51:00,"LCCUser","20분 교반",2026-05-15 11:27:00,2026-05-15 11:51:00,20,20,2026-05-18 00:00:00
"3","BVLC64392502","VLC메리체리","W26050284W10","LC20011","L/C 4호","3-R003","3공장 배합실","C03","M/M",2026-05-15 09:28:00,2026-05-15 11:51:00,"LCCUser","30분 교반",2026-05-15 09:39:00,2026-05-15 10:10:00,30,30,2026-05-19 00:00:00
"3","BVLC64392502","VLC메리체리","W26050284W10","LC20011","L/C 4호","3-R003","3공장 배합실","C03","M/M",2026-05-15 09:28:00,2026-05-15 11:51:00,"LCCUser","20분 교반",2026-05-15 10:17:00,2026-05-15 10:40:00,20,20,2026-05-19 00:00:00
"3","BVLC64392502","VLC메리체리","W26050284W10","LC20011","L/C 4호","3-R003","3공장 배합실","C03","M/M",2026-05-15 09:28:00,2026-05-15 11:51:00,"LCCUser","20분 교반",2026-05-15 10:40:00,2026-05-15 11:01:00,20,20,2026-05-19 00:00:00
"3","BVLC64392502","VLC메리체리","W26050284W10","LC20011","L/C 4호","3-R003","3공장 배합실","C03","M/M",2026-05-15 09:28:00,2026-05-15 11:51:00,"LCCUser","20분 교반",2026-05-15 11:27:00,2026-05-15 11:51:00,20,20,2026-05-19 00:00:00
"3","BVLC64392502","VLC메리체리","W26050284W10","LC20011","L/C 4호","3-R003","3공장 배합실","C03","M/M",2026-05-15 09:28:00,2026-05-15 11:51:00,"LCCUser","30분 교반",2026-05-15 09:39:00,2026-05-15 10:10:00,30,30,2026-05-18 00:00:00
"3","BVLC64392502","VLC메리체리","W26050284W10","LC20011","L/C 4호","3-R003","3공장 배합실","C03","M/M",2026-05-15 09:28:00,2026-05-15 11:51:00,"LCCUser","20분 교반",2026-05-15 10:17:00,2026-05-15 10:40:00,20,20,2026-05-18 00:00:00
"3","BUV68654738","VLC민트","W26050285W10","LC20012","L/C 2호","3-R003","3공장 배합실","C03","M/M",2026-05-15 15:33:00,2026-05-15 17:04:00,"LCCUser","30분 교반",2026-05-15 15:43:00,2026-05-15 16:14:00,30,30,2026-05-18 00:00:00
"3","BUV68654738","VLC민트","W26050285W10","LC20012","L/C 2호","3-R003","3공장 배합실","C03","M/M",2026-05-15 15:33:00,2026-05-15 17:04:00,"LCCUser","20분 교반",2026-05-15 16:16:00,2026-05-15 16:38:00,20,20,2026-05-18 00:00:00
"3","BUV68654738","VLC민트","W26050285W10","LC20012","L/C 2호","3-R003","3공장 배합실","C03","M/M",2026-05-15 15:33:00,2026-05-15 17:04:00,"LCCUser","20분 교반",2026-05-15 16:43:00,2026-05-15 17:04:00,20,20,2026-05-19 00:00:00
"3","BUV68654738","VLC민트","W26050285W10","LC20012","L/C 2호","3-R003","3공장 배합실","C03","M/M",2026-05-15 15:33:00,2026-05-15 17:04:00,"LCCUser","20분 교반",2026-05-15 16:16:00,2026-05-15 16:38:00,20,20,2026-05-19 00:00:00
"3","BUV68654738","VLC민트","W26050285W10","LC20012","L/C 2호","3-R003","3공장 배합실","C03","M/M",2026-05-15 15:33:00,2026-05-15 17:04:00,"LCCUser","30분 교반",2026-05-15 15:43:00,2026-05-15 16:14:00,30,30,2026-05-19 00:00:00
"3","BUV68654738","VLC민트","W26050285W10","LC20012","L/C 2호","3-R003","3공장 배합실","C03","M/M",2026-05-15 15:33:00,2026-05-15 17:04:00,"LCCUser","20분 교반",2026-05-15 16:43:00,2026-05-15 17:04:00,20,20,2026-05-18 00:00:00
"3","BUV115372","VLC알로에","W26050286W10","LC50009","L/C 1호","3-R003","3공장 배합실","C03","M/M",2026-05-18 13:29:00,2026-05-18 16:11:00,"LCCUser","30분 교반",2026-05-18 13:56:00,2026-05-18 14:27:00,30,30,2026-05-19 00:00:00
"3","BUV115372","VLC알로에","W26050286W10","LC50009","L/C 1호","3-R003","3공장 배합실","C03","M/M",2026-05-18 13:29:00,2026-05-18 16:11:00,"LCCUser","20분 교반",2026-05-18 15:01:00,2026-05-18 15:32:00,20,20,2026-05-19 00:00:00
"3","BUV115372","VLC알로에","W26050286W10","LC50009","L/C 1호","3-R003","3공장 배합실","C03","M/M",2026-05-18 13:29:00,2026-05-18 16:11:00,"LCCUser","20분 교반",2026-05-18 15:49:00,2026-05-18 16:11:00,20,20,2026-05-19 00:00:00
"3","BUV115372","VLC알로에","W26050286W10","LC50009","L/C 1호","3-R003","3공장 배합실","C03","M/M",2026-05-18 13:29:00,2026-05-18 16:11:00,"LCCUser","20분 교반",2026-05-18 14:29:00,2026-05-18 14:50:00,20,20,2026-05-19 00:00:00
"3","BUV68654738","VLC민트","W26050287W10","LC20012","L/C 2호","3-R003","3공장 배합실","C03","M/M",2026-05-18 14:39:00,2026-05-18 16:11:00,"LCCUser","30분 교반",2026-05-18 14:54:00,2026-05-18 15:25:00,30,30,2026-05-20 00:00:00
"3","BUV68654738","VLC민트","W26050287W10","LC20012","L/C 2호","3-R003","3공장 배합실","C03","M/M",2026-05-18 14:39:00,2026-05-18 16:11:00,"LCCUser","20분 교반",2026-05-18 15:49:00,2026-05-18 16:11:00,20,20,2026-05-20 00:00:00
"3","BUV68654738","VLC민트","W26050287W10","LC20012","L/C 2호","3-R003","3공장 배합실","C03","M/M",2026-05-18 14:39:00,2026-05-18 16:11:00,"LCCUser","30분 교반",2026-05-18 14:54:00,2026-05-18 15:25:00,30,30,2026-05-19 00:00:00
"3","BUV68654738","VLC민트","W26050287W10","LC20012","L/C 2호","3-R003","3공장 배합실","C03","M/M",2026-05-18 14:39:00,2026-05-18 16:11:00,"LCCUser","20분 교반",2026-05-18 15:28:00,2026-05-18 15:49:00,20,20,2026-05-20 00:00:00
"3","BUV68654738","VLC민트","W26050287W10","LC20012","L/C 2호","3-R003","3공장 배합실","C03","M/M",2026-05-18 14:39:00,2026-05-18 16:11:00,"LCCUser","20분 교반",2026-05-18 15:49:00,2026-05-18 16:11:00,20,20,2026-05-19 00:00:00
"3","BUV68654738","VLC민트","W26050287W10","LC20012","L/C 2호","3-R003","3공장 배합실","C03","M/M",2026-05-18 14:39:00,2026-05-18 16:11:00,"LCCUser","20분 교반",2026-05-18 15:28:00,2026-05-18 15:49:00,20,20,2026-05-19 00:00:00
"3","BVLC64392502","VLC메리체리","W26050288W10","LC20011","L/C 4호","3-R003","3공장 배합실","C03","M/M",2026-05-18 09:24:00,2026-05-18 11:57:00,"LCCUser","20분 교반",2026-05-18 10:19:00,2026-05-18 10:40:00,20,20,2026-05-20 00:00:00
"3","BVLC64392502","VLC메리체리","W26050288W10","LC20011","L/C 4호","3-R003","3공장 배합실","C03","M/M",2026-05-18 09:24:00,2026-05-18 11:57:00,"LCCUser","20분 교반",2026-05-18 11:35:00,2026-05-18 11:57:00,20,20,2026-05-20 00:00:00
"3","BVLC64392502","VLC메리체리","W26050288W10","LC20011","L/C 4호","3-R003","3공장 배합실","C03","M/M",2026-05-18 09:24:00,2026-05-18 11:57:00,"LCCUser","20분 교반",2026-05-18 10:55:00,2026-05-18 11:16:00,20,20,2026-05-20 00:00:00
"3","BVLC64392502","VLC메리체리","W26050288W10","LC20011","L/C 4호","3-R003","3공장 배합실","C03","M/M",2026-05-18 09:24:00,2026-05-18 11:57:00,"LCCUser","30분 교반",2026-05-18 09:45:00,2026-05-18 10:16:00,30,30,2026-05-20 00:00:00
"3","BVLC64392502","VLC메리체리","W26050288W10","LC20011","L/C 4호","3-R003","3공장 배합실","C03","M/M",2026-05-18 09:24:00,2026-05-18 11:57:00,"LCCUser","30분 교반",2026-05-18 09:45:00,2026-05-18 10:16:00,30,30,2026-05-19 00:00:00
"3","BVLC64392502","VLC메리체리","W26050288W10","LC20011","L/C 4호","3-R003","3공장 배합실","C03","M/M",2026-05-18 09:24:00,2026-05-18 11:57:00,"LCCUser","20분 교반",2026-05-18 10:55:00,2026-05-18 11:16:00,20,20,2026-05-19 00:00:00
"3","BVLC64392502","VLC메리체리","W26050288W10","LC20011","L/C 4호","3-R003","3공장 배합실","C03","M/M",2026-05-18 09:24:00,2026-05-18 11:57:00,"LCCUser","20분 교반",2026-05-18 10:19:00,2026-05-18 10:40:00,20,20,2026-05-19 00:00:00
"3","BVLC64392502","VLC메리체리","W26050288W10","LC20011","L/C 4호","3-R003","3공장 배합실","C03","M/M",2026-05-18 09:24:00,2026-05-18 11:57:00,"LCCUser","20분 교반",2026-05-18 11:35:00,2026-05-18 11:57:00,20,20,2026-05-19 00:00:00
"1","BUP13049","P 스파리무버(수상)","W26050294W10","BM10002","B/M 2호","1-R004","유화 배합실","C03","M/M",2026-05-18 11:17:00,2026-05-18 11:58:00,"LCCUser","5분 교반",2026-05-18 11:20:00,2026-05-18 11:25:43,5,5,2026-05-19 00:00:00
"1","BUP13049","P 스파리무버(수상)","W26050294W10","BM10002","B/M 2호","1-R004","유화 배합실","C03","M/M",2026-05-18 11:17:00,2026-05-18 11:58:00,"LCCUser","10분 교반",2026-05-18 11:25:58,2026-05-18 11:35:58,10,10,2026-05-19 00:00:00
"1","BUP13049","P 스파리무버(수상)","W26050294W10","BM10002","B/M 2호","1-R004","유화 배합실","C03","M/M",2026-05-18 11:17:00,2026-05-18 11:58:00,"LCCUser","20분 교반",2026-05-18 11:36:09,2026-05-18 11:56:09,20,20,2026-05-19 00:00:00
"1","BUP13049","P 스파리무버(수상)","W26050294W10","BM10002","B/M 2호","1-R004","유화 배합실","C03","M/M",2026-05-18 11:17:00,2026-05-18 11:58:00,"LCCUser","20분 교반",2026-05-18 11:36:09,2026-05-18 11:56:09,20,20,2026-05-22 00:00:00
"1","BUP13049","P 스파리무버(수상)","W26050294W10","BM10002","B/M 2호","1-R004","유화 배합실","C03","M/M",2026-05-18 11:17:00,2026-05-18 11:58:00,"LCCUser","10분 교반",2026-05-18 11:25:58,2026-05-18 11:35:58,10,10,2026-05-22 00:00:00
"1","BUP13049","P 스파리무버(수상)","W26050294W10","BM10002","B/M 2호","1-R004","유화 배합실","C03","M/M",2026-05-18 11:17:00,2026-05-18 11:58:00,"LCCUser","5분 교반",2026-05-18 11:20:00,2026-05-18 11:25:43,5,5,2026-05-22 00:00:00
"1","BUP13050","P 스파리무버(유상)","W26050295W10","BM10002","B/M 2호","1-R004","유화 배합실","C03","M/M",2026-05-18 09:15:00,2026-05-18 10:01:00,"LCCUser","20분 교반",2026-05-18 09:35:37,2026-05-18 09:55:37,20,20,2026-05-22 00:00:00
"1","BUP13050","P 스파리무버(유상)","W26050295W10","BM10002","B/M 2호","1-R004","유화 배합실","C03","M/M",2026-05-18 09:15:00,2026-05-18 10:01:00,"LCCUser","20분 교반",2026-05-18 09:15:00,2026-05-18 09:35:20,20,20,2026-05-22 00:00:00
"1","BUP13050","P 스파리무버(유상)","W26050295W10","BM10002","B/M 2호","1-R004","유화 배합실","C03","M/M",2026-05-18 09:15:00,2026-05-18 10:01:00,"LCCUser","20분 교반",2026-05-18 09:15:00,2026-05-18 09:35:20,20,20,2026-05-19 00:00:00
"1","BUP13050","P 스파리무버(유상)","W26050295W10","BM10002","B/M 2호","1-R004","유화 배합실","C03","M/M",2026-05-18 09:15:00,2026-05-18 10:01:00,"LCCUser","20분 교반",2026-05-18 09:35:37,2026-05-18 09:55:37,20,20,2026-05-19 00:00:00
"1","BUV64851418","V알로에로션(보이드)","W26050296W10","AQ10007","수상 용해조 7호","1-R004","유화 배합실","C02","용해",2026-05-18 08:52:00,2026-05-18 11:08:00,"LCCUser","20분 교반",2026-05-18 09:43:00,2026-05-18 11:08:00,20,20,2026-05-19 00:00:00
"1","BUV64851418","V알로에로션(보이드)","W26050296W10","GX12005","검믹서 7호","1-R004","유화 배합실","C02","용해",2026-05-18 08:52:00,2026-05-18 11:08:00,"LCCUser","30분 교반",2026-05-18 08:53:00,2026-05-18 09:43:00,30,30,2026-05-19 00:00:00
"1","BUV64851418","V알로에로션(보이드)","W26050296W10","OL11007","유상 용해조 7호","1-R004","유화 배합실","C02","용해",2026-05-18 08:52:00,2026-05-18 11:08:00,"LCCUser","40분 교반",2026-05-18 08:53:00,2026-05-18 09:43:00,40,40,2026-05-19 00:00:00
"1","BUV64851418","V알로에로션(보이드)","W26050296W10","OL11007","유상 용해조 7호","1-R004","유화 배합실","C02","용해",2026-05-18 08:52:00,2026-05-18 11:08:00,"LCCUser","60분 교반",2026-05-18 09:44:00,2026-05-18 11:08:00,60,60,2026-05-19 00:00:00
"1","BUV64851418","V알로에로션(보이드)","W26050296W10","AQ10007","수상 용해조 7호","1-R004","유화 배합실","C02","용해",2026-05-18 08:52:00,2026-05-18 11:08:00,"LCCUser","20분 교반",2026-05-18 08:52:00,2026-05-18 09:43:00,20,20,2026-05-19 00:00:00
"1","BUV64851418","V알로에로션(보이드)","W26050296W10","HM15005","H/M 5호","1-R004","유화 배합실","C03","M/M",2026-05-18 09:47:00,2026-05-18 11:26:00,"LCCUser","3분 교반",2026-05-18 11:22:49,2026-05-18 11:25:49,3,3,2026-05-19 00:00:00
"1","BUV64851418","V알로에로션(보이드)","W26050296W10","HM15005","H/M 5호","1-R004","유화 배합실","C03","M/M",2026-05-18 09:47:00,2026-05-18 11:26:00,"LCCUser","10분 교반",2026-05-18 11:07:46,2026-05-18 11:17:46,10,10,2026-05-19 00:00:00
"1","BUV64851418","V알로에로션(보이드)","W26050296W10","HM15005","H/M 5호","1-R004","유화 배합실","C03","M/M",2026-05-18 09:47:00,2026-05-18 11:26:00,"LCCUser","5분 교반",2026-05-18 10:14:19,2026-05-18 10:19:19,5,5,2026-05-19 00:00:00
"1","BUV64851418","V알로에로션(보이드)","W26050296W10","HM15005","H/M 5호","1-R004","유화 배합실","C03","M/M",2026-05-18 09:47:00,2026-05-18 11:26:00,"LCCUser","10분 교반",2026-05-18 10:02:47,2026-05-18 10:12:48,10,10,2026-05-19 00:00:00
"1","BUV64851418","V알로에로션(보이드)","W26050296W10","HM15005","H/M 5호","1-R004","유화 배합실","C03","M/M",2026-05-18 09:47:00,2026-05-18 11:26:00,"LCCUser","5분 교반",2026-05-18 09:53:00,2026-05-18 09:58:20,5,5,2026-05-19 00:00:00
"1","BUV64851418","V알로에로션(보이드)","W26050298W10","OL11007","유상 용해조 7호","1-R004","유화 배합실","C02","용해",2026-05-18 13:33:00,2026-05-18 16:19:00,"LCCUser","60분 교반",2026-05-18 14:25:00,2026-05-18 16:19:00,60,60,2026-05-19 00:00:00
"1","BUV64851418","V알로에로션(보이드)","W26050298W10","OL11007","유상 용해조 7호","1-R004","유화 배합실","C02","용해",2026-05-18 13:33:00,2026-05-18 16:19:00,"LCCUser","40분 교반",2026-05-18 13:34:00,2026-05-18 14:25:00,40,40,2026-05-19 00:00:00
"1","BUV64851418","V알로에로션(보이드)","W26050298W10","GX12005","검믹서 7호","1-R004","유화 배합실","C02","용해",2026-05-18 13:33:00,2026-05-18 16:19:00,"LCCUser","30분 교반",2026-05-18 13:34:00,2026-05-18 14:25:00,30,30,2026-05-19 00:00:00
"1","BUV64851418","V알로에로션(보이드)","W26050298W10","AQ10007","수상 용해조 7호","1-R004","유화 배합실","C02","용해",2026-05-18 13:33:00,2026-05-18 16:19:00,"LCCUser","20분 교반",2026-05-18 13:56:00,2026-05-18 14:25:00,20,20,2026-05-19 00:00:00
"1","BUV64851418","V알로에로션(보이드)","W26050298W10","AQ10007","수상 용해조 7호","1-R004","유화 배합실","C02","용해",2026-05-18 13:33:00,2026-05-18 16:19:00,"LCCUser","20분 교반",2026-05-18 13:33:00,2026-05-18 13:56:00,20,20,2026-05-19 00:00:00
"1","BUV64851418","V알로에로션(보이드)","W26050298W10","HM15005","H/M 5호","1-R004","유화 배합실","C03","M/M",2026-05-18 14:27:00,2026-05-18 16:19:00,"LCCUser","10분 교반",2026-05-18 15:40:01,2026-05-18 15:50:01,10,10,2026-05-19 00:00:00
"1","BUV64851418","V알로에로션(보이드)","W26050298W10","HM15005","H/M 5호","1-R004","유화 배합실","C03","M/M",2026-05-18 14:27:00,2026-05-18 16:19:00,"LCCUser","5분 교반",2026-05-18 14:55:23,2026-05-18 15:00:23,5,5,2026-05-19 00:00:00
"1","BUV64851418","V알로에로션(보이드)","W26050298W10","HM15005","H/M 5호","1-R004","유화 배합실","C03","M/M",2026-05-18 14:27:00,2026-05-18 16:19:00,"LCCUser","10분 교반",2026-05-18 14:43:46,2026-05-18 14:53:46,10,10,2026-05-19 00:00:00
"1","BUV64851418","V알로에로션(보이드)","W26050298W10","HM15005","H/M 5호","1-R004","유화 배합실","C03","M/M",2026-05-18 14:27:00,2026-05-18 16:19:00,"LCCUser","5분 교반",2026-05-18 14:37:10,2026-05-18 14:42:10,5,5,2026-05-19 00:00:00
"1","BUV64851418","V알로에로션(보이드)","W26050298W10","HM15005","H/M 5호","1-R004","유화 배합실","C03","M/M",2026-05-18 14:27:00,2026-05-18 16:19:00,"LCCUser","3분 교반",2026-05-18 15:56:34,2026-05-18 15:59:35,3,3,2026-05-19 00:00:00
"1","BMFL16","OX몽글비누(레몬,공용)","W26050301W10","MX10001","워시믹서 1호","1-R004","유화 배합실","C03","M/M",2026-05-18 09:45:00,2026-05-18 11:23:00,"LCCUser","20분 교반",2026-05-18 10:50:33,2026-05-18 11:11:15,20,20,2026-05-20 00:00:00
"1","BMFL16","OX몽글비누(레몬,공용)","W26050301W10","MX10001","워시믹서 1호","1-R004","유화 배합실","C03","M/M",2026-05-18 09:45:00,2026-05-18 11:23:00,"LCCUser","5분 교반",2026-05-18 11:11:19,2026-05-18 11:23:36,5,5,2026-05-20 00:00:00
"1","BMFL16","OX몽글비누(레몬,공용)","W26050301W10","MX10001","워시믹서 1호","1-R004","유화 배합실","C03","M/M",2026-05-18 09:45:00,2026-05-18 11:23:00,"LCCUser","5분 교반",2026-05-18 10:44:03,2026-05-18 10:50:22,5,5,2026-05-20 00:00:00
"1","BMFL16","OX몽글비누(레몬,공용)","W26050301W10","MX10001","워시믹서 1호","1-R004","유화 배합실","C03","M/M",2026-05-18 09:45:00,2026-05-18 11:23:00,"LCCUser","20분 교반",2026-05-18 09:45:00,2026-05-18 10:43:58,20,20,2026-05-20 00:00:00
"1","BMFL16","OX몽글비누(레몬,공용)","W26050303W10","MX10001","워시믹서 1호","1-R004","유화 배합실","C03","M/M",2026-05-18 13:49:00,2026-05-18 15:04:00,"LCCUser","20분 교반",2026-05-18 13:49:00,2026-05-18 14:24:50,20,20,2026-05-22 00:00:00
"1","BMFL16","OX몽글비누(레몬,공용)","W26050303W10","MX10001","워시믹서 1호","1-R004","유화 배합실","C03","M/M",2026-05-18 13:49:00,2026-05-18 15:04:00,"LCCUser","20분 교반",2026-05-18 14:36:14,2026-05-18 14:57:17,20,20,2026-05-22 00:00:00
"1","BMFL16","OX몽글비누(레몬,공용)","W26050303W10","MX10001","워시믹서 1호","1-R004","유화 배합실","C03","M/M",2026-05-18 13:49:00,2026-05-18 15:04:00,"LCCUser","5분 교반",2026-05-18 14:57:21,2026-05-18 15:04:30,5,5,2026-05-22 00:00:00
"1","BMFL16","OX몽글비누(레몬,공용)","W26050303W10","MX10001","워시믹서 1호","1-R004","유화 배합실","C03","M/M",2026-05-18 13:49:00,2026-05-18 15:04:00,"LCCUser","5분 교반",2026-05-18 14:24:53,2026-05-18 14:36:10,5,5,2026-05-22 00:00:00
"1","BOCFHW16","UX거품비누","W26050305W10","WS13004","워시믹서 용해조","1-R004","유화 배합실","C02","용해",2026-05-18 09:29:00,2026-05-18 10:00:00,"LCCUser","30분  교반 (완전 용해 확인)",2026-05-18 09:29:00,2026-05-18 10:00:00,30,30,2026-05-19 00:00:00
"1","BOCFHW16","UX거품비누","W26050305W10","MX10002","워시믹서 2호","1-R004","유화 배합실","C03","M/M",2026-05-18 09:29:00,2026-05-18 10:40:00,"LCCUser","10분 교반",2026-05-18 10:10:43,2026-05-18 10:21:50,10,10,2026-05-19 00:00:00
"1","BOCFHW16","UX거품비누","W26050305W10","MX10002","워시믹서 2호","1-R004","유화 배합실","C03","M/M",2026-05-18 09:29:00,2026-05-18 10:40:00,"LCCUser","10분 교반",2026-05-18 09:58:09,2026-05-18 10:10:38,10,10,2026-05-19 00:00:00
"1","BOCFHW16","UX거품비누","W26050305W10","MX10002","워시믹서 2호","1-R004","유화 배합실","C03","M/M",2026-05-18 09:29:00,2026-05-18 10:40:00,"LCCUser","5분 교반",2026-05-18 09:32:27,2026-05-18 09:58:03,5,5,2026-05-19 00:00:00
"1","BOCFHW16","UX거품비누","W26050305W10","MX10002","워시믹서 2호","1-R004","유화 배합실","C03","M/M",2026-05-18 09:29:00,2026-05-18 10:40:00,"LCCUser","20분 교반",2026-05-18 09:30:05,2026-05-18 09:32:07,20,20,2026-05-19 00:00:00
"1","BOCFHW16","UX거품비누","W26050305W10","MX10002","워시믹서 2호","1-R004","유화 배합실","C03","M/M",2026-05-18 09:29:00,2026-05-18 10:40:00,"LCCUser","15분 교반",2026-05-18 10:21:54,2026-05-18 10:39:37,15,15,2026-05-19 00:00:00
"1","BOCFHW16","UX거품비누","W26050306W10","WS13004","워시믹서 용해조","1-R004","유화 배합실","C02","용해",2026-05-18 14:13:00,2026-05-18 15:11:00,"LCCUser","30분  교반 (완전 용해 확인)",2026-05-18 14:13:00,2026-05-18 15:11:00,30,30,2026-05-19 00:00:00
"1","BOCFHW16","UX거품비누","W26050306W10","MX10002","워시믹서 2호","1-R004","유화 배합실","C03","M/M",2026-05-18 14:17:00,2026-05-18 15:28:00,"LCCUser","10분 교반",2026-05-18 14:57:59,2026-05-18 15:10:51,10,10,2026-05-19 00:00:00
"1","BOCFHW16","UX거품비누","W26050306W10","MX10002","워시믹서 2호","1-R004","유화 배합실","C03","M/M",2026-05-18 14:17:00,2026-05-18 15:28:00,"LCCUser","10분 교반",2026-05-18 14:45:38,2026-05-18 14:57:56,10,10,2026-05-19 00:00:00
"1","BOCFHW16","UX거품비누","W26050306W10","MX10002","워시믹서 2호","1-R004","유화 배합실","C03","M/M",2026-05-18 14:17:00,2026-05-18 15:28:00,"LCCUser","5분 교반",2026-05-18 14:38:19,2026-05-18 14:45:33,5,5,2026-05-19 00:00:00
"1","BOCFHW16","UX거품비누","W26050306W10","MX10002","워시믹서 2호","1-R004","유화 배합실","C03","M/M",2026-05-18 14:17:00,2026-05-18 15:28:00,"LCCUser","20분 교반",2026-05-18 14:17:00,2026-05-18 14:38:15,20,20,2026-05-19 00:00:00
"1","BOCFHW16","UX거품비누","W26050306W10","MX10002","워시믹서 2호","1-R004","유화 배합실","C03","M/M",2026-05-18 14:17:00,2026-05-18 15:28:00,"LCCUser","15분 교반",2026-05-18 15:10:55,2026-05-18 15:27:38,15,15,2026-05-19 00:00:00
"4","BKMHSB14","3M손소독제","W26050318W10","DS40001","4공장 용해조 1호","4-R004","4공장 배합실","C02","용해",2026-05-15 15:01:00,2026-05-15 16:13:00,"LCCUser","30분 용해",2026-05-15 15:43:00,2026-05-15 16:13:00,30,35,2026-05-19 00:00:00
"4","BKMHSB14","3M손소독제","W26050318W10","DS40001","4공장 용해조 1호","4-R004","4공장 배합실","C02","용해",2026-05-15 15:01:00,2026-05-15 16:13:00,"LCCUser","30분 용해",2026-05-15 15:12:00,2026-05-15 15:42:00,30,35,2026-05-19 00:00:00
"4","BKMHSB14","3M손소독제","W26050318W10","DS40001","4공장 용해조 1호","4-R004","4공장 배합실","C02","용해",2026-05-15 15:01:00,2026-05-15 16:13:00,"LCCUser","10분 용해",2026-05-15 15:01:00,2026-05-15 15:11:00,10,15,2026-05-19 00:00:00
"4","BKMHSB14","3M손소독제","W26050318W10","SM20007","액상1호","4-R004","4공장 배합실","C03","M/M",2026-05-15 15:41:00,2026-05-15 17:05:00,"LCCUser","20분 교반",2026-05-15 16:25:00,2026-05-15 16:45:00,20,25,2026-05-19 00:00:00
"4","BKMHSB14","3M손소독제","W26050318W10","SM20007","액상1호","4-R004","4공장 배합실","C03","M/M",2026-05-15 15:41:00,2026-05-15 17:05:00,"LCCUser","10분 교반",2026-05-15 16:14:00,2026-05-15 16:25:00,10,15,2026-05-19 00:00:00
"4","BKMHSB14","3M손소독제","W26050318W10","SM20007","액상1호","4-R004","4공장 배합실","C03","M/M",2026-05-15 15:41:00,2026-05-15 17:05:00,"LCCUser","10분 교반",2026-05-15 15:44:00,2026-05-15 16:13:00,10,15,2026-05-19 00:00:00
"4","BKMHSB14","3M손소독제","W26050318W10","SM20007","액상1호","4-R004","4공장 배합실","C03","M/M",2026-05-15 15:41:00,2026-05-15 17:05:00,"LCCUser","20분 진공 탈포",2026-05-15 16:45:00,2026-05-15 17:05:00,20,25,2026-05-19 00:00:00
"4","BKMHSB14","3M손소독제","W26050319W10","DS40001","4공장 용해조 1호","4-R004","4공장 배합실","C02","용해",2026-05-18 08:52:00,2026-05-18 10:09:00,"LCCUser","30분 용해",2026-05-18 09:39:00,2026-05-18 10:09:00,30,35,2026-05-19 00:00:00
"4","BKMHSB14","3M손소독제","W26050319W10","DS40001","4공장 용해조 1호","4-R004","4공장 배합실","C02","용해",2026-05-18 08:52:00,2026-05-18 10:09:00,"LCCUser","10분 용해",2026-05-18 08:52:00,2026-05-18 09:02:00,10,15,2026-05-19 00:00:00
"4","BKMHSB14","3M손소독제","W26050319W10","DS40001","4공장 용해조 1호","4-R004","4공장 배합실","C02","용해",2026-05-18 08:52:00,2026-05-18 10:09:00,"LCCUser","30분 용해",2026-05-18 09:02:00,2026-05-18 09:33:00,30,35,2026-05-19 00:00:00
"4","BKMHSB14","3M손소독제","W26050319W10","SM20007","액상1호","4-R004","4공장 배합실","C03","M/M",2026-05-18 09:36:00,2026-05-18 11:04:00,"LCCUser","20분 진공 탈포",2026-05-18 10:44:00,2026-05-18 11:04:00,20,25,2026-05-19 00:00:00
"4","BKMHSB14","3M손소독제","W26050319W10","SM20007","액상1호","4-R004","4공장 배합실","C03","M/M",2026-05-18 09:36:00,2026-05-18 11:04:00,"LCCUser","10분 교반",2026-05-18 09:39:00,2026-05-18 10:11:00,10,15,2026-05-19 00:00:00
"4","BKMHSB14","3M손소독제","W26050319W10","SM20007","액상1호","4-R004","4공장 배합실","C03","M/M",2026-05-18 09:36:00,2026-05-18 11:04:00,"LCCUser","10분 교반",2026-05-18 10:13:00,2026-05-18 10:23:00,10,15,2026-05-19 00:00:00
"4","BKMHSB14","3M손소독제","W26050319W10","SM20007","액상1호","4-R004","4공장 배합실","C03","M/M",2026-05-18 09:36:00,2026-05-18 11:04:00,"LCCUser","20분 교반",2026-05-18 10:23:00,2026-05-18 10:44:00,20,25,2026-05-19 00:00:00
"4","BHPG19","프로HK가글","W26050320W10","DS40004","4공장 용해조 4호","4-R004","4공장 배합실","C02","용해",2026-05-18 09:23:00,2026-05-18 10:27:00,"LCCUser","40분 용해",2026-05-18 09:23:00,2026-05-18 10:04:00,40,45,2026-05-19 00:00:00
"4","BHPG19","프로HK가글","W26050320W10","DS40004","4공장 용해조 4호","4-R004","4공장 배합실","C02","용해",2026-05-18 09:23:00,2026-05-18 10:27:00,"LCCUser","20분 용해",2026-05-18 10:06:00,2026-05-18 10:27:00,20,25,2026-05-19 00:00:00
"4","BHPG19","프로HK가글","W26050320W10","SM20010","액상4호","4-R004","4공장 배합실","C03","M/M",2026-05-18 10:08:00,2026-05-18 10:52:00,"LCCUser","20분 교반",2026-05-18 10:29:00,2026-05-18 10:52:00,20,25,2026-05-19 00:00:00
"4","BHPG19","프로HK가글","W26050320W10","SM20010","액상4호","4-R004","4공장 배합실","C03","M/M",2026-05-18 10:08:00,2026-05-18 10:52:00,"LCCUser","10분 교반",2026-05-18 10:08:00,2026-05-18 10:27:00,10,15,2026-05-19 00:00:00
"1","BUV12154","V 립어드밴스","W26050321W10","HM10001","H/M 1호","1-R004","유화 배합실","C03","M/M",2026-05-18 10:31:00,2026-05-18 10:48:00,"LCCUser","15분 교반",2026-05-18 10:31:00,2026-05-18 10:46:46,15,15,2026-05-22 00:00:00
"1","BUV12154","V 립어드밴스","W26050321W10","HM10001","H/M 1호","1-R004","유화 배합실","C03","M/M",2026-05-18 10:31:00,2026-05-18 10:48:00,"LCCUser","15분 교반",2026-05-18 10:31:00,2026-05-18 10:46:46,15,15,2026-05-20 00:00:00
"1","BUV12154","V 립어드밴스","W26050321W10","HM10001","H/M 1호","1-R004","유화 배합실","C03","M/M",2026-05-18 10:31:00,2026-05-18 10:48:00,"LCCUser","15분 교반",2026-05-18 10:31:00,2026-05-18 10:46:46,15,15,2026-05-21 00:00:00
"5","BETBMG","TB가글(마일드,수출)","W26050326W10","DS50003","5공장 용해조 3호","5-R003","5공장 가글 배합실","C02","용해",2026-05-18 09:07:00,2026-05-18 09:43:00,"LCCUser","premixing 30분 용해",2026-05-18 09:07:00,2026-05-18 09:43:00,30,35,2026-05-19 00:00:00
"5","BETBMG","TB가글(마일드,수출)","W26050326W10","5M00003","제조 3호","5-R003","5공장 가글 배합실","C03","M/M",2026-05-18 09:07:00,2026-05-18 11:05:00,"LCCUser","60분 교반",2026-05-18 10:02:00,2026-05-18 11:05:00,60,65,2026-05-19 00:00:00
"5","BETBMG","TB가글(마일드,수출)","W26050326W10","5M00003","제조 3호","5-R003","5공장 가글 배합실","C03","M/M",2026-05-18 09:07:00,2026-05-18 11:05:00,"LCCUser","30분 교반",2026-05-18 09:07:00,2026-05-18 09:43:00,30,35,2026-05-19 00:00:00
"5","BETBMG","TB가글(마일드,수출)","W26050326W10","5M00003","제조 3호","5-R003","5공장 가글 배합실","C03","M/M",2026-05-18 09:07:00,2026-05-18 11:05:00,"LCCUser","15분 교반",2026-05-18 09:44:00,2026-05-18 10:02:00,15,20,2026-05-19 00:00:00
"5","BETBMG","TB가글(마일드,수출)","W26050327W10","DS50003","5공장 용해조 3호","5-R003","5공장 가글 배합실","C02","용해",2026-05-18 12:38:00,2026-05-18 13:14:00,"LCCUser","premixing 30분 용해",2026-05-18 12:38:00,2026-05-18 13:14:00,30,35,2026-05-19 00:00:00
"5","BETBMG","TB가글(마일드,수출)","W26050327W10","5M00003","제조 3호","5-R003","5공장 가글 배합실","C03","M/M",2026-05-18 12:38:00,2026-05-18 14:33:00,"LCCUser","60분 교반",2026-05-18 13:33:00,2026-05-18 14:32:00,60,65,2026-05-19 00:00:00
"5","BETBMG","TB가글(마일드,수출)","W26050327W10","5M00003","제조 3호","5-R003","5공장 가글 배합실","C03","M/M",2026-05-18 12:38:00,2026-05-18 14:33:00,"LCCUser","30분 교반",2026-05-18 12:38:00,2026-05-18 13:14:00,30,35,2026-05-19 00:00:00
"5","BETBMG","TB가글(마일드,수출)","W26050327W10","5M00003","제조 3호","5-R003","5공장 가글 배합실","C03","M/M",2026-05-18 12:38:00,2026-05-18 14:33:00,"LCCUser","15분 교반",2026-05-18 13:14:00,2026-05-18 13:33:00,15,20,2026-05-19 00:00:00
"4","BODMSPP","OX미인페퍼MS","W26050329W10","DS40003","4공장 용해조 3호","4-R004","4공장 배합실","C02","용해",2026-05-18 09:11:00,2026-05-18 09:40:00,"LCCUser","10분 용해",2026-05-18 09:11:00,2026-05-18 09:20:00,10,15,2026-05-21 00:00:00
"4","BODMSPP","OX미인페퍼MS","W26050329W10","DS40003","4공장 용해조 3호","4-R004","4공장 배합실","C02","용해",2026-05-18 09:11:00,2026-05-18 09:40:00,"LCCUser","20분 용해",2026-05-18 09:20:00,2026-05-18 09:40:00,20,25,2026-05-20 00:00:00
"4","BODMSPP","OX미인페퍼MS","W26050329W10","DS40003","4공장 용해조 3호","4-R004","4공장 배합실","C02","용해",2026-05-18 09:11:00,2026-05-18 09:40:00,"LCCUser","10분 용해",2026-05-18 09:11:00,2026-05-18 09:20:00,10,15,2026-05-20 00:00:00
"4","BODMSPP","OX미인페퍼MS","W26050329W10","DS40003","4공장 용해조 3호","4-R004","4공장 배합실","C02","용해",2026-05-18 09:11:00,2026-05-18 09:40:00,"LCCUser","20분 용해",2026-05-18 09:20:00,2026-05-18 09:40:00,20,25,2026-05-21 00:00:00
"4","BODMSPP","OX미인페퍼MS","W26050329W10","GA15001","액상3호","4-R004","4공장 배합실","C03","M/M",2026-05-18 09:26:00,2026-05-18 10:12:00,"LCCUser","10분 교반",2026-05-18 09:26:00,2026-05-18 09:40:00,10,15,2026-05-20 00:00:00
"4","BODMSPP","OX미인페퍼MS","W26050329W10","GA15001","액상3호","4-R004","4공장 배합실","C03","M/M",2026-05-18 09:26:00,2026-05-18 10:12:00,"LCCUser","30분 교반",2026-05-18 09:42:00,2026-05-18 10:12:00,30,35,2026-05-21 00:00:00
"4","BODMSPP","OX미인페퍼MS","W26050329W10","GA15001","액상3호","4-R004","4공장 배합실","C03","M/M",2026-05-18 09:26:00,2026-05-18 10:12:00,"LCCUser","10분 교반",2026-05-18 09:26:00,2026-05-18 09:40:00,10,15,2026-05-21 00:00:00
"4","BODMSPP","OX미인페퍼MS","W26050329W10","GA15001","액상3호","4-R004","4공장 배합실","C03","M/M",2026-05-18 09:26:00,2026-05-18 10:12:00,"LCCUser","30분 교반",2026-05-18 09:42:00,2026-05-18 10:12:00,30,35,2026-05-20 00:00:00
"5","BOEPEPNG19","프로무알콜가글","W26050330W10","DS50001","5공장 용해조 1호","5-R003","5공장 가글 배합실","C02","용해",2026-05-18 09:16:00,2026-05-18 10:26:00,"LCCUser","40분 용해",2026-05-18 09:18:00,2026-05-18 10:02:00,40,45,2026-05-20 00:00:00
"5","BOEPEPNG19","프로무알콜가글","W26050330W10","DS50001","5공장 용해조 1호","5-R003","5공장 가글 배합실","C02","용해",2026-05-18 09:16:00,2026-05-18 10:26:00,"LCCUser","20분 용해",2026-05-18 10:02:00,2026-05-18 10:26:00,20,25,2026-05-20 00:00:00
"5","BOEPEPNG19","프로무알콜가글","W26050330W10","5M00001","제조 1호","5-R003","5공장 가글 배합실","C03","M/M",2026-05-18 10:13:00,2026-05-18 10:47:00,"LCCUser","20분 교반",2026-05-18 10:26:00,2026-05-18 10:47:00,20,25,2026-05-20 00:00:00
"5","BOEPEPNG19","프로무알콜가글","W26050330W10","5M00001","제조 1호","5-R003","5공장 가글 배합실","C03","M/M",2026-05-18 10:13:00,2026-05-18 10:47:00,"LCCUser","10분 교반",2026-05-18 10:13:00,2026-05-18 10:26:00,10,15,2026-05-20 00:00:00
"3","BUV68921451","VLC코코넛","W26050331W10","LC20012","L/C 2호","3-R003","3공장 배합실","C03","M/M",2026-05-19 09:20:00,2026-05-19 11:33:00,"LCCUser","30분 교반",2026-05-19 09:51:00,2026-05-19 10:22:00,30,30,2026-05-21 00:00:00
"3","BUV68921451","VLC코코넛","W26050331W10","LC20012","L/C 2호","3-R003","3공장 배합실","C03","M/M",2026-05-19 09:20:00,2026-05-19 11:33:00,"LCCUser","20분 교반",2026-05-19 10:24:00,2026-05-19 10:45:00,20,20,2026-05-21 00:00:00
"3","BUV68921451","VLC코코넛","W26050331W10","LC20012","L/C 2호","3-R003","3공장 배합실","C03","M/M",2026-05-19 09:20:00,2026-05-19 11:33:00,"LCCUser","20분 교반",2026-05-19 11:12:00,2026-05-19 11:33:00,20,20,2026-05-21 00:00:00
"3","BUV68921451","VLC코코넛","W26050331W10","LC20012","L/C 2호","3-R003","3공장 배합실","C03","M/M",2026-05-19 09:20:00,2026-05-19 11:33:00,"LCCUser","20분 교반",2026-05-19 10:24:00,2026-05-19 10:45:00,20,20,2026-05-20 00:00:00
"3","BUV68921451","VLC코코넛","W26050331W10","LC20012","L/C 2호","3-R003","3공장 배합실","C03","M/M",2026-05-19 09:20:00,2026-05-19 11:33:00,"LCCUser","30분 교반",2026-05-19 09:51:00,2026-05-19 10:22:00,30,30,2026-05-20 00:00:00
"3","BUV68921451","VLC코코넛","W26050331W10","LC20012","L/C 2호","3-R003","3공장 배합실","C03","M/M",2026-05-19 09:20:00,2026-05-19 11:33:00,"LCCUser","20분 교반",2026-05-19 11:12:00,2026-05-19 11:33:00,20,20,2026-05-20 00:00:00
"3","BUV68654738","VLC민트","W26050332W10","LC20012","L/C 2호","3-R003","3공장 배합실","C03","M/M",2026-05-19 13:49:00,2026-05-19 15:20:00,"LCCUser","30분 교반",2026-05-19 14:02:00,2026-05-19 14:34:00,30,30,2026-05-20 00:00:00
"3","BUV68654738","VLC민트","W26050332W10","LC20012","L/C 2호","3-R003","3공장 배합실","C03","M/M",2026-05-19 13:49:00,2026-05-19 15:20:00,"LCCUser","20분 교반",2026-05-19 14:59:00,2026-05-19 15:20:00,20,20,2026-05-20 00:00:00
"3","BUV68654738","VLC민트","W26050332W10","LC20012","L/C 2호","3-R003","3공장 배합실","C03","M/M",2026-05-19 13:49:00,2026-05-19 15:20:00,"LCCUser","20분 교반",2026-05-19 14:38:00,2026-05-19 14:59:00,20,20,2026-05-20 00:00:00
"3","BVLC64392502","VLC메리체리","W26050333W10","LC20011","L/C 4호","3-R003","3공장 배합실","C03","M/M",2026-05-19 13:48:00,2026-05-19 15:52:00,"LCCUser","30분 교반",2026-05-19 14:02:00,2026-05-19 14:34:00,30,30,2026-05-21 00:00:00
"3","BVLC64392502","VLC메리체리","W26050333W10","LC20011","L/C 4호","3-R003","3공장 배합실","C03","M/M",2026-05-19 13:48:00,2026-05-19 15:52:00,"LCCUser","20분 교반",2026-05-19 15:00:00,2026-05-19 15:20:00,20,20,2026-05-20 00:00:00
"3","BVLC64392502","VLC메리체리","W26050333W10","LC20011","L/C 4호","3-R003","3공장 배합실","C03","M/M",2026-05-19 13:48:00,2026-05-19 15:52:00,"LCCUser","20분 교반",2026-05-19 15:31:00,2026-05-19 15:52:00,20,20,2026-05-20 00:00:00
"3","BVLC64392502","VLC메리체리","W26050333W10","LC20011","L/C 4호","3-R003","3공장 배합실","C03","M/M",2026-05-19 13:48:00,2026-05-19 15:52:00,"LCCUser","20분 교반",2026-05-19 14:38:00,2026-05-19 14:59:00,20,20,2026-05-20 00:00:00
"3","BVLC64392502","VLC메리체리","W26050333W10","LC20011","L/C 4호","3-R003","3공장 배합실","C03","M/M",2026-05-19 13:48:00,2026-05-19 15:52:00,"LCCUser","20분 교반",2026-05-19 14:38:00,2026-05-19 14:59:00,20,20,2026-05-21 00:00:00
"3","BVLC64392502","VLC메리체리","W26050333W10","LC20011","L/C 4호","3-R003","3공장 배합실","C03","M/M",2026-05-19 13:48:00,2026-05-19 15:52:00,"LCCUser","20분 교반",2026-05-19 15:31:00,2026-05-19 15:52:00,20,20,2026-05-21 00:00:00
"3","BVLC64392502","VLC메리체리","W26050333W10","LC20011","L/C 4호","3-R003","3공장 배합실","C03","M/M",2026-05-19 13:48:00,2026-05-19 15:52:00,"LCCUser","20분 교반",2026-05-19 15:00:00,2026-05-19 15:20:00,20,20,2026-05-21 00:00:00
"3","BVLC64392502","VLC메리체리","W26050333W10","LC20011","L/C 4호","3-R003","3공장 배합실","C03","M/M",2026-05-19 13:48:00,2026-05-19 15:52:00,"LCCUser","30분 교반",2026-05-19 14:02:00,2026-05-19 14:34:00,30,30,2026-05-20 00:00:00
"1","BUP13049","P 스파리무버(수상)","W26050334W10","BM10002","B/M 2호","1-R004","유화 배합실","C03","M/M",2026-05-19 08:57:00,2026-05-19 09:46:00,"LCCUser","20분 교반",2026-05-19 09:19:37,2026-05-19 09:39:38,20,20,2026-05-20 00:00:00
"1","BUP13049","P 스파리무버(수상)","W26050334W10","BM10002","B/M 2호","1-R004","유화 배합실","C03","M/M",2026-05-19 08:57:00,2026-05-19 09:46:00,"LCCUser","5분 교반",2026-05-19 08:58:00,2026-05-19 09:03:16,5,5,2026-05-20 00:00:00
"1","BUP13049","P 스파리무버(수상)","W26050334W10","BM10002","B/M 2호","1-R004","유화 배합실","C03","M/M",2026-05-19 08:57:00,2026-05-19 09:46:00,"LCCUser","10분 교반",2026-05-19 09:08:08,2026-05-19 09:18:08,10,10,2026-05-20 00:00:00
"1","BUP13049","P 스파리무버(수상)","W26050335W10","BM10002","B/M 2호","1-R004","유화 배합실","C03","M/M",2026-05-19 11:11:00,2026-05-19 11:48:00,"LCCUser","10분 교반",2026-05-19 11:16:54,2026-05-19 11:26:54,10,10,2026-05-20 00:00:00
"1","BUP13049","P 스파리무버(수상)","W26050335W10","BM10002","B/M 2호","1-R004","유화 배합실","C03","M/M",2026-05-19 11:11:00,2026-05-19 11:48:00,"LCCUser","5분 교반",2026-05-19 11:11:00,2026-05-19 11:16:17,5,5,2026-05-20 00:00:00
"1","BUP13049","P 스파리무버(수상)","W26050335W10","BM10002","B/M 2호","1-R004","유화 배합실","C03","M/M",2026-05-19 11:11:00,2026-05-19 11:48:00,"LCCUser","20분 교반",2026-05-19 11:27:34,2026-05-19 11:47:34,20,20,2026-05-20 00:00:00
"1","BUP13049","P 스파리무버(수상)","W26050336W10","BM10002","B/M 2호","1-R004","유화 배합실","C03","M/M",2026-05-19 12:35:00,2026-05-19 13:49:00,"LCCUser","10분 교반",2026-05-19 13:01:12,2026-05-19 13:11:12,10,10,2026-05-21 00:00:00
"1","BUP13049","P 스파리무버(수상)","W26050336W10","BM10002","B/M 2호","1-R004","유화 배합실","C03","M/M",2026-05-19 12:35:00,2026-05-19 13:49:00,"LCCUser","20분 교반",2026-05-19 13:29:42,2026-05-19 13:49:42,20,20,2026-05-20 00:00:00
"1","BUP13049","P 스파리무버(수상)","W26050336W10","BM10002","B/M 2호","1-R004","유화 배합실","C03","M/M",2026-05-19 12:35:00,2026-05-19 13:49:00,"LCCUser","20분 교반",2026-05-19 13:29:42,2026-05-19 13:49:42,20,20,2026-05-21 00:00:00
"1","BUP13049","P 스파리무버(수상)","W26050336W10","BM10002","B/M 2호","1-R004","유화 배합실","C03","M/M",2026-05-19 12:35:00,2026-05-19 13:49:00,"LCCUser","5분 교반",2026-05-19 12:35:00,2026-05-19 12:41:03,5,5,2026-05-20 00:00:00
"1","BUP13049","P 스파리무버(수상)","W26050336W10","BM10002","B/M 2호","1-R004","유화 배합실","C03","M/M",2026-05-19 12:35:00,2026-05-19 13:49:00,"LCCUser","10분 교반",2026-05-19 13:01:12,2026-05-19 13:11:12,10,10,2026-05-20 00:00:00
"1","BUP13049","P 스파리무버(수상)","W26050336W10","BM10002","B/M 2호","1-R004","유화 배합실","C03","M/M",2026-05-19 12:35:00,2026-05-19 13:49:00,"LCCUser","5분 교반",2026-05-19 12:35:00,2026-05-19 12:41:03,5,5,2026-05-21 00:00:00
"1","BOCFHW16","UX거품비누","W26050342W10","WS13004","워시믹서 용해조","1-R004","유화 배합실","C02","용해",2026-05-19 09:12:00,2026-05-19 10:21:00,"LCCUser","30분  교반 (완전 용해 확인)",2026-05-19 09:12:00,2026-05-19 10:21:00,30,30,2026-05-20 00:00:00
"1","BOCFHW16","UX거품비누","W26050342W10","MX10002","워시믹서 2호","1-R004","유화 배합실","C03","M/M",2026-05-19 09:12:00,2026-05-19 10:39:00,"LCCUser","20분 교반",2026-05-19 09:12:00,2026-05-19 09:39:58,20,20,2026-05-20 00:00:00
"1","BOCFHW16","UX거품비누","W26050342W10","MX10002","워시믹서 2호","1-R004","유화 배합실","C03","M/M",2026-05-19 09:12:00,2026-05-19 10:39:00,"LCCUser","5분 교반",2026-05-19 09:40:03,2026-05-19 09:45:43,5,5,2026-05-20 00:00:00
"1","BOCFHW16","UX거품비누","W26050342W10","MX10002","워시믹서 2호","1-R004","유화 배합실","C03","M/M",2026-05-19 09:12:00,2026-05-19 10:39:00,"LCCUser","10분 교반",2026-05-19 09:45:47,2026-05-19 10:11:17,10,10,2026-05-20 00:00:00
"1","BOCFHW16","UX거품비누","W26050342W10","MX10002","워시믹서 2호","1-R004","유화 배합실","C03","M/M",2026-05-19 09:12:00,2026-05-19 10:39:00,"LCCUser","15분 교반",2026-05-19 10:22:28,2026-05-19 10:39:14,15,15,2026-05-20 00:00:00
"1","BOCFHW16","UX거품비누","W26050342W10","MX10002","워시믹서 2호","1-R004","유화 배합실","C03","M/M",2026-05-19 09:12:00,2026-05-19 10:39:00,"LCCUser","10분 교반",2026-05-19 10:11:21,2026-05-19 10:22:25,10,10,2026-05-20 00:00:00
"1","BOCFHW16","UX거품비누","W26050343W10","WS13004","워시믹서 용해조","1-R004","유화 배합실","C02","용해",2026-05-19 11:32:00,2026-05-19 12:34:00,"LCCUser","30분  교반 (완전 용해 확인)",2026-05-19 11:38:00,2026-05-19 12:34:00,30,30,2026-05-20 00:00:00
"1","BOCFHW16","UX거품비누","W26050343W10","MX10002","워시믹서 2호","1-R004","유화 배합실","C03","M/M",2026-05-19 11:38:00,2026-05-19 13:48:00,"LCCUser","15분 교반",2026-05-19 13:30:59,2026-05-19 13:48:40,15,15,2026-05-20 00:00:00
"1","BOCFHW16","UX거품비누","W26050343W10","MX10002","워시믹서 2호","1-R004","유화 배합실","C03","M/M",2026-05-19 11:38:00,2026-05-19 13:48:00,"LCCUser","10분 교반",2026-05-19 13:03:32,2026-05-19 13:30:56,10,10,2026-05-20 00:00:00
"1","BOCFHW16","UX거품비누","W26050343W10","MX10002","워시믹서 2호","1-R004","유화 배합실","C03","M/M",2026-05-19 11:38:00,2026-05-19 13:48:00,"LCCUser","10분 교반",2026-05-19 12:33:22,2026-05-19 13:03:21,10,10,2026-05-20 00:00:00
"1","BOCFHW16","UX거품비누","W26050343W10","MX10002","워시믹서 2호","1-R004","유화 배합실","C03","M/M",2026-05-19 11:38:00,2026-05-19 13:48:00,"LCCUser","5분 교반",2026-05-19 12:13:51,2026-05-19 12:33:17,5,5,2026-05-20 00:00:00
"1","BOCFHW16","UX거품비누","W26050343W10","MX10002","워시믹서 2호","1-R004","유화 배합실","C03","M/M",2026-05-19 11:38:00,2026-05-19 13:48:00,"LCCUser","20분 교반",2026-05-19 11:46:00,2026-05-19 12:13:47,20,20,2026-05-20 00:00:00
"1","BKSRA16","OX샴푸앤린스(공용)","W26050347W10","SP15002","샴푸믹서","1-R004","유화 배합실","C03","M/M",2026-05-19 09:52:00,2026-05-19 11:55:00,"LCCUser","15분 교반",2026-05-19 11:38:14,2026-05-19 11:55:06,15,15,2026-05-21 00:00:00
"1","BKSRA16","OX샴푸앤린스(공용)","W26050347W10","SP15002","샴푸믹서","1-R004","유화 배합실","C03","M/M",2026-05-19 09:52:00,2026-05-19 11:55:00,"LCCUser","5분 교반",2026-05-19 11:18:31,2026-05-19 11:38:11,5,5,2026-05-21 00:00:00
"1","BKSRA16","OX샴푸앤린스(공용)","W26050347W10","SP15002","샴푸믹서","1-R004","유화 배합실","C03","M/M",2026-05-19 09:52:00,2026-05-19 11:55:00,"LCCUser","10분 교반",2026-05-19 10:18:00,2026-05-19 11:03:30,10,10,2026-05-21 00:00:00
"1","BKSRA16","OX샴푸앤린스(공용)","W26050347W10","SP15002","샴푸믹서","1-R004","유화 배합실","C03","M/M",2026-05-19 09:52:00,2026-05-19 11:55:00,"LCCUser","10분 교반",2026-05-19 11:03:34,2026-05-19 11:18:28,10,10,2026-05-21 00:00:00
"1","BKSRA16","OX샴푸앤린스(공용)","W26050348W10","SP15002","샴푸믹서","1-R004","유화 배합실","C03","M/M",2026-05-19 15:15:00,2026-05-19 16:40:00,"LCCUser","15분 교반",2026-05-19 16:25:05,2026-05-19 16:40:42,15,15,2026-05-21 00:00:00
"1","BKSRA16","OX샴푸앤린스(공용)","W26050348W10","SP15002","샴푸믹서","1-R004","유화 배합실","C03","M/M",2026-05-19 15:15:00,2026-05-19 16:40:00,"LCCUser","5분 교반",2026-05-19 16:07:23,2026-05-19 16:25:02,5,5,2026-05-21 00:00:00
"1","BKSRA16","OX샴푸앤린스(공용)","W26050348W10","SP15002","샴푸믹서","1-R004","유화 배합실","C03","M/M",2026-05-19 15:15:00,2026-05-19 16:40:00,"LCCUser","10분 교반",2026-05-19 15:55:21,2026-05-19 16:07:19,10,10,2026-05-21 00:00:00
"1","BKSRA16","OX샴푸앤린스(공용)","W26050348W10","SP15002","샴푸믹서","1-R004","유화 배합실","C03","M/M",2026-05-19 15:15:00,2026-05-19 16:40:00,"LCCUser","10분 교반",2026-05-19 15:25:00,2026-05-19 15:55:18,10,10,2026-05-21 00:00:00
"4","BETBMG","TB가글(마일드,수출)","W26050357W10","DS40002","4공장 용해조 2호","4-R004","4공장 배합실","C02","용해",2026-05-19 09:12:00,2026-05-19 09:42:00,"LCCUser","premixing 30분 용해",2026-05-19 09:12:00,2026-05-19 09:42:00,30,35,2026-05-21 00:00:00
"4","BETBMG","TB가글(마일드,수출)","W26050357W10","SM20008","액상2호","4-R004","4공장 배합실","C03","M/M",2026-05-19 09:12:00,2026-05-19 10:56:00,"LCCUser","60분 교반",2026-05-19 09:57:00,2026-05-19 10:56:00,60,65,2026-05-21 00:00:00
"4","BETBMG","TB가글(마일드,수출)","W26050357W10","SM20008","액상2호","4-R004","4공장 배합실","C03","M/M",2026-05-19 09:12:00,2026-05-19 10:56:00,"LCCUser","30분 교반",2026-05-19 09:12:00,2026-05-19 09:42:00,30,35,2026-05-21 00:00:00
"4","BETBMG","TB가글(마일드,수출)","W26050357W10","SM20008","액상2호","4-R004","4공장 배합실","C03","M/M",2026-05-19 09:12:00,2026-05-19 10:56:00,"LCCUser","15분 교반",2026-05-19 09:42:00,2026-05-19 09:57:00,15,20,2026-05-21 00:00:00
"4","BETBMG","TB가글(마일드,수출)","W26050358W10","DS40002","4공장 용해조 2호","4-R004","4공장 배합실","C02","용해",2026-05-19 11:25:00,2026-05-19 11:55:00,"LCCUser","premixing 30분 용해",2026-05-19 11:25:00,2026-05-19 11:55:00,30,35,2026-05-21 00:00:00
"4","BETBMG","TB가글(마일드,수출)","W26050358W10","SM20008","액상2호","4-R004","4공장 배합실","C03","M/M",2026-05-19 11:25:00,2026-05-19 13:19:00,"LCCUser","30분 교반",2026-05-19 11:25:00,2026-05-19 11:55:00,30,35,2026-05-21 00:00:00
"4","BETBMG","TB가글(마일드,수출)","W26050358W10","SM20008","액상2호","4-R004","4공장 배합실","C03","M/M",2026-05-19 11:25:00,2026-05-19 13:19:00,"LCCUser","15분 교반",2026-05-19 11:55:00,2026-05-19 12:09:00,15,20,2026-05-21 00:00:00
"4","BETBMG","TB가글(마일드,수출)","W26050358W10","SM20008","액상2호","4-R004","4공장 배합실","C03","M/M",2026-05-19 11:25:00,2026-05-19 13:19:00,"LCCUser","60분 교반",2026-05-19 12:11:00,2026-05-19 13:19:00,60,65,2026-05-21 00:00:00
"4","BETBMG","TB가글(마일드,수출)","W26050359W10","DS40002","4공장 용해조 2호","4-R004","4공장 배합실","C02","용해",2026-05-19 13:55:00,2026-05-19 14:25:00,"LCCUser","premixing 30분 용해",2026-05-19 13:55:00,2026-05-19 14:25:00,30,35,2026-05-21 00:00:00
"4","BETBMG","TB가글(마일드,수출)","W26050359W10","SM20008","액상2호","4-R004","4공장 배합실","C03","M/M",2026-05-19 13:55:00,2026-05-19 15:41:00,"LCCUser","60분 교반",2026-05-19 14:40:00,2026-05-19 15:41:00,60,65,2026-05-21 00:00:00
"4","BETBMG","TB가글(마일드,수출)","W26050359W10","SM20008","액상2호","4-R004","4공장 배합실","C03","M/M",2026-05-19 13:55:00,2026-05-19 15:41:00,"LCCUser","30분 교반",2026-05-19 13:55:00,2026-05-19 14:25:00,30,35,2026-05-21 00:00:00
"4","BETBMG","TB가글(마일드,수출)","W26050359W10","SM20008","액상2호","4-R004","4공장 배합실","C03","M/M",2026-05-19 13:55:00,2026-05-19 15:41:00,"LCCUser","15분 교반",2026-05-19 14:25:00,2026-05-19 14:40:00,15,20,2026-05-21 00:00:00
"4","BMHHET","3M손소독제(70％)","W26050360W10","DS40001","4공장 용해조 1호","4-R004","4공장 배합실","C02","용해",2026-05-19 09:34:00,2026-05-19 10:51:00,"LCCUser","10분 용해",2026-05-19 09:34:00,2026-05-19 09:44:00,10,15,2026-05-20 00:00:00
"4","BMHHET","3M손소독제(70％)","W26050360W10","DS40001","4공장 용해조 1호","4-R004","4공장 배합실","C02","용해",2026-05-19 09:34:00,2026-05-19 10:51:00,"LCCUser","35분 용해",2026-05-19 09:44:00,2026-05-19 10:19:00,35,40,2026-05-20 00:00:00
"4","BMHHET","3M손소독제(70％)","W26050360W10","DS40001","4공장 용해조 1호","4-R004","4공장 배합실","C02","용해",2026-05-19 09:34:00,2026-05-19 10:51:00,"LCCUser","30분 용해",2026-05-19 10:20:00,2026-05-19 10:51:00,30,35,2026-05-20 00:00:00
"4","BMHHET","3M손소독제(70％)","W26050360W10","SM20007","액상1호","4-R004","4공장 배합실","C03","M/M",2026-05-19 10:19:00,2026-05-19 11:57:00,"LCCUser","10분 교반",2026-05-19 10:20:00,2026-05-19 10:51:00,10,15,2026-05-20 00:00:00
"4","BMHHET","3M손소독제(70％)","W26050360W10","SM20007","액상1호","4-R004","4공장 배합실","C03","M/M",2026-05-19 10:19:00,2026-05-19 11:57:00,"LCCUser","10분 교반",2026-05-19 10:52:00,2026-05-19 11:02:00,10,15,2026-05-20 00:00:00
"4","BMHHET","3M손소독제(70％)","W26050360W10","SM20007","액상1호","4-R004","4공장 배합실","C03","M/M",2026-05-19 10:19:00,2026-05-19 11:57:00,"LCCUser","20분 교반",2026-05-19 11:02:00,2026-05-19 11:36:00,20,25,2026-05-20 00:00:00
"4","BMHHET","3M손소독제(70％)","W26050360W10","SM20007","액상1호","4-R004","4공장 배합실","C03","M/M",2026-05-19 10:19:00,2026-05-19 11:57:00,"LCCUser","20분 진공 탈포",2026-05-19 11:37:00,2026-05-19 11:57:00,20,25,2026-05-20 00:00:00
"4","BMHHET","3M손소독제(70％)","W26050361W10","DS40001","4공장 용해조 1호","4-R004","4공장 배합실","C02","용해",2026-05-19 13:30:00,2026-05-19 14:59:00,"LCCUser","35분 용해",2026-05-19 13:44:00,2026-05-19 14:21:00,35,40,2026-05-20 00:00:00
"4","BMHHET","3M손소독제(70％)","W26050361W10","DS40001","4공장 용해조 1호","4-R004","4공장 배합실","C02","용해",2026-05-19 13:30:00,2026-05-19 14:59:00,"LCCUser","30분 용해",2026-05-19 14:29:00,2026-05-19 14:59:00,30,35,2026-05-20 00:00:00
"4","BMHHET","3M손소독제(70％)","W26050361W10","DS40001","4공장 용해조 1호","4-R004","4공장 배합실","C02","용해",2026-05-19 13:30:00,2026-05-19 14:59:00,"LCCUser","10분 용해",2026-05-19 13:33:00,2026-05-19 13:43:00,10,15,2026-05-20 00:00:00
"4","BMHHET","3M손소독제(70％)","W26050361W10","SM20007","액상1호","4-R004","4공장 배합실","C03","M/M",2026-05-19 13:54:00,2026-05-19 15:55:00,"LCCUser","10분 교반",2026-05-19 14:29:00,2026-05-19 15:00:00,10,15,2026-05-20 00:00:00
"4","BMHHET","3M손소독제(70％)","W26050361W10","SM20007","액상1호","4-R004","4공장 배합실","C03","M/M",2026-05-19 13:54:00,2026-05-19 15:55:00,"LCCUser","10분 교반",2026-05-19 15:02:00,2026-05-19 15:14:00,10,15,2026-05-20 00:00:00
"4","BMHHET","3M손소독제(70％)","W26050361W10","SM20007","액상1호","4-R004","4공장 배합실","C03","M/M",2026-05-19 13:54:00,2026-05-19 15:55:00,"LCCUser","20분 진공 탈포",2026-05-19 15:34:00,2026-05-19 15:55:00,20,25,2026-05-20 00:00:00
"4","BMHHET","3M손소독제(70％)","W26050361W10","SM20007","액상1호","4-R004","4공장 배합실","C03","M/M",2026-05-19 13:54:00,2026-05-19 15:55:00,"LCCUser","20분 교반",2026-05-19 15:14:00,2026-05-19 15:34:00,20,25,2026-05-20 00:00:00
"5","BETBMG","TB가글(마일드,수출)","W26050367W10","DS50003","5공장 용해조 3호","5-R003","5공장 가글 배합실","C02","용해",2026-05-19 08:58:00,2026-05-19 09:28:00,"LCCUser","premixing 30분 용해",2026-05-19 08:58:00,2026-05-19 09:28:00,30,35,2026-05-20 00:00:00
"5","BETBMG","TB가글(마일드,수출)","W26050367W10","5M00003","제조 3호","5-R003","5공장 가글 배합실","C03","M/M",2026-05-19 08:58:00,2026-05-19 10:47:00,"LCCUser","30분 교반",2026-05-19 08:58:00,2026-05-19 09:28:00,30,35,2026-05-20 00:00:00
"5","BETBMG","TB가글(마일드,수출)","W26050367W10","5M00003","제조 3호","5-R003","5공장 가글 배합실","C03","M/M",2026-05-19 08:58:00,2026-05-19 10:47:00,"LCCUser","15분 교반",2026-05-19 09:28:00,2026-05-19 09:46:00,15,20,2026-05-20 00:00:00
"5","BETBMG","TB가글(마일드,수출)","W26050367W10","5M00003","제조 3호","5-R003","5공장 가글 배합실","C03","M/M",2026-05-19 08:58:00,2026-05-19 10:47:00,"LCCUser","60분 교반",2026-05-19 09:47:00,2026-05-19 10:47:00,60,65,2026-05-20 00:00:00
"5","BETBMG","TB가글(마일드,수출)","W26050368W10","DS50003","5공장 용해조 3호","5-R003","5공장 가글 배합실","C02","용해",2026-05-19 11:31:00,2026-05-19 13:43:00,"LCCUser","premixing 30분 용해",2026-05-19 13:13:00,2026-05-19 13:43:00,30,35,2026-05-20 00:00:00
"5","BETBMG","TB가글(마일드,수출)","W26050368W10","5M00003","제조 3호","5-R003","5공장 가글 배합실","C03","M/M",2026-05-19 11:31:00,2026-05-19 14:58:00,"LCCUser","60분 교반",2026-05-19 13:58:00,2026-05-19 14:58:00,60,65,2026-05-20 00:00:00
"5","BETBMG","TB가글(마일드,수출)","W26050368W10","5M00003","제조 3호","5-R003","5공장 가글 배합실","C03","M/M",2026-05-19 11:31:00,2026-05-19 14:58:00,"LCCUser","15분 교반",2026-05-19 13:43:00,2026-05-19 13:58:00,15,20,2026-05-20 00:00:00
"5","BETBMG","TB가글(마일드,수출)","W26050368W10","5M00003","제조 3호","5-R003","5공장 가글 배합실","C03","M/M",2026-05-19 11:31:00,2026-05-19 14:58:00,"LCCUser","30분 교반",2026-05-19 13:13:00,2026-05-19 13:43:00,30,35,2026-05-20 00:00:00
"1","BUP13050","P 스파리무버(유상)","W26050371W10","BM10002","B/M 2호","1-R004","유화 배합실","C03","M/M",2026-05-19 14:27:00,2026-05-19 15:11:00,"LCCUser","20분 교반",2026-05-19 14:51:11,2026-05-19 15:11:10,20,20,2026-05-20 00:00:00
"1","BUP13050","P 스파리무버(유상)","W26050371W10","BM10002","B/M 2호","1-R004","유화 배합실","C03","M/M",2026-05-19 14:27:00,2026-05-19 15:11:00,"LCCUser","20분 교반",2026-05-19 14:27:00,2026-05-19 14:47:48,20,20,2026-05-20 00:00:00
"1","BUP13050","P 스파리무버(유상)","W26050372W10","BM10002","B/M 2호","1-R004","유화 배합실","C03","M/M",2026-05-19 15:39:00,2026-05-19 16:23:00,"LCCUser","20분 교반",2026-05-19 16:02:59,2026-05-19 16:22:58,20,20,2026-05-20 00:00:00
"1","BUP13050","P 스파리무버(유상)","W26050372W10","BM10002","B/M 2호","1-R004","유화 배합실","C03","M/M",2026-05-19 15:39:00,2026-05-19 16:23:00,"LCCUser","20분 교반",2026-05-19 15:42:00,2026-05-19 16:02:30,20,20,2026-05-20 00:00:00
"1","BUP13050","P 스파리무버(유상)","W26050373W10","BM10002","B/M 2호","1-R004","유화 배합실","C03","M/M",2026-05-19 16:44:00,2026-05-19 17:30:00,"LCCUser","20분 교반",2026-05-19 17:06:13,2026-05-19 17:26:13,20,20,2026-05-21 00:00:00
"1","BUP13050","P 스파리무버(유상)","W26050373W10","BM10002","B/M 2호","1-R004","유화 배합실","C03","M/M",2026-05-19 16:44:00,2026-05-19 17:30:00,"LCCUser","20분 교반",2026-05-19 16:45:00,2026-05-19 17:05:08,20,20,2026-05-21 00:00:00
"1","BUP13050","P 스파리무버(유상)","W26050373W10","BM10002","B/M 2호","1-R004","유화 배합실","C03","M/M",2026-05-19 16:44:00,2026-05-19 17:30:00,"LCCUser","20분 교반",2026-05-19 17:06:13,2026-05-19 17:26:13,20,20,2026-05-20 00:00:00
"1","BUP13050","P 스파리무버(유상)","W26050373W10","BM10002","B/M 2호","1-R004","유화 배합실","C03","M/M",2026-05-19 16:44:00,2026-05-19 17:30:00,"LCCUser","20분 교반",2026-05-19 16:45:00,2026-05-19 17:05:08,20,20,2026-05-20 00:00:00
"1","BAKGGHWC","랩신청포도비누(중국)","W26050382W10","MX10001","워시믹서 1호","1-R004","유화 배합실","C03","M/M",2026-05-18 15:50:00,2026-05-18 17:45:00,"LCCUser","5분 교반",2026-05-18 17:25:00,2026-05-18 17:30:00,5,5,2026-05-19 00:00:00
"1","BAKGGHWC","랩신청포도비누(중국)","W26050382W10","MX10001","워시믹서 1호","1-R004","유화 배합실","C03","M/M",2026-05-18 15:50:00,2026-05-18 17:45:00,"LCCUser","5분 교반",2026-05-18 17:40:00,2026-05-18 17:45:00,5,5,2026-05-19 00:00:00
"1","BAKGGHWC","랩신청포도비누(중국)","W26050382W10","MX10001","워시믹서 1호","1-R004","유화 배합실","C03","M/M",2026-05-18 15:50:00,2026-05-18 17:45:00,"LCCUser","20분 교반",2026-05-18 16:50:00,2026-05-18 17:10:00,20,20,2026-05-19 00:00:00
"1","BAKGGHWC","랩신청포도비누(중국)","W26050382W10","MX10001","워시믹서 1호","1-R004","유화 배합실","C03","M/M",2026-05-18 15:50:00,2026-05-18 17:45:00,"LCCUser","5분 교반",2026-05-18 17:16:00,2026-05-18 17:21:00,5,5,2026-05-19 00:00:00
"1","BAKGGHWC","랩신청포도비누(중국)","W26050382W10","MX10001","워시믹서 1호","1-R004","유화 배합실","C03","M/M",2026-05-18 15:50:00,2026-05-18 17:45:00,"LCCUser","20분 교반",2026-05-18 16:00:00,2026-05-18 16:20:00,20,20,2026-05-19 00:00:00
"1","BAKGGHWC","랩신청포도비누(중국)","W26050382W10","MX10001","워시믹서 1호","1-R004","유화 배합실","C03","M/M",2026-05-18 15:50:00,2026-05-18 17:45:00,"LCCUser","20분 교반",2026-05-18 15:25:00,2026-05-18 16:45:00,20,20,2026-05-19 00:00:00
"5","BOEPEPNG19","프로무알콜가글","W26050384W10","DS50001","5공장 용해조 1호","5-R003","5공장 가글 배합실","C02","용해",2026-05-19 10:52:00,2026-05-19 12:05:00,"LCCUser","40분 용해",2026-05-19 11:01:00,2026-05-19 11:40:00,40,45,2026-05-20 00:00:00
"5","BOEPEPNG19","프로무알콜가글","W26050384W10","DS50001","5공장 용해조 1호","5-R003","5공장 가글 배합실","C02","용해",2026-05-19 10:52:00,2026-05-19 12:05:00,"LCCUser","20분 용해",2026-05-19 11:41:00,2026-05-19 12:05:00,20,25,2026-05-20 00:00:00
"5","BOEPEPNG19","프로무알콜가글","W26050384W10","5M00001","제조 1호","5-R003","5공장 가글 배합실","C03","M/M",2026-05-19 13:48:00,2026-05-19 14:19:00,"LCCUser","10분 교반",2026-05-19 13:48:00,2026-05-19 13:58:00,10,15,2026-05-20 00:00:00
"5","BOEPEPNG19","프로무알콜가글","W26050384W10","5M00001","제조 1호","5-R003","5공장 가글 배합실","C03","M/M",2026-05-19 13:48:00,2026-05-19 14:19:00,"LCCUser","20분 교반",2026-05-19 13:58:00,2026-05-19 14:18:00,20,25,2026-05-20 00:00:00
"5","BOEPEPNG19","프로무알콜가글","W26050385W10","DS50001","5공장 용해조 1호","5-R003","5공장 가글 배합실","C02","용해",2026-05-19 09:19:00,2026-05-19 10:27:00,"LCCUser","40분 용해",2026-05-19 09:24:00,2026-05-19 10:04:00,40,45,2026-05-20 00:00:00
"5","BOEPEPNG19","프로무알콜가글","W26050385W10","DS50001","5공장 용해조 1호","5-R003","5공장 가글 배합실","C02","용해",2026-05-19 09:19:00,2026-05-19 10:27:00,"LCCUser","20분 용해",2026-05-19 10:04:00,2026-05-19 10:27:00,20,25,2026-05-20 00:00:00
"5","BOEPEPNG19","프로무알콜가글","W26050385W10","5M00001","제조 1호","5-R003","5공장 가글 배합실","C03","M/M",2026-05-19 10:14:00,2026-05-19 10:47:00,"LCCUser","10분 교반",2026-05-19 10:14:00,2026-05-19 10:27:00,10,15,2026-05-20 00:00:00
"5","BOEPEPNG19","프로무알콜가글","W26050385W10","5M00001","제조 1호","5-R003","5공장 가글 배합실","C03","M/M",2026-05-19 10:14:00,2026-05-19 10:47:00,"LCCUser","20분 교반",2026-05-19 10:27:00,2026-05-19 10:47:00,20,25,2026-05-20 00:00:00
"1","BMFL16","OX몽글비누(레몬,공용)","W26050386W10","MX10001","워시믹서 1호","1-R004","유화 배합실","C03","M/M",2026-05-19 10:15:00,2026-05-19 11:44:00,"LCCUser","5분 교반",2026-05-19 11:01:42,2026-05-19 11:07:21,5,5,2026-05-21 00:00:00
"1","BMFL16","OX몽글비누(레몬,공용)","W26050386W10","MX10001","워시믹서 1호","1-R004","유화 배합실","C03","M/M",2026-05-19 10:15:00,2026-05-19 11:44:00,"LCCUser","20분 교반",2026-05-19 11:07:25,2026-05-19 11:29:05,20,20,2026-05-21 00:00:00
"1","BMFL16","OX몽글비누(레몬,공용)","W26050386W10","MX10001","워시믹서 1호","1-R004","유화 배합실","C03","M/M",2026-05-19 10:15:00,2026-05-19 11:44:00,"LCCUser","5분 교반",2026-05-19 11:29:09,2026-05-19 11:44:05,5,5,2026-05-21 00:00:00
"1","BMFL16","OX몽글비누(레몬,공용)","W26050386W10","MX10001","워시믹서 1호","1-R004","유화 배합실","C03","M/M",2026-05-19 10:15:00,2026-05-19 11:44:00,"LCCUser","20분 교반",2026-05-19 10:15:00,2026-05-19 11:01:24,20,20,2026-05-21 00:00:00
"1","BMFL16","OX몽글비누(레몬,공용)","W26050387W10","MX10001","워시믹서 1호","1-R004","유화 배합실","C03","M/M",2026-05-19 15:47:00,2026-05-19 17:12:00,"LCCUser","5분 교반",2026-05-19 17:06:47,2026-05-19 17:12:33,5,5,2026-05-21 00:00:00
"1","BMFL16","OX몽글비누(레몬,공용)","W26050387W10","MX10001","워시믹서 1호","1-R004","유화 배합실","C03","M/M",2026-05-19 15:47:00,2026-05-19 17:12:00,"LCCUser","20분 교반",2026-05-19 16:38:51,2026-05-19 17:06:42,20,20,2026-05-21 00:00:00
"1","BMFL16","OX몽글비누(레몬,공용)","W26050387W10","MX10001","워시믹서 1호","1-R004","유화 배합실","C03","M/M",2026-05-19 15:47:00,2026-05-19 17:12:00,"LCCUser","20분 교반",2026-05-19 15:53:00,2026-05-19 16:32:44,20,20,2026-05-21 00:00:00
"1","BMFL16","OX몽글비누(레몬,공용)","W26050387W10","MX10001","워시믹서 1호","1-R004","유화 배합실","C03","M/M",2026-05-19 15:47:00,2026-05-19 17:12:00,"LCCUser","5분 교반",2026-05-19 16:32:55,2026-05-19 16:38:48,5,5,2026-05-21 00:00:00
"1","BUP13049","P 스파리무버(수상)","W26050388W10","BM10002","B/M 2호","1-R004","유화 배합실","C03","M/M",2026-05-20 15:50:00,2026-05-20 16:31:00,"LCCUser","20분 교반",2026-05-20 16:10:38,2026-05-20 16:30:38,20,20,2026-05-21 00:00:00
"1","BUP13049","P 스파리무버(수상)","W26050388W10","BM10002","B/M 2호","1-R004","유화 배합실","C03","M/M",2026-05-20 15:50:00,2026-05-20 16:31:00,"LCCUser","5분 교반",2026-05-20 15:50:00,2026-05-20 15:55:31,5,5,2026-05-21 00:00:00
"1","BUP13049","P 스파리무버(수상)","W26050388W10","BM10002","B/M 2호","1-R004","유화 배합실","C03","M/M",2026-05-20 15:50:00,2026-05-20 16:31:00,"LCCUser","10분 교반",2026-05-20 16:00:23,2026-05-20 16:10:24,10,10,2026-05-21 00:00:00
"1","BUP13049","P 스파리무버(수상)","W26050389W10","BM10002","B/M 2호","1-R004","유화 배합실","C03","M/M",2026-05-20 16:46:00,2026-05-20 17:35:00,"LCCUser","10분 교반",2026-05-20 17:02:25,2026-05-20 17:12:24,10,10,2026-05-21 00:00:00
"1","BUP13049","P 스파리무버(수상)","W26050389W10","BM10002","B/M 2호","1-R004","유화 배합실","C03","M/M",2026-05-20 16:46:00,2026-05-20 17:35:00,"LCCUser","20분 교반",2026-05-20 17:14:07,2026-05-20 17:34:06,20,20,2026-05-21 00:00:00
"1","BUP13049","P 스파리무버(수상)","W26050389W10","BM10002","B/M 2호","1-R004","유화 배합실","C03","M/M",2026-05-20 16:46:00,2026-05-20 17:35:00,"LCCUser","5분 교반",2026-05-20 16:57:00,2026-05-20 17:02:21,5,5,2026-05-21 00:00:00
"1","BUP13050","P 스파리무버(유상)","W26050390W10","BM10002","B/M 2호","1-R004","유화 배합실","C03","M/M",2026-05-20 09:31:00,2026-05-20 10:15:00,"LCCUser","20분 교반",2026-05-20 09:32:00,2026-05-20 09:53:03,20,20,2026-05-21 00:00:00
"1","BUP13050","P 스파리무버(유상)","W26050390W10","BM10002","B/M 2호","1-R004","유화 배합실","C03","M/M",2026-05-20 09:31:00,2026-05-20 10:15:00,"LCCUser","20분 교반",2026-05-20 09:53:52,2026-05-20 10:13:52,20,20,2026-05-21 00:00:00
"1","BUP13050","P 스파리무버(유상)","W26050391W10","BM10002","B/M 2호","1-R004","유화 배합실","C03","M/M",2026-05-20 10:58:00,2026-05-20 11:41:00,"LCCUser","20분 교반",2026-05-20 11:19:00,2026-05-20 11:39:00,20,20,2026-05-21 00:00:00
"1","BUP13050","P 스파리무버(유상)","W26050391W10","BM10002","B/M 2호","1-R004","유화 배합실","C03","M/M",2026-05-20 10:58:00,2026-05-20 11:41:00,"LCCUser","20분 교반",2026-05-20 10:58:00,2026-05-20 11:18:42,20,20,2026-05-21 00:00:00
"1","BOXBLHN","OX바디로션(히노끼)","W26050392W10","GX12002","검믹서 4호","1-R004","유화 배합실","C02","용해",2026-05-20 09:06:00,2026-05-20 10:05:00,"LCCUser","30분간 교반 용해",2026-05-20 09:07:00,2026-05-20 10:05:00,30,30,2026-05-26 00:00:00
"1","BOXBLHN","OX바디로션(히노끼)","W26050392W10","OL11004","유상 용해조 4호","1-R004","유화 배합실","C02","용해",2026-05-20 09:06:00,2026-05-20 10:05:00,"LCCUser","40분간 교반 용해",2026-05-20 09:07:00,2026-05-20 10:05:00,40,40,2026-05-26 00:00:00
"1","BOXBLHN","OX바디로션(히노끼)","W26050392W10","AQ10004","수상 용해조 4호","1-R004","유화 배합실","C02","용해",2026-05-20 09:06:00,2026-05-20 10:05:00,"LCCUser","40분간 교반 용해",2026-05-20 09:07:00,2026-05-20 10:05:00,40,40,2026-05-26 00:00:00
"1","BOXBLHN","OX바디로션(히노끼)","W26050392W10","HM15004","H/M 4호","1-R004","유화 배합실","C03","M/M",2026-05-20 10:12:00,2026-05-20 11:31:00,"LCCUser","3분 교반",2026-05-20 11:03:48,2026-05-20 11:06:47,3,3,2026-05-26 00:00:00
"1","BOXBLHN","OX바디로션(히노끼)","W26050392W10","HM15004","H/M 4호","1-R004","유화 배합실","C03","M/M",2026-05-20 10:12:00,2026-05-20 11:31:00,"LCCUser","5분 교반",2026-05-20 10:33:59,2026-05-20 10:38:59,5,5,2026-05-26 00:00:00
"1","BOXBLHN","OX바디로션(히노끼)","W26050392W10","HM15004","H/M 4호","1-R004","유화 배합실","C03","M/M",2026-05-20 10:12:00,2026-05-20 11:31:00,"LCCUser","12분 교반",2026-05-20 10:14:12,2026-05-20 10:26:12,12,12,2026-05-26 00:00:00
"1","BOXBLHN","OX바디로션(히노끼)","W26050392W10","HM15004","H/M 4호","1-R004","유화 배합실","C03","M/M",2026-05-20 10:12:00,2026-05-20 11:31:00,"LCCUser","3분 교반",2026-05-20 10:30:16,2026-05-20 10:33:16,3,3,2026-05-26 00:00:00
"1","BNBGHW","NB거품비누(포도)","W26050393W10","WS13004","워시믹서 용해조","1-R004","유화 배합실","C02","용해",2026-05-20 09:39:00,2026-05-20 10:10:00,"LCCUser","20분간  교반 (완전 용해 확인)",2026-05-20 09:39:00,2026-05-20 10:10:00,20,20,2026-05-22 00:00:00
"1","BNBGHW","NB거품비누(포도)","W26050393W10","MX10002","워시믹서 2호","1-R004","유화 배합실","C03","M/M",2026-05-20 09:42:00,2026-05-20 11:14:00,"LCCUser","10분 교반",2026-05-20 10:35:04,2026-05-20 10:50:06,10,10,2026-05-22 00:00:00
"1","BNBGHW","NB거품비누(포도)","W26050393W10","MX10002","워시믹서 2호","1-R004","유화 배합실","C03","M/M",2026-05-20 09:42:00,2026-05-20 11:14:00,"LCCUser","20분 교반",2026-05-20 10:50:09,2026-05-20 11:13:40,20,20,2026-05-22 00:00:00
"1","BNBGHW","NB거품비누(포도)","W26050393W10","MX10002","워시믹서 2호","1-R004","유화 배합실","C03","M/M",2026-05-20 09:42:00,2026-05-20 11:14:00,"LCCUser","20분 교반",2026-05-20 10:12:01,2026-05-20 10:35:01,20,20,2026-05-22 00:00:00
"1","BNBGHW","NB거품비누(포도)","W26050393W10","MX10002","워시믹서 2호","1-R004","유화 배합실","C03","M/M",2026-05-20 09:42:00,2026-05-20 11:14:00,"LCCUser","20분 교반",2026-05-20 09:42:00,2026-05-20 10:11:58,20,20,2026-05-22 00:00:00
"1","BNBGHW","NB거품비누(포도)","W26050394W10","WS13004","워시믹서 용해조","1-R004","유화 배합실","C02","용해",2026-05-20 15:27:00,2026-05-20 16:00:00,"LCCUser","20분간  교반 (완전 용해 확인)",2026-05-20 15:27:00,2026-05-20 15:59:00,20,20,2026-05-22 00:00:00
"1","BNBGHW","NB거품비누(포도)","W26050394W10","MX10002","워시믹서 2호","1-R004","유화 배합실","C03","M/M",2026-05-20 15:29:00,2026-05-20 16:55:00,"LCCUser","20분 교반",2026-05-20 16:30:59,2026-05-20 16:55:20,20,20,2026-05-22 00:00:00
"1","BNBGHW","NB거품비누(포도)","W26050394W10","MX10002","워시믹서 2호","1-R004","유화 배합실","C03","M/M",2026-05-20 15:29:00,2026-05-20 16:55:00,"LCCUser","20분 교반",2026-05-20 15:32:00,2026-05-20 15:56:46,20,20,2026-05-22 00:00:00
"1","BNBGHW","NB거품비누(포도)","W26050394W10","MX10002","워시믹서 2호","1-R004","유화 배합실","C03","M/M",2026-05-20 15:29:00,2026-05-20 16:55:00,"LCCUser","20분 교반",2026-05-20 15:56:50,2026-05-20 16:20:11,20,20,2026-05-22 00:00:00
"1","BNBGHW","NB거품비누(포도)","W26050394W10","MX10002","워시믹서 2호","1-R004","유화 배합실","C03","M/M",2026-05-20 15:29:00,2026-05-20 16:55:00,"LCCUser","10분 교반",2026-05-20 16:20:15,2026-05-20 16:30:56,10,10,2026-05-22 00:00:00
"3","BUV68654738","VLC민트","W26050405W10","LC20012","L/C 2호","3-R003","3공장 배합실","C03","M/M",2026-05-20 10:02:00,2026-05-20 11:36:00,"LCCUser","20분 교반",2026-05-20 10:53:00,2026-05-20 11:15:00,20,20,2026-05-22 00:00:00
"3","BUV68654738","VLC민트","W26050405W10","LC20012","L/C 2호","3-R003","3공장 배합실","C03","M/M",2026-05-20 10:02:00,2026-05-20 11:36:00,"LCCUser","30분 교반",2026-05-20 10:19:00,2026-05-20 10:50:00,30,30,2026-05-22 00:00:00
"3","BUV68654738","VLC민트","W26050405W10","LC20012","L/C 2호","3-R003","3공장 배합실","C03","M/M",2026-05-20 10:02:00,2026-05-20 11:36:00,"LCCUser","20분 교반",2026-05-20 11:15:00,2026-05-20 11:36:00,20,20,2026-05-21 00:00:00
"3","BUV68654738","VLC민트","W26050405W10","LC20012","L/C 2호","3-R003","3공장 배합실","C03","M/M",2026-05-20 10:02:00,2026-05-20 11:36:00,"LCCUser","20분 교반",2026-05-20 10:53:00,2026-05-20 11:15:00,20,20,2026-05-21 00:00:00
"3","BUV68654738","VLC민트","W26050405W10","LC20012","L/C 2호","3-R003","3공장 배합실","C03","M/M",2026-05-20 10:02:00,2026-05-20 11:36:00,"LCCUser","30분 교반",2026-05-20 10:19:00,2026-05-20 10:50:00,30,30,2026-05-21 00:00:00
"3","BUV68654738","VLC민트","W26050405W10","LC20012","L/C 2호","3-R003","3공장 배합실","C03","M/M",2026-05-20 10:02:00,2026-05-20 11:36:00,"LCCUser","20분 교반",2026-05-20 11:15:00,2026-05-20 11:36:00,20,20,2026-05-22 00:00:00
"3","BVLC64392502","VLC메리체리","W26050406W10","LC20011","L/C 4호","3-R003","3공장 배합실","C03","M/M",2026-05-20 10:02:00,2026-05-20 13:23:00,"LCCUser","20분 교반",2026-05-20 11:37:00,2026-05-20 11:58:00,20,20,2026-05-22 00:00:00
"3","BVLC64392502","VLC메리체리","W26050406W10","LC20011","L/C 4호","3-R003","3공장 배합실","C03","M/M",2026-05-20 10:02:00,2026-05-20 13:23:00,"LCCUser","20분 교반",2026-05-20 10:53:00,2026-05-20 11:15:00,20,20,2026-05-22 00:00:00
"3","BVLC64392502","VLC메리체리","W26050406W10","LC20011","L/C 4호","3-R003","3공장 배합실","C03","M/M",2026-05-20 10:02:00,2026-05-20 13:23:00,"LCCUser","30분 교반",2026-05-20 10:19:00,2026-05-20 10:50:00,30,30,2026-05-22 00:00:00
"3","BVLC64392502","VLC메리체리","W26050406W10","LC20011","L/C 4호","3-R003","3공장 배합실","C03","M/M",2026-05-20 10:02:00,2026-05-20 13:23:00,"LCCUser","20분 교반",2026-05-20 11:37:00,2026-05-20 11:58:00,20,20,2026-05-21 00:00:00
"3","BVLC64392502","VLC메리체리","W26050406W10","LC20011","L/C 4호","3-R003","3공장 배합실","C03","M/M",2026-05-20 10:02:00,2026-05-20 13:23:00,"LCCUser","20분 교반",2026-05-20 11:15:00,2026-05-20 11:37:00,20,20,2026-05-21 00:00:00
"3","BVLC64392502","VLC메리체리","W26050406W10","LC20011","L/C 4호","3-R003","3공장 배합실","C03","M/M",2026-05-20 10:02:00,2026-05-20 13:23:00,"LCCUser","20분 교반",2026-05-20 10:53:00,2026-05-20 11:15:00,20,20,2026-05-21 00:00:00
"3","BVLC64392502","VLC메리체리","W26050406W10","LC20011","L/C 4호","3-R003","3공장 배합실","C03","M/M",2026-05-20 10:02:00,2026-05-20 13:23:00,"LCCUser","30분 교반",2026-05-20 10:19:00,2026-05-20 10:50:00,30,30,2026-05-21 00:00:00
"3","BVLC64392502","VLC메리체리","W26050406W10","LC20011","L/C 4호","3-R003","3공장 배합실","C03","M/M",2026-05-20 10:02:00,2026-05-20 13:23:00,"LCCUser","20분 교반",2026-05-20 11:15:00,2026-05-20 11:37:00,20,20,2026-05-22 00:00:00
"5","BETBIG","TB가글(아이시,수출)","W26050415W10","DS50003","5공장 용해조 3호","5-R003","5공장 가글 배합실","C02","용해",2026-05-20 10:00:00,2026-05-20 10:55:00,"LCCUser","45분 용해",2026-05-20 10:00:00,2026-05-20 10:54:00,45,50,2026-05-22 00:00:00
"5","BETBIG","TB가글(아이시,수출)","W26050415W10","5M00003","제조 3호","5-R003","5공장 가글 배합실","C03","M/M",2026-05-20 10:00:00,2026-05-20 12:10:00,"LCCUser","30분 교반",2026-05-20 10:00:00,2026-05-20 10:54:00,30,35,2026-05-22 00:00:00
"5","BETBIG","TB가글(아이시,수출)","W26050415W10","5M00003","제조 3호","5-R003","5공장 가글 배합실","C03","M/M",2026-05-20 10:00:00,2026-05-20 12:10:00,"LCCUser","15분 교반",2026-05-20 10:54:00,2026-05-20 11:09:00,15,20,2026-05-22 00:00:00
"5","BETBIG","TB가글(아이시,수출)","W26050415W10","5M00003","제조 3호","5-R003","5공장 가글 배합실","C03","M/M",2026-05-20 10:00:00,2026-05-20 12:10:00,"LCCUser","60분 교반",2026-05-20 11:09:00,2026-05-20 12:09:00,60,65,2026-05-22 00:00:00
"5","BETBMG","TB가글(마일드,수출)","W26050416W10","DS50003","5공장 용해조 3호","5-R003","5공장 가글 배합실","C02","용해",2026-05-20 09:03:00,2026-05-20 09:40:00,"LCCUser","premixing 30분 용해",2026-05-20 09:03:00,2026-05-20 09:40:00,30,35,2026-05-21 00:00:00
"5","BETBMG","TB가글(마일드,수출)","W26050416W10","5M00004","제조 4호","5-R003","5공장 가글 배합실","C03","M/M",2026-05-20 09:03:00,2026-05-20 11:10:00,"LCCUser","30분 교반",2026-05-20 09:03:00,2026-05-20 09:40:00,30,35,2026-05-21 00:00:00
"5","BETBMG","TB가글(마일드,수출)","W26050416W10","5M00004","제조 4호","5-R003","5공장 가글 배합실","C03","M/M",2026-05-20 09:03:00,2026-05-20 11:10:00,"LCCUser","15분 교반",2026-05-20 09:40:00,2026-05-20 09:55:00,15,20,2026-05-21 00:00:00
"5","BETBMG","TB가글(마일드,수출)","W26050416W10","5M00004","제조 4호","5-R003","5공장 가글 배합실","C03","M/M",2026-05-20 09:03:00,2026-05-20 11:10:00,"LCCUser","60분 교반",2026-05-20 09:55:00,2026-05-20 11:10:00,60,65,2026-05-21 00:00:00
"5","BETBMG","TB가글(마일드,수출)","W26050417W10","DS50003","5공장 용해조 3호","5-R003","5공장 가글 배합실","C02","용해",2026-05-20 11:29:00,2026-05-20 13:19:00,"LCCUser","premixing 30분 용해",2026-05-20 12:48:00,2026-05-20 13:18:00,30,35,2026-05-21 00:00:00
"5","BETBMG","TB가글(마일드,수출)","W26050417W10","5M00004","제조 4호","5-R003","5공장 가글 배합실","C03","M/M",2026-05-20 11:29:00,2026-05-20 14:49:00,"LCCUser","30분 교반",2026-05-20 12:48:00,2026-05-20 13:19:00,30,35,2026-05-21 00:00:00
"5","BETBMG","TB가글(마일드,수출)","W26050417W10","5M00004","제조 4호","5-R003","5공장 가글 배합실","C03","M/M",2026-05-20 11:29:00,2026-05-20 14:49:00,"LCCUser","60분 교반",2026-05-20 13:35:00,2026-05-20 14:49:00,60,65,2026-05-21 00:00:00
"5","BETBMG","TB가글(마일드,수출)","W26050417W10","5M00004","제조 4호","5-R003","5공장 가글 배합실","C03","M/M",2026-05-20 11:29:00,2026-05-20 14:49:00,"LCCUser","15분 교반",2026-05-20 13:19:00,2026-05-20 13:35:00,15,20,2026-05-21 00:00:00
"4","BETBMG","TB가글(마일드,수출)","W26050418W10","DS40002","4공장 용해조 2호","4-R004","4공장 배합실","C02","용해",2026-05-20 09:16:00,2026-05-20 09:46:00,"LCCUser","premixing 30분 용해",2026-05-20 09:16:00,2026-05-20 09:46:00,30,35,2026-05-21 00:00:00
"4","BETBMG","TB가글(마일드,수출)","W26050418W10","SM20008","액상2호","4-R004","4공장 배합실","C03","M/M",2026-05-20 09:16:00,2026-05-20 11:06:00,"LCCUser","15분 교반",2026-05-20 09:46:00,2026-05-20 10:03:00,15,20,2026-05-21 00:00:00
"4","BETBMG","TB가글(마일드,수출)","W26050418W10","SM20008","액상2호","4-R004","4공장 배합실","C03","M/M",2026-05-20 09:16:00,2026-05-20 11:06:00,"LCCUser","30분 교반",2026-05-20 09:16:00,2026-05-20 09:46:00,30,35,2026-05-21 00:00:00
"4","BETBMG","TB가글(마일드,수출)","W26050418W10","SM20008","액상2호","4-R004","4공장 배합실","C03","M/M",2026-05-20 09:16:00,2026-05-20 11:06:00,"LCCUser","60분 교반",2026-05-20 10:04:00,2026-05-20 11:05:00,60,65,2026-05-21 00:00:00
"4","BAKPGM","2080퓨어가글마일드","W26050419W10","DS40003","4공장 용해조 3호","4-R004","4공장 배합실","C02","용해",2026-05-20 09:31:00,2026-05-20 10:13:00,"LCCUser","40분 교반",2026-05-20 09:33:00,2026-05-20 10:13:00,40,45,2026-05-21 00:00:00
"4","BAKPGM","2080퓨어가글마일드","W26050419W10","GA15001","액상3호","4-R004","4공장 배합실","C03","M/M",2026-05-20 09:51:00,2026-05-20 10:42:00,"LCCUser","20분 교반",2026-05-20 09:51:00,2026-05-20 10:17:00,20,25,2026-05-21 00:00:00
"4","BAKPGM","2080퓨어가글마일드","W26050419W10","GA15001","액상3호","4-R004","4공장 배합실","C03","M/M",2026-05-20 09:51:00,2026-05-20 10:42:00,"LCCUser","20분 교반",2026-05-20 10:20:00,2026-05-20 10:42:00,20,25,2026-05-21 00:00:00
"4","BAKPGM","2080퓨어가글마일드","W26050420W10","DS40003","4공장 용해조 3호","4-R004","4공장 배합실","C02","용해",2026-05-20 13:33:00,2026-05-20 14:15:00,"LCCUser","40분 교반",2026-05-20 13:33:00,2026-05-20 14:15:00,40,45,2026-05-21 00:00:00
"4","BAKPGM","2080퓨어가글마일드","W26050420W10","GA15001","액상3호","4-R004","4공장 배합실","C03","M/M",2026-05-20 13:45:00,2026-05-20 14:41:00,"LCCUser","20분 교반",2026-05-20 13:45:00,2026-05-20 14:16:00,20,25,2026-05-21 00:00:00
"4","BAKPGM","2080퓨어가글마일드","W26050420W10","GA15001","액상3호","4-R004","4공장 배합실","C03","M/M",2026-05-20 13:45:00,2026-05-20 14:41:00,"LCCUser","20분 교반",2026-05-20 14:19:00,2026-05-20 14:41:00,20,25,2026-05-21 00:00:00
"3","BUV68921451","VLC코코넛","W26050421W10","LC20012","L/C 2호","3-R003","3공장 배합실","C03","M/M",2026-05-21 13:25:00,2026-05-21 15:04:00,"LCCUser","20분 교반",2026-05-21 14:43:00,2026-05-21 15:04:00,20,20,2026-05-22 00:00:00
"3","BUV68921451","VLC코코넛","W26050421W10","LC20012","L/C 2호","3-R003","3공장 배합실","C03","M/M",2026-05-21 13:25:00,2026-05-21 15:04:00,"LCCUser","30분 교반",2026-05-21 13:48:00,2026-05-21 14:19:00,30,30,2026-05-22 00:00:00
"3","BUV68921451","VLC코코넛","W26050421W10","LC20012","L/C 2호","3-R003","3공장 배합실","C03","M/M",2026-05-21 13:25:00,2026-05-21 15:04:00,"LCCUser","20분 교반",2026-05-21 14:21:00,2026-05-21 14:42:00,20,20,2026-05-22 00:00:00
"3","BUV68654738","VLC민트","W26050422W10","LC20012","L/C 2호","3-R003","3공장 배합실","C03","M/M",2026-05-21 09:40:00,2026-05-21 11:40:00,"LCCUser","20분 교반",2026-05-21 10:53:00,2026-05-21 11:16:00,20,20,2026-05-22 00:00:00
"3","BUV68654738","VLC민트","W26050422W10","LC20012","L/C 2호","3-R003","3공장 배합실","C03","M/M",2026-05-21 09:40:00,2026-05-21 11:40:00,"LCCUser","20분 교반",2026-05-21 10:32:00,2026-05-21 10:53:00,20,20,2026-05-22 00:00:00
"3","BUV68654738","VLC민트","W26050422W10","LC20012","L/C 2호","3-R003","3공장 배합실","C03","M/M",2026-05-21 09:40:00,2026-05-21 11:40:00,"LCCUser","30분 교반",2026-05-21 09:56:00,2026-05-21 10:29:00,30,30,2026-05-22 00:00:00
"3","BVLC64392502","VLC메리체리","W26050423W10","LC20011","L/C 4호","3-R003","3공장 배합실","C03","M/M",2026-05-21 09:39:00,2026-05-21 11:51:00,"LCCUser","20분 교반",2026-05-21 10:34:00,2026-05-21 10:54:00,20,20,2026-05-22 00:00:00
"3","BVLC64392502","VLC메리체리","W26050423W10","LC20011","L/C 4호","3-R003","3공장 배합실","C03","M/M",2026-05-21 09:39:00,2026-05-21 11:51:00,"LCCUser","20분 교반",2026-05-21 10:55:00,2026-05-21 11:16:00,20,20,2026-05-22 00:00:00
"3","BVLC64392502","VLC메리체리","W26050423W10","LC20011","L/C 4호","3-R003","3공장 배합실","C03","M/M",2026-05-21 09:39:00,2026-05-21 11:51:00,"LCCUser","20분 교반",2026-05-21 11:31:00,2026-05-21 11:51:00,20,20,2026-05-22 00:00:00
"3","BVLC64392502","VLC메리체리","W26050423W10","LC20011","L/C 4호","3-R003","3공장 배합실","C03","M/M",2026-05-21 09:39:00,2026-05-21 11:51:00,"LCCUser","30분 교반",2026-05-21 09:56:00,2026-05-21 10:28:00,30,30,2026-05-22 00:00:00
"4","BOCHS20","UX손소독제(70％)","W26050424W10","DS40001","4공장 용해조 1호","4-R004","4공장 배합실","C02","용해",2026-05-20 08:52:00,2026-05-20 10:21:00,"LCCUser","35분 용해",2026-05-20 09:04:00,2026-05-20 09:41:00,35,40,2026-05-22 00:00:00
"4","BOCHS20","UX손소독제(70％)","W26050424W10","DS40001","4공장 용해조 1호","4-R004","4공장 배합실","C02","용해",2026-05-20 08:52:00,2026-05-20 10:21:00,"LCCUser","35분 용해",2026-05-20 09:45:00,2026-05-20 10:21:00,35,40,2026-05-22 00:00:00
"4","BOCHS20","UX손소독제(70％)","W26050424W10","DS40001","4공장 용해조 1호","4-R004","4공장 배합실","C02","용해",2026-05-20 08:52:00,2026-05-20 10:21:00,"LCCUser","10분 용해",2026-05-20 08:52:00,2026-05-20 09:04:00,10,15,2026-05-22 00:00:00
"4","BOCHS20","UX손소독제(70％)","W26050424W10","SM20007","액상1호","4-R004","4공장 배합실","C03","M/M",2026-05-20 09:43:00,2026-05-20 11:26:00,"LCCUser","20분 진공 탈포",2026-05-20 10:59:00,2026-05-20 11:26:00,20,25,2026-05-22 00:00:00
"4","BOCHS20","UX손소독제(70％)","W26050424W10","SM20007","액상1호","4-R004","4공장 배합실","C03","M/M",2026-05-20 09:43:00,2026-05-20 11:26:00,"LCCUser","20분 교반",2026-05-20 10:38:00,2026-05-20 10:58:00,20,25,2026-05-22 00:00:00
"4","BOCHS20","UX손소독제(70％)","W26050424W10","SM20007","액상1호","4-R004","4공장 배합실","C03","M/M",2026-05-20 09:43:00,2026-05-20 11:26:00,"LCCUser","10분 교반",2026-05-20 09:59:00,2026-05-20 10:21:00,10,15,2026-05-22 00:00:00
"4","BOCHS20","UX손소독제(70％)","W26050424W10","SM20007","액상1호","4-R004","4공장 배합실","C03","M/M",2026-05-20 09:43:00,2026-05-20 11:26:00,"LCCUser","10분 교반",2026-05-20 10:24:00,2026-05-20 10:36:00,10,15,2026-05-22 00:00:00
"1","BOXBLHN","OX바디로션(히노끼)","W26050437W10","OL11004","유상 용해조 4호","1-R004","유화 배합실","C02","용해",2026-05-21 08:57:00,2026-05-21 09:39:00,"LCCUser","40분간 교반 용해",2026-05-21 08:57:00,2026-05-21 09:38:00,40,40,2026-05-26 00:00:00
"1","BOXBLHN","OX바디로션(히노끼)","W26050437W10","AQ10004","수상 용해조 4호","1-R004","유화 배합실","C02","용해",2026-05-21 08:57:00,2026-05-21 09:39:00,"LCCUser","40분간 교반 용해",2026-05-21 08:57:00,2026-05-21 09:38:00,40,40,2026-05-26 00:00:00
"1","BOXBLHN","OX바디로션(히노끼)","W26050437W10","GX12002","검믹서 4호","1-R004","유화 배합실","C02","용해",2026-05-21 08:57:00,2026-05-21 09:39:00,"LCCUser","30분간 교반 용해",2026-05-21 08:57:00,2026-05-21 09:39:00,30,30,2026-05-26 00:00:00
"1","BOXBLHN","OX바디로션(히노끼)","W26050437W10","HM15004","H/M 4호","1-R004","유화 배합실","C03","M/M",2026-05-21 09:39:00,2026-05-21 10:51:00,"LCCUser","3분 교반",2026-05-21 10:33:07,2026-05-21 10:36:08,3,3,2026-05-26 00:00:00
"1","BOXBLHN","OX바디로션(히노끼)","W26050437W10","HM15004","H/M 4호","1-R004","유화 배합실","C03","M/M",2026-05-21 09:39:00,2026-05-21 10:51:00,"LCCUser","5분 교반",2026-05-21 10:00:15,2026-05-21 10:05:16,5,5,2026-05-26 00:00:00
"1","BOXBLHN","OX바디로션(히노끼)","W26050437W10","HM15004","H/M 4호","1-R004","유화 배합실","C03","M/M",2026-05-21 09:39:00,2026-05-21 10:51:00,"LCCUser","12분 교반",2026-05-21 09:41:20,2026-05-21 09:53:20,12,12,2026-05-26 00:00:00
"1","BOXBLHN","OX바디로션(히노끼)","W26050437W10","HM15004","H/M 4호","1-R004","유화 배합실","C03","M/M",2026-05-21 09:39:00,2026-05-21 10:51:00,"LCCUser","3분 교반",2026-05-21 09:56:27,2026-05-21 09:59:28,3,3,2026-05-26 00:00:00
"1","BOXBLHN","OX바디로션(히노끼)","W26050438W10","GX12002","검믹서 4호","1-R004","유화 배합실","C02","용해",2026-05-21 11:43:00,2026-05-21 12:33:00,"LCCUser","30분간 교반 용해",2026-05-21 11:43:00,2026-05-21 12:33:00,30,30,2026-05-26 00:00:00
"1","BOXBLHN","OX바디로션(히노끼)","W26050438W10","OL11004","유상 용해조 4호","1-R004","유화 배합실","C02","용해",2026-05-21 11:43:00,2026-05-21 12:33:00,"LCCUser","40분간 교반 용해",2026-05-21 11:43:00,2026-05-21 12:33:00,40,40,2026-05-26 00:00:00
"1","BOXBLHN","OX바디로션(히노끼)","W26050438W10","AQ10004","수상 용해조 4호","1-R004","유화 배합실","C02","용해",2026-05-21 11:43:00,2026-05-21 12:33:00,"LCCUser","40분간 교반 용해",2026-05-21 11:43:00,2026-05-21 12:33:00,40,40,2026-05-26 00:00:00
"1","BOXBLHN","OX바디로션(히노끼)","W26050438W10","HM15004","H/M 4호","1-R004","유화 배합실","C03","M/M",2026-05-21 12:33:00,2026-05-21 13:40:00,"LCCUser","5분 교반",2026-05-21 12:57:18,2026-05-21 13:02:19,5,5,2026-05-26 00:00:00
"1","BOXBLHN","OX바디로션(히노끼)","W26050438W10","HM15004","H/M 4호","1-R004","유화 배합실","C03","M/M",2026-05-21 12:33:00,2026-05-21 13:40:00,"LCCUser","3분 교반",2026-05-21 13:26:12,2026-05-21 13:29:11,3,3,2026-05-26 00:00:00
"1","BOXBLHN","OX바디로션(히노끼)","W26050438W10","HM15004","H/M 4호","1-R004","유화 배합실","C03","M/M",2026-05-21 12:33:00,2026-05-21 13:40:00,"LCCUser","3분 교반",2026-05-21 12:53:38,2026-05-21 12:56:38,3,3,2026-05-26 00:00:00
"1","BOXBLHN","OX바디로션(히노끼)","W26050438W10","HM15004","H/M 4호","1-R004","유화 배합실","C03","M/M",2026-05-21 12:33:00,2026-05-21 13:40:00,"LCCUser","12분 교반",2026-05-21 12:38:54,2026-05-21 12:50:54,12,12,2026-05-26 00:00:00
"1","BOXBLHN","OX바디로션(히노끼)","W26050439W10","GX12002","검믹서 4호","1-R004","유화 배합실","C02","용해",2026-05-21 13:38:00,2026-05-21 14:26:00,"LCCUser","30분간 교반 용해",2026-05-21 13:39:00,2026-05-21 14:26:00,30,30,2026-05-26 00:00:00
"1","BOXBLHN","OX바디로션(히노끼)","W26050439W10","AQ10004","수상 용해조 4호","1-R004","유화 배합실","C02","용해",2026-05-21 13:38:00,2026-05-21 14:26:00,"LCCUser","40분간 교반 용해",2026-05-21 13:38:00,2026-05-21 14:26:00,40,40,2026-05-26 00:00:00
"1","BOXBLHN","OX바디로션(히노끼)","W26050439W10","OL11004","유상 용해조 4호","1-R004","유화 배합실","C02","용해",2026-05-21 13:38:00,2026-05-21 14:26:00,"LCCUser","40분간 교반 용해",2026-05-21 13:39:00,2026-05-21 14:26:00,40,40,2026-05-26 00:00:00
"1","BOXBLHN","OX바디로션(히노끼)","W26050439W10","HM15004","H/M 4호","1-R004","유화 배합실","C03","M/M",2026-05-21 14:27:00,2026-05-21 15:42:00,"LCCUser","12분 교반",2026-05-21 14:39:05,2026-05-21 14:51:05,12,12,2026-05-26 00:00:00
"1","BOXBLHN","OX바디로션(히노끼)","W26050439W10","HM15004","H/M 4호","1-R004","유화 배합실","C03","M/M",2026-05-21 14:27:00,2026-05-21 15:42:00,"LCCUser","3분 교반",2026-05-21 14:54:06,2026-05-21 14:57:05,3,3,2026-05-26 00:00:00
"1","BOXBLHN","OX바디로션(히노끼)","W26050439W10","HM15004","H/M 4호","1-R004","유화 배합실","C03","M/M",2026-05-21 14:27:00,2026-05-21 15:42:00,"LCCUser","5분 교반",2026-05-21 14:57:43,2026-05-21 15:02:44,5,5,2026-05-26 00:00:00
"1","BOXBLHN","OX바디로션(히노끼)","W26050439W10","HM15004","H/M 4호","1-R004","유화 배합실","C03","M/M",2026-05-21 14:27:00,2026-05-21 15:42:00,"LCCUser","3분 교반",2026-05-21 15:24:16,2026-05-21 15:27:16,3,3,2026-05-26 00:00:00
"1","BKOLO14","OX컨트롤로션","W26050440W10","AQ10006","수상 용해조 6호","1-R004","유화 배합실","C02","용해",2026-05-21 09:16:00,2026-05-21 09:58:00,"LCCUser","40분 교반용해",2026-05-21 09:16:00,2026-05-21 09:57:00,40,40,2026-05-27 00:00:00
"1","BKOLO14","OX컨트롤로션","W26050440W10","OL11006","유상 용해조 6호","1-R004","유화 배합실","C02","용해",2026-05-21 09:16:00,2026-05-21 09:58:00,"LCCUser","40분 교반용해",2026-05-21 09:16:00,2026-05-21 09:57:00,40,40,2026-05-27 00:00:00
"1","BKOLO14","OX컨트롤로션","W26050440W10","GX12004","검믹서 6호","1-R004","유화 배합실","C02","용해",2026-05-21 09:16:00,2026-05-21 09:58:00,"LCCUser","30분 교반",2026-05-21 09:16:00,2026-05-21 09:57:00,30,30,2026-05-27 00:00:00
"1","BKOLO14","OX컨트롤로션","W26050440W10","BM15006","B/M 6호","1-R004","유화 배합실","C03","M/M",2026-05-21 09:58:00,2026-05-21 11:46:00,"LCCUser","10분 교반",2026-05-21 10:05:00,2026-05-21 10:14:00,10,10,2026-05-27 00:00:00
"1","BKOLO14","OX컨트롤로션","W26050440W10","BM15006","B/M 6호","1-R004","유화 배합실","C03","M/M",2026-05-21 09:58:00,2026-05-21 11:46:00,"LCCUser","8분",2026-05-21 10:16:00,2026-05-21 10:22:24,8,8,2026-05-27 00:00:00
"1","BKOLO14","OX컨트롤로션","W26050440W10","BM15006","B/M 6호","1-R004","유화 배합실","C03","M/M",2026-05-21 09:58:00,2026-05-21 11:46:00,"LCCUser","5분",2026-05-21 10:47:00,2026-05-21 10:52:12,5,5,2026-05-27 00:00:00
"1","BUV60031","V 어드밴스로션(내수)","W26050441W10","GX12005","검믹서 7호","1-R004","유화 배합실","C02","용해",2026-05-21 09:05:00,2026-05-21 10:06:00,"LCCUser","60분 교반",2026-05-21 09:05:00,2026-05-21 10:06:00,60,60,2026-05-27 00:00:00
"1","BUV60031","V 어드밴스로션(내수)","W26050441W10","OL11007","유상 용해조 7호","1-R004","유화 배합실","C02","용해",2026-05-21 09:05:00,2026-05-21 10:06:00,"LCCUser","40분 교반",2026-05-21 09:05:00,2026-05-21 10:06:00,20,20,2026-05-27 00:00:00
"1","BUV60031","V 어드밴스로션(내수)","W26050441W10","AQ10007","수상 용해조 7호","1-R004","유화 배합실","C02","용해",2026-05-21 09:05:00,2026-05-21 10:06:00,"LCCUser","40분 교반",2026-05-21 09:05:00,2026-05-21 10:06:00,20,20,2026-05-27 00:00:00
"1","BUV60031","V 어드밴스로션(내수)","W26050441W10","HM15007","H/M 7호","1-R004","유화 배합실","C03","M/M",2026-05-21 10:06:00,2026-05-21 11:32:00,"LCCUser","3분 교반",2026-05-21 10:10:00,2026-05-21 10:13:58,3,3,2026-05-27 00:00:00
"1","BUV60031","V 어드밴스로션(내수)","W26050441W10","HM15007","H/M 7호","1-R004","유화 배합실","C03","M/M",2026-05-21 10:06:00,2026-05-21 11:32:00,"LCCUser","3분 교반",2026-05-21 10:15:34,2026-05-21 10:18:34,3,3,2026-05-27 00:00:00
"1","BUV60031","V 어드밴스로션(내수)","W26050441W10","HM15007","H/M 7호","1-R004","유화 배합실","C03","M/M",2026-05-21 10:06:00,2026-05-21 11:32:00,"LCCUser","5분 교반",2026-05-21 10:19:03,2026-05-21 10:24:04,5,5,2026-05-27 00:00:00
"1","BUV60031","V 어드밴스로션(내수)","W26050441W10","HM15007","H/M 7호","1-R004","유화 배합실","C03","M/M",2026-05-21 10:06:00,2026-05-21 11:32:00,"LCCUser","5분 교반",2026-05-21 11:07:49,2026-05-21 11:12:49,5,5,2026-05-27 00:00:00
"1","BUV60031","V 어드밴스로션(내수)","W26050442W10","AQ10007","수상 용해조 7호","1-R004","유화 배합실","C02","용해",2026-05-21 12:33:00,2026-05-21 13:33:00,"LCCUser","40분 교반",2026-05-21 12:33:00,2026-05-21 13:33:00,20,20,2026-05-27 00:00:00
"1","BUV60031","V 어드밴스로션(내수)","W26050442W10","GX12005","검믹서 7호","1-R004","유화 배합실","C02","용해",2026-05-21 12:33:00,2026-05-21 13:33:00,"LCCUser","60분 교반",2026-05-21 12:33:00,2026-05-21 13:33:00,60,60,2026-05-27 00:00:00
"1","BUV60031","V 어드밴스로션(내수)","W26050442W10","OL11007","유상 용해조 7호","1-R004","유화 배합실","C02","용해",2026-05-21 12:33:00,2026-05-21 13:33:00,"LCCUser","40분 교반",2026-05-21 12:33:00,2026-05-21 13:33:00,20,20,2026-05-27 00:00:00
"1","BUV60031","V 어드밴스로션(내수)","W26050442W10","HM15007","H/M 7호","1-R004","유화 배합실","C03","M/M",2026-05-21 13:33:00,2026-05-21 14:55:00,"LCCUser","3분 교반",2026-05-21 13:43:10,2026-05-21 13:46:10,3,3,2026-05-27 00:00:00
"1","BUV60031","V 어드밴스로션(내수)","W26050442W10","HM15007","H/M 7호","1-R004","유화 배합실","C03","M/M",2026-05-21 13:33:00,2026-05-21 14:55:00,"LCCUser","3분 교반",2026-05-21 13:39:46,2026-05-21 13:42:46,3,3,2026-05-27 00:00:00
"1","BUV60031","V 어드밴스로션(내수)","W26050442W10","HM15007","H/M 7호","1-R004","유화 배합실","C03","M/M",2026-05-21 13:33:00,2026-05-21 14:55:00,"LCCUser","5분 교반",2026-05-21 13:46:41,2026-05-21 13:51:41,5,5,2026-05-27 00:00:00
"1","BUV60031","V 어드밴스로션(내수)","W26050442W10","HM15007","H/M 7호","1-R004","유화 배합실","C03","M/M",2026-05-21 13:33:00,2026-05-21 14:55:00,"LCCUser","5분 교반",2026-05-21 14:32:01,2026-05-21 14:37:01,5,5,2026-05-27 00:00:00
"1","BKOSK10","OX컨트롤스킨","W26050443W10","SP15001","스킨믹서","1-R004","유화 배합실","C03","M/M",2026-05-21 10:30:00,2026-05-21 11:39:00,"LCCUser","40분 교반",2026-05-21 10:30:00,2026-05-21 11:12:50,40,40,2026-05-26 00:00:00
"1","BKOSK10","OX컨트롤스킨","W26050443W10","SP15001","스킨믹서","1-R004","유화 배합실","C03","M/M",2026-05-21 10:30:00,2026-05-21 11:39:00,"LCCUser","10분 교반",2026-05-21 11:13:00,2026-05-21 11:25:07,10,10,2026-05-26 00:00:00
"1","BKOSK10","OX컨트롤스킨","W26050443W10","SP15001","스킨믹서","1-R004","유화 배합실","C03","M/M",2026-05-21 10:30:00,2026-05-21 11:39:00,"LCCUser","10분 교반",2026-05-21 11:25:15,2026-05-21 11:38:35,10,10,2026-05-26 00:00:00
"1","BKOSK10","OX컨트롤스킨","W26050444W10","SP15001","스킨믹서","1-R004","유화 배합실","C03","M/M",2026-05-21 14:39:00,2026-05-21 15:42:00,"LCCUser","40분 교반",2026-05-21 14:39:00,2026-05-21 15:20:50,40,40,2026-05-26 00:00:00
"1","BKOSK10","OX컨트롤스킨","W26050444W10","SP15001","스킨믹서","1-R004","유화 배합실","C03","M/M",2026-05-21 14:39:00,2026-05-21 15:42:00,"LCCUser","10분 교반",2026-05-21 15:20:57,2026-05-21 15:31:36,10,10,2026-05-26 00:00:00
"1","BKOSK10","OX컨트롤스킨","W26050444W10","SP15001","스킨믹서","1-R004","유화 배합실","C03","M/M",2026-05-21 14:39:00,2026-05-21 15:42:00,"LCCUser","10분 교반",2026-05-21 15:31:42,2026-05-21 15:41:55,10,10,2026-05-26 00:00:00
"5","BGNPG19","프로가글(내수)","W26050445W10","DS50001","5공장 용해조 1호","5-R003","5공장 가글 배합실","C02","용해",2026-05-22 08:26:00,2026-05-22 09:42:00,"LCCUser","20분 용해",2026-05-22 09:07:00,2026-05-22 09:42:00,20,25,2026-05-26 00:00:00
"5","BGNPG19","프로가글(내수)","W26050445W10","DS50001","5공장 용해조 1호","5-R003","5공장 가글 배합실","C02","용해",2026-05-22 08:26:00,2026-05-22 09:42:00,"LCCUser","40분 용해",2026-05-22 08:26:00,2026-05-22 09:07:00,40,45,2026-05-26 00:00:00
"5","BGNPG19","프로가글(내수)","W26050445W10","5M00001","제조 1호","5-R003","5공장 가글 배합실","C03","M/M",2026-05-22 10:02:00,2026-05-22 10:34:00,"LCCUser","20분 교반",2026-05-22 10:13:00,2026-05-22 10:34:00,20,25,2026-05-26 00:00:00
"5","BGNPG19","프로가글(내수)","W26050445W10","5M00001","제조 1호","5-R003","5공장 가글 배합실","C03","M/M",2026-05-22 10:02:00,2026-05-22 10:34:00,"LCCUser","10분 교반",2026-05-22 10:02:00,2026-05-22 10:13:00,10,15,2026-05-26 00:00:00
"5","BETBIG","TB가글(아이시,수출)","W26050446W10","DS50003","5공장 용해조 3호","5-R003","5공장 가글 배합실","C02","용해",2026-05-21 09:08:00,2026-05-21 09:55:00,"LCCUser","45분 용해",2026-05-21 09:08:00,2026-05-21 09:55:00,45,50,2026-05-22 00:00:00
"5","BETBIG","TB가글(아이시,수출)","W26050446W10","5M00003","제조 3호","5-R003","5공장 가글 배합실","C03","M/M",2026-05-21 09:08:00,2026-05-21 11:37:00,"LCCUser","60분 교반",2026-05-21 10:11:00,2026-05-21 11:37:00,60,65,2026-05-22 00:00:00
"5","BETBIG","TB가글(아이시,수출)","W26050446W10","5M00003","제조 3호","5-R003","5공장 가글 배합실","C03","M/M",2026-05-21 09:08:00,2026-05-21 11:37:00,"LCCUser","15분 교반",2026-05-21 09:55:00,2026-05-21 10:10:00,15,20,2026-05-22 00:00:00
"5","BETBIG","TB가글(아이시,수출)","W26050446W10","5M00003","제조 3호","5-R003","5공장 가글 배합실","C03","M/M",2026-05-21 09:08:00,2026-05-21 11:37:00,"LCCUser","30분 교반",2026-05-21 09:09:00,2026-05-21 09:41:00,30,35,2026-05-22 00:00:00
"5","BETBIG","TB가글(아이시,수출)","W26050447W10","DS50003","5공장 용해조 3호","5-R003","5공장 가글 배합실","C02","용해",2026-05-22 08:12:00,2026-05-22 09:06:00,"LCCUser","45분 용해",2026-05-22 08:17:00,2026-05-22 09:06:00,45,50,2026-05-26 00:00:00
"5","BETBIG","TB가글(아이시,수출)","W26050447W10","5M00003","제조 3호","5-R003","5공장 가글 배합실","C03","M/M",2026-05-22 08:17:00,2026-05-22 12:11:00,"LCCUser","60분 교반",2026-05-22 11:11:00,2026-05-22 12:11:00,60,65,2026-05-26 00:00:00
"5","BETBIG","TB가글(아이시,수출)","W26050447W10","5M00003","제조 3호","5-R003","5공장 가글 배합실","C03","M/M",2026-05-22 08:17:00,2026-05-22 12:11:00,"LCCUser","15분 교반",2026-05-22 08:47:00,2026-05-22 09:06:00,15,20,2026-05-26 00:00:00
"5","BETBIG","TB가글(아이시,수출)","W26050447W10","5M00003","제조 3호","5-R003","5공장 가글 배합실","C03","M/M",2026-05-22 08:17:00,2026-05-22 12:11:00,"LCCUser","30분 교반",2026-05-22 08:17:00,2026-05-22 08:47:00,30,35,2026-05-26 00:00:00
"5","BETBIG","TB가글(아이시,수출)","W26050448W10","DS50003","5공장 용해조 3호","5-R003","5공장 가글 배합실","C02","용해",2026-05-22 11:38:00,2026-05-22 13:59:00,"LCCUser","45분 용해",2026-05-22 12:07:00,2026-05-22 13:58:00,45,50,2026-05-26 00:00:00
"5","BETBIG","TB가글(아이시,수출)","W26050448W10","5M00003","제조 3호","5-R003","5공장 가글 배합실","C03","M/M",2026-05-22 11:38:00,2026-05-22 15:34:00,"LCCUser","60분 교반",2026-05-22 14:29:00,2026-05-22 15:34:00,60,65,2026-05-26 00:00:00
"5","BETBIG","TB가글(아이시,수출)","W26050448W10","5M00003","제조 3호","5-R003","5공장 가글 배합실","C03","M/M",2026-05-22 11:38:00,2026-05-22 15:34:00,"LCCUser","15분 교반",2026-05-22 12:41:00,2026-05-22 14:28:00,15,20,2026-05-26 00:00:00
"5","BETBIG","TB가글(아이시,수출)","W26050448W10","5M00003","제조 3호","5-R003","5공장 가글 배합실","C03","M/M",2026-05-22 11:38:00,2026-05-22 15:34:00,"LCCUser","30분 교반",2026-05-22 12:11:00,2026-05-22 12:41:00,30,35,2026-05-26 00:00:00
"5","BETBIG","TB가글(아이시,수출)","W26050449W10","DS50003","5공장 용해조 3호","5-R003","5공장 가글 배합실","C02","용해",2026-05-22 09:09:00,2026-05-22 09:56:00,"LCCUser","45분 용해",2026-05-22 09:09:00,2026-05-22 09:56:00,45,50,2026-05-26 00:00:00
"5","BETBIG","TB가글(아이시,수출)","W26050449W10","DS50003","5공장 용해조 3호","5-R003","5공장 가글 배합실","C02","용해",2026-05-22 09:09:00,2026-05-22 09:56:00,"LCCUser","45분 용해",2026-05-22 09:09:00,2026-05-22 09:56:00,45,50,2026-05-26 00:00:00
"5","BETBIG","TB가글(아이시,수출)","W26050449W10","DS50003","5공장 용해조 3호","5-R003","5공장 가글 배합실","C02","용해",2026-05-22 09:09:00,2026-05-22 09:56:00,"LCCUser","45분 용해",2026-05-22 09:09:00,2026-05-22 09:56:00,45,50,2026-05-27 00:00:00
"5","BETBIG","TB가글(아이시,수출)","W26050449W10","DS50003","5공장 용해조 3호","5-R003","5공장 가글 배합실","C02","용해",2026-05-22 09:09:00,2026-05-22 09:56:00,"LCCUser","45분 용해",2026-05-22 09:09:00,2026-05-22 09:56:00,45,50,2026-05-27 00:00:00
"5","BETBIG","TB가글(아이시,수출)","W26050449W10","5M00004","제조 4호","5-R003","5공장 가글 배합실","C03","M/M",2026-05-22 09:09:00,2026-05-22 11:02:00,"LCCUser","15분 교반",2026-05-22 09:40:00,2026-05-22 09:56:00,15,20,2026-05-26 00:00:00
"5","BETBIG","TB가글(아이시,수출)","W26050449W10","5M00004","제조 4호","5-R003","5공장 가글 배합실","C03","M/M",2026-05-22 09:09:00,2026-05-22 11:02:00,"LCCUser","60분 교반",2026-05-22 09:56:00,2026-05-22 11:00:00,60,65,2026-05-26 00:00:00
"5","BETBIG","TB가글(아이시,수출)","W26050449W10","5M00004","제조 4호","5-R003","5공장 가글 배합실","C03","M/M",2026-05-22 09:09:00,2026-05-22 11:02:00,"LCCUser","30분 교반",2026-05-22 09:09:00,2026-05-22 09:39:00,30,35,2026-05-27 00:00:00
"5","BETBIG","TB가글(아이시,수출)","W26050449W10","5M00004","제조 4호","5-R003","5공장 가글 배합실","C03","M/M",2026-05-22 09:09:00,2026-05-22 11:02:00,"LCCUser","60분 교반",2026-05-22 09:56:00,2026-05-22 11:00:00,60,65,2026-05-27 00:00:00
"5","BETBIG","TB가글(아이시,수출)","W26050449W10","5M00004","제조 4호","5-R003","5공장 가글 배합실","C03","M/M",2026-05-22 09:09:00,2026-05-22 11:02:00,"LCCUser","15분 교반",2026-05-22 09:40:00,2026-05-22 09:56:00,15,20,2026-05-27 00:00:00
"5","BETBIG","TB가글(아이시,수출)","W26050449W10","5M00004","제조 4호","5-R003","5공장 가글 배합실","C03","M/M",2026-05-22 09:09:00,2026-05-22 11:02:00,"LCCUser","15분 교반",2026-05-22 09:40:00,2026-05-22 09:56:00,15,20,2026-05-27 00:00:00
"5","BETBIG","TB가글(아이시,수출)","W26050449W10","5M00004","제조 4호","5-R003","5공장 가글 배합실","C03","M/M",2026-05-22 09:09:00,2026-05-22 11:02:00,"LCCUser","60분 교반",2026-05-22 09:56:00,2026-05-22 11:00:00,60,65,2026-05-27 00:00:00
"5","BETBIG","TB가글(아이시,수출)","W26050449W10","5M00004","제조 4호","5-R003","5공장 가글 배합실","C03","M/M",2026-05-22 09:09:00,2026-05-22 11:02:00,"LCCUser","30분 교반",2026-05-22 09:09:00,2026-05-22 09:39:00,30,35,2026-05-26 00:00:00
"5","BETBIG","TB가글(아이시,수출)","W26050449W10","5M00004","제조 4호","5-R003","5공장 가글 배합실","C03","M/M",2026-05-22 09:09:00,2026-05-22 11:02:00,"LCCUser","60분 교반",2026-05-22 09:56:00,2026-05-22 11:00:00,60,65,2026-05-26 00:00:00
"5","BETBIG","TB가글(아이시,수출)","W26050449W10","5M00004","제조 4호","5-R003","5공장 가글 배합실","C03","M/M",2026-05-22 09:09:00,2026-05-22 11:02:00,"LCCUser","30분 교반",2026-05-22 09:09:00,2026-05-22 09:39:00,30,35,2026-05-27 00:00:00
"5","BETBIG","TB가글(아이시,수출)","W26050449W10","5M00004","제조 4호","5-R003","5공장 가글 배합실","C03","M/M",2026-05-22 09:09:00,2026-05-22 11:02:00,"LCCUser","15분 교반",2026-05-22 09:40:00,2026-05-22 09:56:00,15,20,2026-05-26 00:00:00
"5","BETBIG","TB가글(아이시,수출)","W26050449W10","5M00004","제조 4호","5-R003","5공장 가글 배합실","C03","M/M",2026-05-22 09:09:00,2026-05-22 11:02:00,"LCCUser","30분 교반",2026-05-22 09:09:00,2026-05-22 09:39:00,30,35,2026-05-26 00:00:00
"4","BOXHSB","OX손소독제(바나나)","W26050450W10","DS40001","4공장 용해조 1호","4-R004","4공장 배합실","C02","용해",2026-05-21 09:11:00,2026-05-21 10:34:00,"LCCUser","30분 용해",2026-05-21 09:21:00,2026-05-21 09:58:00,30,35,2026-05-22 00:00:00
"4","BOXHSB","OX손소독제(바나나)","W26050450W10","DS40001","4공장 용해조 1호","4-R004","4공장 배합실","C02","용해",2026-05-21 09:11:00,2026-05-21 10:34:00,"LCCUser","30분 용해",2026-05-21 10:03:00,2026-05-21 10:34:00,30,35,2026-05-22 00:00:00
"4","BOXHSB","OX손소독제(바나나)","W26050450W10","DS40001","4공장 용해조 1호","4-R004","4공장 배합실","C02","용해",2026-05-21 09:11:00,2026-05-21 10:34:00,"LCCUser","10분 용해",2026-05-21 09:11:00,2026-05-21 09:21:00,10,15,2026-05-22 00:00:00
"4","BOXHSB","OX손소독제(바나나)","W26050450W10","SM20007","액상1호","4-R004","4공장 배합실","C03","M/M",2026-05-21 10:01:00,2026-05-21 11:33:00,"LCCUser","10분 교반",2026-05-21 10:38:00,2026-05-21 10:50:00,10,15,2026-05-22 00:00:00
"4","BOXHSB","OX손소독제(바나나)","W26050450W10","SM20007","액상1호","4-R004","4공장 배합실","C03","M/M",2026-05-21 10:01:00,2026-05-21 11:33:00,"LCCUser","10분 교반",2026-05-21 10:03:00,2026-05-21 10:34:00,10,15,2026-05-22 00:00:00
"4","BOXHSB","OX손소독제(바나나)","W26050450W10","SM20007","액상1호","4-R004","4공장 배합실","C03","M/M",2026-05-21 10:01:00,2026-05-21 11:33:00,"LCCUser","20분 진공 탈포",2026-05-21 11:10:00,2026-05-21 11:33:00,20,25,2026-05-22 00:00:00
"4","BOXHSB","OX손소독제(바나나)","W26050450W10","SM20007","액상1호","4-R004","4공장 배합실","C03","M/M",2026-05-21 10:01:00,2026-05-21 11:33:00,"LCCUser","20분 교반",2026-05-21 10:50:00,2026-05-21 11:10:00,20,25,2026-05-22 00:00:00
"4","BETBGG","TB가글(클린민트,수출)","W26050451W10","SM20008","액상2호","4-R004","4공장 배합실","C03","M/M",2026-05-21 09:07:00,2026-05-21 10:59:00,"LCCUser","15분 교반",2026-05-21 10:42:00,2026-05-21 10:59:00,15,20,2026-05-22 00:00:00
"4","BETBGG","TB가글(클린민트,수출)","W26050451W10","SM20008","액상2호","4-R004","4공장 배합실","C03","M/M",2026-05-21 09:07:00,2026-05-21 10:59:00,"LCCUser","완전히 용해될때까지 20분 교반",2026-05-21 10:22:00,2026-05-21 10:42:00,20,25,2026-05-22 00:00:00
"4","BETBGG","TB가글(클린민트,수출)","W26050451W10","SM20008","액상2호","4-R004","4공장 배합실","C03","M/M",2026-05-21 09:07:00,2026-05-21 10:59:00,"LCCUser","투명해질때까지 15분 교반",2026-05-21 10:07:00,2026-05-21 10:22:00,15,20,2026-05-22 00:00:00
"4","BETBGG","TB가글(클린민트,수출)","W26050451W10","SM20008","액상2호","4-R004","4공장 배합실","C03","M/M",2026-05-21 09:07:00,2026-05-21 10:59:00,"LCCUser","완전히 균질해질때까지 60분 교반",2026-05-21 09:08:00,2026-05-21 10:07:00,60,65,2026-05-22 00:00:00
"4","BETBGG","TB가글(클린민트,수출)","W26050452W10","SM20008","액상2호","4-R004","4공장 배합실","C03","M/M",2026-05-21 11:51:00,2026-05-21 13:41:00,"LCCUser","완전히 용해될때까지 20분 교반",2026-05-21 13:06:00,2026-05-21 13:26:00,20,25,2026-05-22 00:00:00
"4","BETBGG","TB가글(클린민트,수출)","W26050452W10","SM20008","액상2호","4-R004","4공장 배합실","C03","M/M",2026-05-21 11:51:00,2026-05-21 13:41:00,"LCCUser","15분 교반",2026-05-21 13:26:00,2026-05-21 13:41:00,15,20,2026-05-22 00:00:00
"4","BETBGG","TB가글(클린민트,수출)","W26050452W10","SM20008","액상2호","4-R004","4공장 배합실","C03","M/M",2026-05-21 11:51:00,2026-05-21 13:41:00,"LCCUser","투명해질때까지 15분 교반",2026-05-21 12:51:00,2026-05-21 13:06:00,15,20,2026-05-22 00:00:00
"4","BETBGG","TB가글(클린민트,수출)","W26050452W10","SM20008","액상2호","4-R004","4공장 배합실","C03","M/M",2026-05-21 11:51:00,2026-05-21 13:41:00,"LCCUser","완전히 균질해질때까지 60분 교반",2026-05-21 11:51:00,2026-05-21 12:51:00,60,65,2026-05-22 00:00:00
"4","BETBGG","TB가글(클린민트,수출)","W26050453W10","SM20008","액상2호","4-R004","4공장 배합실","C03","M/M",2026-05-21 14:22:00,2026-05-21 16:16:00,"LCCUser","완전히 용해될때까지 20분 교반",2026-05-21 15:39:00,2026-05-21 15:59:00,20,25,2026-05-22 00:00:00
"4","BETBGG","TB가글(클린민트,수출)","W26050453W10","SM20008","액상2호","4-R004","4공장 배합실","C03","M/M",2026-05-21 14:22:00,2026-05-21 16:16:00,"LCCUser","완전히 균질해질때까지 60분 교반",2026-05-21 14:22:00,2026-05-21 15:22:00,60,65,2026-05-22 00:00:00
"4","BETBGG","TB가글(클린민트,수출)","W26050453W10","SM20008","액상2호","4-R004","4공장 배합실","C03","M/M",2026-05-21 14:22:00,2026-05-21 16:16:00,"LCCUser","투명해질때까지 15분 교반",2026-05-21 15:22:00,2026-05-21 15:39:00,15,20,2026-05-22 00:00:00
"4","BETBGG","TB가글(클린민트,수출)","W26050453W10","SM20008","액상2호","4-R004","4공장 배합실","C03","M/M",2026-05-21 14:22:00,2026-05-21 16:16:00,"LCCUser","15분 교반",2026-05-21 15:59:00,2026-05-21 16:16:00,15,20,2026-05-22 00:00:00
"4","BTBMG","TB가글(마일드)","W26050454W10","DS40002","4공장 용해조 2호","4-R004","4공장 배합실","C02","용해",2026-05-21 17:02:00,2026-05-21 17:33:00,"LCCUser","premixing 30분 용해",2026-05-21 17:02:00,2026-05-21 17:33:00,30,35,2026-05-22 00:00:00
"4","BTBMG","TB가글(마일드)","W26050454W10","DS40002","4공장 용해조 2호","4-R004","4공장 배합실","C02","용해",2026-05-21 17:02:00,2026-05-21 17:33:00,"LCCUser","premixing 30분 용해",2026-05-21 17:02:00,2026-05-21 17:33:00,30,35,2026-05-26 00:00:00
"4","BTBMG","TB가글(마일드)","W26050454W10","SM20008","액상2호","4-R004","4공장 배합실","C03","M/M",2026-05-21 17:02:00,2026-05-21 18:13:00,"LCCUser","40분 교반",2026-05-21 17:33:00,2026-05-21 18:13:00,40,45,2026-05-26 00:00:00
"4","BTBMG","TB가글(마일드)","W26050454W10","SM20008","액상2호","4-R004","4공장 배합실","C03","M/M",2026-05-21 17:02:00,2026-05-21 18:13:00,"LCCUser","30분 교반",2026-05-21 17:02:00,2026-05-21 17:33:00,30,35,2026-05-26 00:00:00
"4","BTBMG","TB가글(마일드)","W26050454W10","SM20008","액상2호","4-R004","4공장 배합실","C03","M/M",2026-05-21 17:02:00,2026-05-21 18:13:00,"LCCUser","40분 교반",2026-05-21 17:33:00,2026-05-21 18:13:00,40,45,2026-05-22 00:00:00
"4","BTBMG","TB가글(마일드)","W26050454W10","SM20008","액상2호","4-R004","4공장 배합실","C03","M/M",2026-05-21 17:02:00,2026-05-21 18:13:00,"LCCUser","30분 교반",2026-05-21 17:02:00,2026-05-21 17:33:00,30,35,2026-05-22 00:00:00
"4","BAKPGM","2080퓨어가글마일드","W26050455W10","DS40003","4공장 용해조 3호","4-R004","4공장 배합실","C02","용해",2026-05-21 09:28:00,2026-05-21 10:10:00,"LCCUser","40분 교반",2026-05-21 09:29:00,2026-05-21 10:10:00,40,45,2026-05-21 00:00:00
"4","BAKPGM","2080퓨어가글마일드","W26050455W10","GA15001","액상3호","4-R004","4공장 배합실","C03","M/M",2026-05-21 09:43:00,2026-05-21 10:33:00,"LCCUser","20분 교반",2026-05-21 09:43:00,2026-05-21 10:10:00,20,25,2026-05-21 00:00:00
"4","BAKPGM","2080퓨어가글마일드","W26050455W10","GA15001","액상3호","4-R004","4공장 배합실","C03","M/M",2026-05-21 09:43:00,2026-05-21 10:33:00,"LCCUser","20분 교반",2026-05-21 10:14:00,2026-05-21 10:33:00,20,25,2026-05-21 00:00:00
"3","BUV115370","VLC오리지날","W26050456W10","LC20012","L/C 2호","3-R003","3공장 배합실","C03","M/M",2026-05-22 09:30:00,2026-05-22 11:10:00,"LCCUser","30분 교반",2026-05-22 09:50:00,2026-05-22 10:22:00,30,30,2026-05-26 00:00:00
"3","BUV115370","VLC오리지날","W26050456W10","LC20012","L/C 2호","3-R003","3공장 배합실","C03","M/M",2026-05-22 09:30:00,2026-05-22 11:10:00,"LCCUser","20분 교반",2026-05-22 10:27:00,2026-05-22 10:47:00,20,20,2026-05-26 00:00:00
"3","BUV115370","VLC오리지날","W26050456W10","LC20012","L/C 2호","3-R003","3공장 배합실","C03","M/M",2026-05-22 09:30:00,2026-05-22 11:10:00,"LCCUser","20분 교반",2026-05-22 10:48:00,2026-05-22 11:10:00,20,20,2026-05-26 00:00:00
"3","BUV115373","VLC코코아","W26050457W10","LC20013","L/C 5호","3-R003","3공장 배합실","C03","M/M",2026-05-22 09:29:00,2026-05-22 11:42:00,"LCCUser","20분 교반",2026-05-22 11:20:00,2026-05-22 11:42:00,20,20,2026-05-26 00:00:00
"3","BUV115373","VLC코코아","W26050457W10","LC20013","L/C 5호","3-R003","3공장 배합실","C03","M/M",2026-05-22 09:29:00,2026-05-22 11:42:00,"LCCUser","30분 교반",2026-05-22 09:50:00,2026-05-22 10:22:00,30,30,2026-05-26 00:00:00
"3","BUV115373","VLC코코아","W26050457W10","LC20013","L/C 5호","3-R003","3공장 배합실","C03","M/M",2026-05-22 09:29:00,2026-05-22 11:42:00,"LCCUser","20분 교반",2026-05-22 10:27:00,2026-05-22 10:47:00,20,20,2026-05-26 00:00:00
"3","BUV115373","VLC코코아","W26050457W10","LC20013","L/C 5호","3-R003","3공장 배합실","C03","M/M",2026-05-22 09:29:00,2026-05-22 11:42:00,"LCCUser","20분 교반",2026-05-22 10:48:00,2026-05-22 11:10:00,20,20,2026-05-26 00:00:00
"3","BUV68654738","VLC민트","W26050458W10","LC50009","L/C 1호","3-R003","3공장 배합실","C03","M/M",2026-05-22 14:33:00,2026-05-22 16:11:00,"LCCUser","20분 교반",2026-05-22 15:25:00,2026-05-22 15:47:00,20,20,2026-05-26 00:00:00
"3","BUV68654738","VLC민트","W26050458W10","LC50009","L/C 1호","3-R003","3공장 배합실","C03","M/M",2026-05-22 14:33:00,2026-05-22 16:11:00,"LCCUser","20분 교반",2026-05-22 15:48:00,2026-05-22 16:11:00,20,20,2026-05-26 00:00:00
"3","BUV68654738","VLC민트","W26050458W10","LC50009","L/C 1호","3-R003","3공장 배합실","C03","M/M",2026-05-22 14:33:00,2026-05-22 16:11:00,"LCCUser","30분 교반",2026-05-22 14:48:00,2026-05-22 15:19:00,30,30,2026-05-26 00:00:00
"3","BUV68654738","VLC민트","W26050459W10","LC20012","L/C 2호","3-R003","3공장 배합실","C03","M/M",2026-05-22 14:34:00,2026-05-22 16:12:00,"LCCUser","20분 교반",2026-05-22 15:25:00,2026-05-22 15:47:00,20,20,2026-05-26 00:00:00
"3","BUV68654738","VLC민트","W26050459W10","LC20012","L/C 2호","3-R003","3공장 배합실","C03","M/M",2026-05-22 14:34:00,2026-05-22 16:12:00,"LCCUser","30분 교반",2026-05-22 14:48:00,2026-05-22 15:19:00,30,30,2026-05-26 00:00:00
"3","BUV68654738","VLC민트","W26050459W10","LC20012","L/C 2호","3-R003","3공장 배합실","C03","M/M",2026-05-22 14:34:00,2026-05-22 16:12:00,"LCCUser","20분 교반",2026-05-22 15:48:00,2026-05-22 16:12:00,20,20,2026-05-26 00:00:00
"3","BVLC64392502","VLC메리체리","W26050460W10","LC20011","L/C 4호","3-R003","3공장 배합실","C03","M/M",2026-05-22 09:31:00,2026-05-22 11:43:00,"LCCUser","30분 교반",2026-05-22 09:50:00,2026-05-22 10:22:00,30,30,2026-05-26 00:00:00
"3","BVLC64392502","VLC메리체리","W26050460W10","LC20011","L/C 4호","3-R003","3공장 배합실","C03","M/M",2026-05-22 09:31:00,2026-05-22 11:43:00,"LCCUser","20분 교반",2026-05-22 10:26:00,2026-05-22 10:48:00,20,20,2026-05-26 00:00:00
"3","BVLC64392502","VLC메리체리","W26050460W10","LC20011","L/C 4호","3-R003","3공장 배합실","C03","M/M",2026-05-22 09:31:00,2026-05-22 11:43:00,"LCCUser","20분 교반",2026-05-22 10:48:00,2026-05-22 11:10:00,20,20,2026-05-26 00:00:00
"3","BVLC64392502","VLC메리체리","W26050460W10","LC20011","L/C 4호","3-R003","3공장 배합실","C03","M/M",2026-05-22 09:31:00,2026-05-22 11:43:00,"LCCUser","20분 교반",2026-05-22 11:20:00,2026-05-22 11:43:00,20,20,2026-05-26 00:00:00
"3","BVLC64392502","VLC메리체리","W26050461W10","LC20011","L/C 4호","3-R003","3공장 배합실","C03","M/M",2026-05-22 14:34:00,2026-05-22 16:33:00,"LCCUser","30분 교반",2026-05-22 14:48:00,2026-05-22 15:19:00,30,30,2026-05-26 00:00:00
"3","BVLC64392502","VLC메리체리","W26050461W10","LC20011","L/C 4호","3-R003","3공장 배합실","C03","M/M",2026-05-22 14:34:00,2026-05-22 16:33:00,"LCCUser","20분 교반",2026-05-22 15:48:00,2026-05-22 16:12:00,20,20,2026-05-26 00:00:00
"3","BVLC64392502","VLC메리체리","W26050461W10","LC20011","L/C 4호","3-R003","3공장 배합실","C03","M/M",2026-05-22 14:34:00,2026-05-22 16:33:00,"LCCUser","20분 교반",2026-05-22 16:12:00,2026-05-22 16:33:00,20,20,2026-05-26 00:00:00
"3","BVLC64392502","VLC메리체리","W26050461W10","LC20011","L/C 4호","3-R003","3공장 배합실","C03","M/M",2026-05-22 14:34:00,2026-05-22 16:33:00,"LCCUser","20분 교반",2026-05-22 15:25:00,2026-05-22 15:47:00,20,20,2026-05-26 00:00:00
"1","BUP13049","P 스파리무버(수상)","W26050478W10","BM10002","B/M 2호","1-R004","유화 배합실","C03","M/M",2026-05-22 09:12:00,2026-05-22 09:58:00,"LCCUser","5분 교반",2026-05-22 09:16:00,2026-05-22 09:21:32,5,5,2026-05-26 00:00:00
"1","BUP13049","P 스파리무버(수상)","W26050478W10","BM10002","B/M 2호","1-R004","유화 배합실","C03","M/M",2026-05-22 09:12:00,2026-05-22 09:58:00,"LCCUser","10분 교반",2026-05-22 09:25:30,2026-05-22 09:35:30,10,10,2026-05-26 00:00:00
"1","BUP13049","P 스파리무버(수상)","W26050478W10","BM10002","B/M 2호","1-R004","유화 배합실","C03","M/M",2026-05-22 09:12:00,2026-05-22 09:58:00,"LCCUser","20분 교반",2026-05-22 09:35:56,2026-05-22 09:55:57,20,20,2026-05-26 00:00:00
"1","BUP13049","P 스파리무버(수상)","W26050479W10","BM10002","B/M 2호","1-R004","유화 배합실","C03","M/M",2026-05-22 15:59:00,2026-05-22 16:41:00,"LCCUser","5분 교반",2026-05-22 16:06:00,2026-05-22 16:11:12,5,5,2026-05-27 00:00:00
"1","BUP13049","P 스파리무버(수상)","W26050479W10","BM10002","B/M 2호","1-R004","유화 배합실","C03","M/M",2026-05-22 15:59:00,2026-05-22 16:41:00,"LCCUser","10분 교반",2026-05-22 16:11:32,2026-05-22 16:21:31,10,10,2026-05-27 00:00:00
"1","BUP13049","P 스파리무버(수상)","W26050479W10","BM10002","B/M 2호","1-R004","유화 배합실","C03","M/M",2026-05-22 15:59:00,2026-05-22 16:41:00,"LCCUser","20분 교반",2026-05-22 16:21:36,2026-05-22 16:41:36,20,20,2026-05-27 00:00:00
"1","BUP13050","P 스파리무버(유상)","W26050480W10","BM10002","B/M 2호","1-R004","유화 배합실","C03","M/M",2026-05-22 10:40:00,2026-05-22 11:24:00,"LCCUser","20분 교반",2026-05-22 10:43:00,2026-05-22 11:03:28,20,20,2026-05-26 00:00:00
"1","BUP13050","P 스파리무버(유상)","W26050480W10","BM10002","B/M 2호","1-R004","유화 배합실","C03","M/M",2026-05-22 10:40:00,2026-05-22 11:24:00,"LCCUser","20분 교반",2026-05-22 11:03:40,2026-05-22 11:23:40,20,20,2026-05-26 00:00:00
"1","BUP13050","P 스파리무버(유상)","W26050481W10","BM10002","B/M 2호","1-R004","유화 배합실","C03","M/M",2026-05-22 14:10:00,2026-05-22 14:52:00,"LCCUser","20분 교반",2026-05-22 14:31:00,2026-05-22 14:51:00,20,20,2026-05-27 00:00:00
"1","BUP13050","P 스파리무버(유상)","W26050481W10","BM10002","B/M 2호","1-R004","유화 배합실","C03","M/M",2026-05-22 14:10:00,2026-05-22 14:52:00,"LCCUser","20분 교반",2026-05-22 14:10:00,2026-05-22 14:30:33,20,20,2026-05-27 00:00:00
"1","BOXBLHN","OX바디로션(히노끼)","W26050482W10","GX12002","검믹서 4호","1-R004","유화 배합실","C02","용해",2026-05-22 08:49:00,2026-05-22 09:32:00,"LCCUser","30분간 교반 용해",2026-05-22 08:49:00,2026-05-22 09:32:00,30,30,2026-05-26 00:00:00
"1","BOXBLHN","OX바디로션(히노끼)","W26050482W10","OL11004","유상 용해조 4호","1-R004","유화 배합실","C02","용해",2026-05-22 08:49:00,2026-05-22 09:32:00,"LCCUser","40분간 교반 용해",2026-05-22 08:49:00,2026-05-22 09:32:00,40,40,2026-05-26 00:00:00
"1","BOXBLHN","OX바디로션(히노끼)","W26050482W10","AQ10004","수상 용해조 4호","1-R004","유화 배합실","C02","용해",2026-05-22 08:49:00,2026-05-22 09:32:00,"LCCUser","40분간 교반 용해",2026-05-22 08:49:00,2026-05-22 09:32:00,40,40,2026-05-26 00:00:00
"1","BOXBLHN","OX바디로션(히노끼)","W26050482W10","HM15004","H/M 4호","1-R004","유화 배합실","C03","M/M",2026-05-22 09:32:00,2026-05-22 10:35:00,"LCCUser","3분 교반",2026-05-22 09:53:28,2026-05-22 09:56:29,3,3,2026-05-26 00:00:00
"1","BOXBLHN","OX바디로션(히노끼)","W26050482W10","HM15004","H/M 4호","1-R004","유화 배합실","C03","M/M",2026-05-22 09:32:00,2026-05-22 10:35:00,"LCCUser","3분 교반",2026-05-22 10:24:34,2026-05-22 10:27:33,3,3,2026-05-26 00:00:00
"1","BOXBLHN","OX바디로션(히노끼)","W26050482W10","HM15004","H/M 4호","1-R004","유화 배합실","C03","M/M",2026-05-22 09:32:00,2026-05-22 10:35:00,"LCCUser","12분 교반",2026-05-22 09:38:19,2026-05-22 09:50:19,12,12,2026-05-26 00:00:00
"1","BOXBLHN","OX바디로션(히노끼)","W26050482W10","HM15004","H/M 4호","1-R004","유화 배합실","C03","M/M",2026-05-22 09:32:00,2026-05-22 10:35:00,"LCCUser","5분 교반",2026-05-22 09:57:32,2026-05-22 10:02:32,5,5,2026-05-26 00:00:00
"1","BOXBLHN","OX바디로션(히노끼)","W26050483W10","GX12002","검믹서 4호","1-R004","유화 배합실","C02","용해",2026-05-22 11:23:00,2026-05-22 13:52:00,"LCCUser","30분간 교반 용해",2026-05-22 12:33:00,2026-05-22 13:52:00,30,30,2026-05-26 00:00:00
"1","BOXBLHN","OX바디로션(히노끼)","W26050483W10","AQ10004","수상 용해조 4호","1-R004","유화 배합실","C02","용해",2026-05-22 11:23:00,2026-05-22 13:52:00,"LCCUser","40분간 교반 용해",2026-05-22 12:33:00,2026-05-22 13:52:00,40,40,2026-05-26 00:00:00
"1","BOXBLHN","OX바디로션(히노끼)","W26050483W10","OL11004","유상 용해조 4호","1-R004","유화 배합실","C02","용해",2026-05-22 11:23:00,2026-05-22 13:52:00,"LCCUser","40분간 교반 용해",2026-05-22 12:33:00,2026-05-22 13:52:00,40,40,2026-05-26 00:00:00
"1","BOXBLHN","OX바디로션(히노끼)","W26050483W10","HM15004","H/M 4호","1-R004","유화 배합실","C03","M/M",2026-05-22 13:52:00,2026-05-22 15:01:00,"LCCUser","12분 교반",2026-05-22 13:59:08,2026-05-22 14:11:07,12,12,2026-05-26 00:00:00
"1","BOXBLHN","OX바디로션(히노끼)","W26050483W10","HM15004","H/M 4호","1-R004","유화 배합실","C03","M/M",2026-05-22 13:52:00,2026-05-22 15:01:00,"LCCUser","3분 교반",2026-05-22 14:14:46,2026-05-22 14:17:46,3,3,2026-05-26 00:00:00
"1","BOXBLHN","OX바디로션(히노끼)","W26050483W10","HM15004","H/M 4호","1-R004","유화 배합실","C03","M/M",2026-05-22 13:52:00,2026-05-22 15:01:00,"LCCUser","5분 교반",2026-05-22 14:18:33,2026-05-22 14:23:33,5,5,2026-05-26 00:00:00
"1","BOXBLHN","OX바디로션(히노끼)","W26050483W10","HM15004","H/M 4호","1-R004","유화 배합실","C03","M/M",2026-05-22 13:52:00,2026-05-22 15:01:00,"LCCUser","3분 교반",2026-05-22 14:55:30,2026-05-22 14:58:29,3,3,2026-05-26 00:00:00
"1","BUV60031","V 어드밴스로션(내수)","W26050484W10","OL11007","유상 용해조 7호","1-R004","유화 배합실","C02","용해",2026-05-22 08:56:00,2026-05-22 09:40:00,"LCCUser","40분 교반",2026-05-22 08:56:00,2026-05-22 09:40:00,20,20,2026-05-27 00:00:00
"1","BUV60031","V 어드밴스로션(내수)","W26050484W10","AQ10007","수상 용해조 7호","1-R004","유화 배합실","C02","용해",2026-05-22 08:56:00,2026-05-22 09:40:00,"LCCUser","40분 교반",2026-05-22 08:56:00,2026-05-22 09:39:00,20,20,2026-05-27 00:00:00
"1","BUV60031","V 어드밴스로션(내수)","W26050484W10","GX12005","검믹서 7호","1-R004","유화 배합실","C02","용해",2026-05-22 08:56:00,2026-05-22 09:40:00,"LCCUser","60분 교반",2026-05-22 08:56:00,2026-05-22 09:40:00,60,60,2026-05-27 00:00:00
"1","BUV60031","V 어드밴스로션(내수)","W26050484W10","HM15007","H/M 7호","1-R004","유화 배합실","C03","M/M",2026-05-22 09:40:00,2026-05-22 11:14:00,"LCCUser","3분 교반",2026-05-22 10:13:00,2026-05-22 10:16:19,3,3,2026-05-27 00:00:00
"1","BUV60031","V 어드밴스로션(내수)","W26050484W10","HM15007","H/M 7호","1-R004","유화 배합실","C03","M/M",2026-05-22 09:40:00,2026-05-22 11:14:00,"LCCUser","3분 교반",2026-05-22 10:17:04,2026-05-22 10:20:04,3,3,2026-05-27 00:00:00
"1","BUV60031","V 어드밴스로션(내수)","W26050484W10","HM15007","H/M 7호","1-R004","유화 배합실","C03","M/M",2026-05-22 09:40:00,2026-05-22 11:14:00,"LCCUser","5분 교반",2026-05-22 10:20:17,2026-05-22 10:25:17,5,5,2026-05-27 00:00:00
"1","BUV60031","V 어드밴스로션(내수)","W26050484W10","HM15007","H/M 7호","1-R004","유화 배합실","C03","M/M",2026-05-22 09:40:00,2026-05-22 11:14:00,"LCCUser","5분 교반",2026-05-22 11:09:12,2026-05-22 11:14:12,5,5,2026-05-27 00:00:00
"1","BUV60031","V 어드밴스로션(내수)","W26050485W10","OL11007","유상 용해조 7호","1-R004","유화 배합실","C02","용해",2026-05-22 14:04:00,2026-05-22 14:53:00,"LCCUser","40분 교반",2026-05-22 14:04:00,2026-05-22 14:53:00,20,20,2026-05-27 00:00:00
"1","BUV60031","V 어드밴스로션(내수)","W26050485W10","AQ10007","수상 용해조 7호","1-R004","유화 배합실","C02","용해",2026-05-22 14:04:00,2026-05-22 14:53:00,"LCCUser","40분 교반",2026-05-22 14:04:00,2026-05-22 14:53:00,20,20,2026-05-27 00:00:00
"1","BUV60031","V 어드밴스로션(내수)","W26050485W10","GX12005","검믹서 7호","1-R004","유화 배합실","C02","용해",2026-05-22 14:04:00,2026-05-22 14:53:00,"LCCUser","60분 교반",2026-05-22 14:04:00,2026-05-22 14:53:00,60,60,2026-05-27 00:00:00
"1","BUV60031","V 어드밴스로션(내수)","W26050485W10","HM15007","H/M 7호","1-R004","유화 배합실","C03","M/M",2026-05-22 14:53:00,2026-05-22 16:05:00,"LCCUser","3분 교반",2026-05-22 15:08:45,2026-05-22 15:11:45,3,3,2026-05-27 00:00:00
"1","BUV60031","V 어드밴스로션(내수)","W26050485W10","HM15007","H/M 7호","1-R004","유화 배합실","C03","M/M",2026-05-22 14:53:00,2026-05-22 16:05:00,"LCCUser","5분 교반",2026-05-22 15:12:52,2026-05-22 16:00:00,5,5,2026-05-27 00:00:00
"1","BUV60031","V 어드밴스로션(내수)","W26050485W10","HM15007","H/M 7호","1-R004","유화 배합실","C03","M/M",2026-05-22 14:53:00,2026-05-22 16:05:00,"LCCUser","5분 교반",2026-05-22 16:00:00,2026-05-22 16:05:00,5,5,2026-05-27 00:00:00
"1","BUV60031","V 어드밴스로션(내수)","W26050485W10","HM15007","H/M 7호","1-R004","유화 배합실","C03","M/M",2026-05-22 14:53:00,2026-05-22 16:05:00,"LCCUser","3분 교반",2026-05-22 15:05:13,2026-05-22 15:08:12,3,3,2026-05-27 00:00:00
"1","BMFG16","OX몽글비누(포도,공용)","W26050486W10","MX10001","워시믹서 1호","1-R004","유화 배합실","C03","M/M",2026-05-22 10:21:00,2026-05-22 11:37:00,"LCCUser","20분 교반",2026-05-22 11:06:16,2026-05-22 11:28:27,20,20,2026-05-26 00:00:00
"1","BMFG16","OX몽글비누(포도,공용)","W26050486W10","MX10001","워시믹서 1호","1-R004","유화 배합실","C03","M/M",2026-05-22 10:21:00,2026-05-22 11:37:00,"LCCUser","5분 교반",2026-05-22 11:28:45,2026-05-22 11:36:12,5,5,2026-05-26 00:00:00
"1","BMFG16","OX몽글비누(포도,공용)","W26050486W10","MX10001","워시믹서 1호","1-R004","유화 배합실","C03","M/M",2026-05-22 10:21:00,2026-05-22 11:37:00,"LCCUser","5분 교반",2026-05-22 10:58:01,2026-05-22 11:06:14,5,5,2026-05-26 00:00:00
"1","BMFG16","OX몽글비누(포도,공용)","W26050486W10","MX10001","워시믹서 1호","1-R004","유화 배합실","C03","M/M",2026-05-22 10:21:00,2026-05-22 11:37:00,"LCCUser","20분 교반",2026-05-22 10:21:00,2026-05-22 10:57:58,20,20,2026-05-26 00:00:00
"4","BOXHSB","OX손소독제(바나나)","W26050489W10","DS40001","4공장 용해조 1호","4-R004","4공장 배합실","C02","용해",2026-05-22 09:43:00,2026-05-22 10:57:00,"LCCUser","10분 용해",2026-05-22 09:43:00,2026-05-22 09:54:00,10,15,2026-05-26 00:00:00
"4","BOXHSB","OX손소독제(바나나)","W26050489W10","DS40001","4공장 용해조 1호","4-R004","4공장 배합실","C02","용해",2026-05-22 09:43:00,2026-05-22 10:57:00,"LCCUser","30분 용해",2026-05-22 09:54:00,2026-05-22 10:24:00,30,35,2026-05-26 00:00:00
"4","BOXHSB","OX손소독제(바나나)","W26050489W10","DS40001","4공장 용해조 1호","4-R004","4공장 배합실","C02","용해",2026-05-22 09:43:00,2026-05-22 10:57:00,"LCCUser","30분 용해",2026-05-22 10:25:00,2026-05-22 10:56:00,30,35,2026-05-26 00:00:00
"4","BOXHSB","OX손소독제(바나나)","W26050489W10","SM20007","액상1호","4-R004","4공장 배합실","C03","M/M",2026-05-22 10:24:00,2026-05-22 11:56:00,"LCCUser","20분 교반",2026-05-22 11:13:00,2026-05-22 11:35:00,20,25,2026-05-26 00:00:00
"4","BOXHSB","OX손소독제(바나나)","W26050489W10","SM20007","액상1호","4-R004","4공장 배합실","C03","M/M",2026-05-22 10:24:00,2026-05-22 11:56:00,"LCCUser","20분 진공 탈포",2026-05-22 11:35:00,2026-05-22 11:56:00,20,25,2026-05-26 00:00:00
"4","BOXHSB","OX손소독제(바나나)","W26050489W10","SM20007","액상1호","4-R004","4공장 배합실","C03","M/M",2026-05-22 10:24:00,2026-05-22 11:56:00,"LCCUser","10분 교반",2026-05-22 10:59:00,2026-05-22 11:10:00,10,15,2026-05-26 00:00:00
"4","BOXHSB","OX손소독제(바나나)","W26050489W10","SM20007","액상1호","4-R004","4공장 배합실","C03","M/M",2026-05-22 10:24:00,2026-05-22 11:56:00,"LCCUser","10분 교반",2026-05-22 10:25:00,2026-05-22 10:57:00,10,15,2026-05-26 00:00:00
"4","BETBMG","TB가글(마일드,수출)","W26050491W10","DS40002","4공장 용해조 2호","4-R004","4공장 배합실","C02","용해",2026-05-22 11:24:00,2026-05-22 11:55:00,"LCCUser","premixing 30분 용해",2026-05-22 11:24:00,2026-05-22 11:55:00,30,35,2026-05-26 00:00:00
"4","BETBMG","TB가글(마일드,수출)","W26050491W10","SM20008","액상2호","4-R004","4공장 배합실","C03","M/M",2026-05-22 11:24:00,2026-05-22 13:52:00,"LCCUser","60분 교반",2026-05-22 12:13:00,2026-05-22 13:52:00,60,65,2026-05-26 00:00:00
"4","BETBMG","TB가글(마일드,수출)","W26050491W10","SM20008","액상2호","4-R004","4공장 배합실","C03","M/M",2026-05-22 11:24:00,2026-05-22 13:52:00,"LCCUser","30분 교반",2026-05-22 11:24:00,2026-05-22 11:55:00,30,35,2026-05-26 00:00:00
"4","BETBMG","TB가글(마일드,수출)","W26050491W10","SM20008","액상2호","4-R004","4공장 배합실","C03","M/M",2026-05-22 11:24:00,2026-05-22 13:52:00,"LCCUser","15분 교반",2026-05-22 11:55:00,2026-05-22 12:12:00,15,20,2026-05-26 00:00:00
"4","BETBMG","TB가글(마일드,수출)","W26050492W10","DS40002","4공장 용해조 2호","4-R004","4공장 배합실","C02","용해",2026-05-22 14:31:00,2026-05-22 15:03:00,"LCCUser","premixing 30분 용해",2026-05-22 14:32:00,2026-05-22 15:03:00,30,35,2026-05-26 00:00:00
"4","BETBMG","TB가글(마일드,수출)","W26050492W10","SM20008","액상2호","4-R004","4공장 배합실","C03","M/M",2026-05-22 14:31:00,2026-05-22 16:30:00,"LCCUser","30분 교반",2026-05-22 14:32:00,2026-05-22 15:03:00,30,35,2026-05-26 00:00:00
"4","BETBMG","TB가글(마일드,수출)","W26050492W10","SM20008","액상2호","4-R004","4공장 배합실","C03","M/M",2026-05-22 14:31:00,2026-05-22 16:30:00,"LCCUser","15분 교반",2026-05-22 15:03:00,2026-05-22 15:18:00,15,20,2026-05-26 00:00:00
"4","BETBMG","TB가글(마일드,수출)","W26050492W10","SM20008","액상2호","4-R004","4공장 배합실","C03","M/M",2026-05-22 14:31:00,2026-05-22 16:30:00,"LCCUser","60분 교반",2026-05-22 15:18:00,2026-05-22 16:30:00,60,65,2026-05-26 00:00:00
"4","BETBMG","TB가글(마일드,수출)","W26050493W10","DS40002","4공장 용해조 2호","4-R004","4공장 배합실","C02","용해",2026-05-22 16:34:00,2026-05-22 17:05:00,"LCCUser","premixing 30분 용해",2026-05-22 16:34:00,2026-05-22 17:05:00,30,35,2026-05-26 00:00:00
"4","BETBMG","TB가글(마일드,수출)","W26050493W10","SM20008","액상2호","4-R004","4공장 배합실","C03","M/M",2026-05-22 16:34:00,2026-05-22 18:32:00,"LCCUser","60분 교반",2026-05-22 17:21:00,2026-05-22 18:32:00,60,65,2026-05-26 00:00:00
"4","BETBMG","TB가글(마일드,수출)","W26050493W10","SM20008","액상2호","4-R004","4공장 배합실","C03","M/M",2026-05-22 16:34:00,2026-05-22 18:32:00,"LCCUser","15분 교반",2026-05-22 17:05:00,2026-05-22 17:21:00,15,20,2026-05-26 00:00:00
"4","BETBMG","TB가글(마일드,수출)","W26050493W10","SM20008","액상2호","4-R004","4공장 배합실","C03","M/M",2026-05-22 16:34:00,2026-05-22 18:32:00,"LCCUser","30분 교반",2026-05-22 16:34:00,2026-05-22 17:05:00,30,35,2026-05-26 00:00:00
"1","BKOLO14","OX컨트롤로션","W26050494W10","BM15006","B/M 6호","1-R004","유화 배합실","C02","용해",2026-05-22 09:03:00,2026-05-22 09:45:00,"LCCUser","30분 교반",2026-05-22 09:45:00,2026-05-22 09:45:00,30,30,2026-05-27 00:00:00
"1","BKOLO14","OX컨트롤로션","W26050494W10","BM15006","B/M 6호","1-R004","유화 배합실","C02","용해",2026-05-22 09:03:00,2026-05-22 09:45:00,"LCCUser","40분 교반용해",2026-05-22 09:45:00,2026-05-22 09:45:00,40,40,2026-05-27 00:00:00
"1","BKOLO14","OX컨트롤로션","W26050494W10","BM15006","B/M 6호","1-R004","유화 배합실","C02","용해",2026-05-22 09:03:00,2026-05-22 09:45:00,"LCCUser","40분 교반용해",2026-05-22 09:03:00,2026-05-22 09:45:00,40,40,2026-05-27 00:00:00
"1","BKOLO14","OX컨트롤로션","W26050494W10","BM15006","B/M 6호","1-R004","유화 배합실","C03","M/M",2026-05-22 09:45:00,2026-05-22 10:47:00,"LCCUser","8분",2026-05-22 10:03:57,2026-05-22 10:09:57,8,8,2026-05-27 00:00:00
"1","BKOLO14","OX컨트롤로션","W26050494W10","BM15006","B/M 6호","1-R004","유화 배합실","C03","M/M",2026-05-22 09:45:00,2026-05-22 10:47:00,"LCCUser","10분 교반",2026-05-22 09:54:12,2026-05-22 10:02:13,10,10,2026-05-27 00:00:00
"1","BKOLO14","OX컨트롤로션","W26050494W10","BM15006","B/M 6호","1-R004","유화 배합실","C03","M/M",2026-05-22 09:45:00,2026-05-22 10:47:00,"LCCUser","5분",2026-05-22 10:37:15,2026-05-22 10:42:16,5,5,2026-05-27 00:00:00
"1","BKOLO14","OX컨트롤로션","W26050495W10","OL11006","유상 용해조 6호","1-R004","유화 배합실","C02","용해",2026-05-22 14:05:00,2026-05-22 14:57:00,"LCCUser","40분 교반용해",2026-05-22 14:05:00,2026-05-22 14:57:00,40,40,2026-05-27 00:00:00
"1","BKOLO14","OX컨트롤로션","W26050495W10","AQ10006","수상 용해조 6호","1-R004","유화 배합실","C02","용해",2026-05-22 14:05:00,2026-05-22 14:57:00,"LCCUser","40분 교반용해",2026-05-22 14:05:00,2026-05-22 14:57:00,40,40,2026-05-27 00:00:00
"1","BKOLO14","OX컨트롤로션","W26050495W10","GX12004","검믹서 6호","1-R004","유화 배합실","C02","용해",2026-05-22 14:05:00,2026-05-22 14:57:00,"LCCUser","30분 교반",2026-05-22 14:05:00,2026-05-22 14:57:00,30,30,2026-05-27 00:00:00
"1","BKOLO14","OX컨트롤로션","W26050495W10","BM15006","B/M 6호","1-R004","유화 배합실","C03","M/M",2026-05-22 14:57:00,2026-05-22 16:59:00,"LCCUser","5분",2026-05-22 16:15:45,2026-05-22 16:20:46,5,5,2026-05-27 00:00:00
"1","BKOLO14","OX컨트롤로션","W26050495W10","BM15006","B/M 6호","1-R004","유화 배합실","C03","M/M",2026-05-22 14:57:00,2026-05-22 16:59:00,"LCCUser","10분 교반",2026-05-22 15:32:26,2026-05-22 15:40:26,10,10,2026-05-27 00:00:00
"1","BKOLO14","OX컨트롤로션","W26050495W10","BM15006","B/M 6호","1-R004","유화 배합실","C03","M/M",2026-05-22 14:57:00,2026-05-22 16:59:00,"LCCUser","8분",2026-05-22 15:42:51,2026-05-22 15:48:51,8,8,2026-05-27 00:00:00
"4","BEYSSG","마우스워시(센서)","W26050496W10","DS40003","4공장 용해조 3호","4-R004","4공장 배합실","C02","용해",2026-05-22 09:12:00,2026-05-22 10:20:00,"LCCUser","20분 교반",2026-05-22 09:45:00,2026-05-22 10:20:00,20,25,2026-05-27 00:00:00
"4","BEYSSG","마우스워시(센서)","W26050496W10","DS40003","4공장 용해조 3호","4-R004","4공장 배합실","C02","용해",2026-05-22 09:12:00,2026-05-22 10:20:00,"LCCUser","20분 용해",2026-05-22 09:12:00,2026-05-22 09:44:00,20,25,2026-05-27 00:00:00
"4","BEYSSG","마우스워시(센서)","W26050496W10","GA15001","액상3호","4-R004","4공장 배합실","C03","M/M",2026-05-22 09:57:00,2026-05-22 10:43:00,"LCCUser","10분 교반",2026-05-22 09:57:00,2026-05-22 10:21:00,10,15,2026-05-27 00:00:00
"4","BEYSSG","마우스워시(센서)","W26050496W10","GA15001","액상3호","4-R004","4공장 배합실","C03","M/M",2026-05-22 09:57:00,2026-05-22 10:43:00,"LCCUser","20분 교반",2026-05-22 10:22:00,2026-05-22 10:43:00,20,25,2026-05-27 00:00:00
"4","BEYSSG","마우스워시(센서)","W26050497W10","DS40003","4공장 용해조 3호","4-R004","4공장 배합실","C02","용해",2026-05-22 14:16:00,2026-05-22 15:16:00,"LCCUser","20분 교반",2026-05-22 14:46:00,2026-05-22 15:16:00,20,25,2026-05-27 00:00:00
"4","BEYSSG","마우스워시(센서)","W26050497W10","DS40003","4공장 용해조 3호","4-R004","4공장 배합실","C02","용해",2026-05-22 14:16:00,2026-05-22 15:16:00,"LCCUser","20분 용해",2026-05-22 14:16:00,2026-05-22 14:46:00,20,25,2026-05-27 00:00:00
"4","BEYSSG","마우스워시(센서)","W26050497W10","GA15001","액상3호","4-R004","4공장 배합실","C03","M/M",2026-05-22 15:01:00,2026-05-22 15:38:00,"LCCUser","20분 교반",2026-05-22 15:17:00,2026-05-22 15:37:00,20,25,2026-05-27 00:00:00
"4","BEYSSG","마우스워시(센서)","W26050497W10","GA15001","액상3호","4-R004","4공장 배합실","C03","M/M",2026-05-22 15:01:00,2026-05-22 15:38:00,"LCCUser","10분 교반",2026-05-22 15:01:00,2026-05-22 15:16:00,10,15,2026-05-27 00:00:00
"4","BEYSMG","마우스워시(민트)","W26050498W10","DS40004","4공장 용해조 4호","4-R004","4공장 배합실","C02","용해",2026-05-22 10:52:00,2026-05-22 11:33:00,"LCCUser","20분 교반",2026-05-22 11:13:00,2026-05-22 11:33:00,20,25,2026-05-28 00:00:00
"4","BEYSMG","마우스워시(민트)","W26050498W10","DS40004","4공장 용해조 4호","4-R004","4공장 배합실","C02","용해",2026-05-22 10:52:00,2026-05-22 11:33:00,"LCCUser","20분 용해",2026-05-22 10:52:00,2026-05-22 11:13:00,20,25,2026-05-28 00:00:00
"4","BEYSMG","마우스워시(민트)","W26050498W10","DS40004","4공장 용해조 4호","4-R004","4공장 배합실","C02","용해",2026-05-22 10:52:00,2026-05-22 11:33:00,"LCCUser","20분 교반",2026-05-22 11:13:00,2026-05-22 11:33:00,20,25,2026-05-27 00:00:00
"4","BEYSMG","마우스워시(민트)","W26050498W10","DS40004","4공장 용해조 4호","4-R004","4공장 배합실","C02","용해",2026-05-22 10:52:00,2026-05-22 11:33:00,"LCCUser","20분 용해",2026-05-22 10:52:00,2026-05-22 11:13:00,20,25,2026-05-27 00:00:00
"4","BEYSMG","마우스워시(민트)","W26050498W10","SM20010","액상4호","4-R004","4공장 배합실","C03","M/M",2026-05-22 11:13:00,2026-05-22 12:06:00,"LCCUser","20분 교반",2026-05-22 11:34:00,2026-05-22 12:06:00,20,25,2026-05-28 00:00:00
"4","BEYSMG","마우스워시(민트)","W26050498W10","SM20010","액상4호","4-R004","4공장 배합실","C03","M/M",2026-05-22 11:13:00,2026-05-22 12:06:00,"LCCUser","10분 교반",2026-05-22 11:20:00,2026-05-22 11:33:00,10,15,2026-05-28 00:00:00
"4","BEYSMG","마우스워시(민트)","W26050498W10","SM20010","액상4호","4-R004","4공장 배합실","C03","M/M",2026-05-22 11:13:00,2026-05-22 12:06:00,"LCCUser","20분 교반",2026-05-22 11:34:00,2026-05-22 12:06:00,20,25,2026-05-27 00:00:00
"4","BEYSMG","마우스워시(민트)","W26050498W10","SM20010","액상4호","4-R004","4공장 배합실","C03","M/M",2026-05-22 11:13:00,2026-05-22 12:06:00,"LCCUser","10분 교반",2026-05-22 11:20:00,2026-05-22 11:33:00,10,15,2026-05-27 00:00:00
"4","BETBGG","TB가글(클린민트,수출)","W26050518W10","SM20008","액상2호","4-R004","4공장 배합실","C03","M/M",2026-05-22 08:52:00,2026-05-22 10:46:00,"LCCUser","완전히 균질해질때까지 60분 교반",2026-05-22 08:52:00,2026-05-22 09:53:00,60,65,2026-05-22 00:00:00
"4","BETBGG","TB가글(클린민트,수출)","W26050518W10","SM20008","액상2호","4-R004","4공장 배합실","C03","M/M",2026-05-22 08:52:00,2026-05-22 10:46:00,"LCCUser","15분 교반",2026-05-22 10:30:00,2026-05-22 10:46:00,15,20,2026-05-22 00:00:00
"4","BETBGG","TB가글(클린민트,수출)","W26050518W10","SM20008","액상2호","4-R004","4공장 배합실","C03","M/M",2026-05-22 08:52:00,2026-05-22 10:46:00,"LCCUser","투명해질때까지 15분 교반",2026-05-22 09:53:00,2026-05-22 10:09:00,15,20,2026-05-22 00:00:00
"4","BETBGG","TB가글(클린민트,수출)","W26050518W10","SM20008","액상2호","4-R004","4공장 배합실","C03","M/M",2026-05-22 08:52:00,2026-05-22 10:46:00,"LCCUser","완전히 용해될때까지 20분 교반",2026-05-22 10:09:00,2026-05-22 10:30:00,20,25,2026-05-22 00:00:00
"4","BETBMG","TB가글(마일드,수출)","W26050519W10","DS40002","4공장 용해조 2호","4-R004","4공장 배합실","C02","용해",2026-05-26 10:29:00,2026-05-26 10:59:00,"LCCUser","premixing 30분 용해",2026-05-26 10:29:00,2026-05-26 10:59:00,30,35,2026-05-26 00:00:00
"4","BETBMG","TB가글(마일드,수출)","W26050519W10","SM20008","액상2호","4-R004","4공장 배합실","C03","M/M",2026-05-26 10:29:00,2026-05-26 12:14:00,"LCCUser","15분 교반",2026-05-26 10:59:00,2026-05-26 11:13:00,15,20,2026-05-26 00:00:00
"4","BETBMG","TB가글(마일드,수출)","W26050519W10","SM20008","액상2호","4-R004","4공장 배합실","C03","M/M",2026-05-26 10:29:00,2026-05-26 12:14:00,"LCCUser","60분 교반",2026-05-26 11:13:00,2026-05-26 12:14:00,60,65,2026-05-26 00:00:00
"4","BETBMG","TB가글(마일드,수출)","W26050519W10","SM20008","액상2호","4-R004","4공장 배합실","C03","M/M",2026-05-26 10:29:00,2026-05-26 12:14:00,"LCCUser","30분 교반",2026-05-26 10:29:00,2026-05-26 10:59:00,30,35,2026-05-26 00:00:00
"4","BTBMG","TB가글(마일드)","W26050520W10","DS40002","4공장 용해조 2호","4-R004","4공장 배합실","C02","용해",2026-05-26 08:56:00,2026-05-26 09:26:00,"LCCUser","premixing 30분 용해",2026-05-26 08:56:00,2026-05-26 09:26:00,30,35,2026-05-27 00:00:00
"4","BTBMG","TB가글(마일드)","W26050520W10","DS40002","4공장 용해조 2호","4-R004","4공장 배합실","C02","용해",2026-05-26 08:56:00,2026-05-26 09:26:00,"LCCUser","premixing 30분 용해",2026-05-26 08:56:00,2026-05-26 09:26:00,30,35,2026-05-28 00:00:00
"4","BTBMG","TB가글(마일드)","W26050520W10","DS40002","4공장 용해조 2호","4-R004","4공장 배합실","C02","용해",2026-05-26 08:56:00,2026-05-26 09:26:00,"LCCUser","premixing 30분 용해",2026-05-26 08:56:00,2026-05-26 09:26:00,30,35,2026-05-29 00:00:00
"4","BTBMG","TB가글(마일드)","W26050520W10","SM20008","액상2호","4-R004","4공장 배합실","C03","M/M",2026-05-26 08:56:00,2026-05-26 10:12:00,"LCCUser","40분 교반",2026-05-26 09:26:00,2026-05-26 10:12:00,40,45,2026-05-28 00:00:00
"4","BTBMG","TB가글(마일드)","W26050520W10","SM20008","액상2호","4-R004","4공장 배합실","C03","M/M",2026-05-26 08:56:00,2026-05-26 10:12:00,"LCCUser","40분 교반",2026-05-26 09:26:00,2026-05-26 10:12:00,40,45,2026-05-29 00:00:00
"4","BTBMG","TB가글(마일드)","W26050520W10","SM20008","액상2호","4-R004","4공장 배합실","C03","M/M",2026-05-26 08:56:00,2026-05-26 10:12:00,"LCCUser","30분 교반",2026-05-26 08:56:00,2026-05-26 09:26:00,30,35,2026-05-27 00:00:00
"4","BTBMG","TB가글(마일드)","W26050520W10","SM20008","액상2호","4-R004","4공장 배합실","C03","M/M",2026-05-26 08:56:00,2026-05-26 10:12:00,"LCCUser","40분 교반",2026-05-26 09:26:00,2026-05-26 10:12:00,40,45,2026-05-27 00:00:00
"4","BTBMG","TB가글(마일드)","W26050520W10","SM20008","액상2호","4-R004","4공장 배합실","C03","M/M",2026-05-26 08:56:00,2026-05-26 10:12:00,"LCCUser","30분 교반",2026-05-26 08:56:00,2026-05-26 09:26:00,30,35,2026-05-28 00:00:00
"4","BTBMG","TB가글(마일드)","W26050520W10","SM20008","액상2호","4-R004","4공장 배합실","C03","M/M",2026-05-26 08:56:00,2026-05-26 10:12:00,"LCCUser","30분 교반",2026-05-26 08:56:00,2026-05-26 09:26:00,30,35,2026-05-29 00:00:00
"4","BTBMG","TB가글(마일드)","W26050521W10","DS40002","4공장 용해조 2호","4-R004","4공장 배합실","C02","용해",2026-05-26 12:41:00,2026-05-26 13:14:00,"LCCUser","premixing 30분 용해",2026-05-26 12:43:00,2026-05-26 13:14:00,30,35,2026-05-27 00:00:00
"4","BTBMG","TB가글(마일드)","W26050521W10","SM20008","액상2호","4-R004","4공장 배합실","C03","M/M",2026-05-26 12:41:00,2026-05-26 13:57:00,"LCCUser","40분 교반",2026-05-26 13:15:00,2026-05-26 13:57:00,40,45,2026-05-27 00:00:00
"4","BTBMG","TB가글(마일드)","W26050521W10","SM20008","액상2호","4-R004","4공장 배합실","C03","M/M",2026-05-26 12:41:00,2026-05-26 13:57:00,"LCCUser","30분 교반",2026-05-26 12:43:00,2026-05-26 13:14:00,30,35,2026-05-27 00:00:00
"4","BTBMG","TB가글(마일드)","W26050522W10","DS40002","4공장 용해조 2호","4-R004","4공장 배합실","C02","용해",2026-05-26 14:22:00,2026-05-26 14:52:00,"LCCUser","premixing 30분 용해",2026-05-26 14:22:00,2026-05-26 14:52:00,30,35,2026-05-27 00:00:00
"4","BTBMG","TB가글(마일드)","W26050522W10","SM20008","액상2호","4-R004","4공장 배합실","C03","M/M",2026-05-26 14:22:00,2026-05-26 15:34:00,"LCCUser","40분 교반",2026-05-26 14:52:00,2026-05-26 15:34:00,40,45,2026-05-27 00:00:00
"4","BTBMG","TB가글(마일드)","W26050522W10","SM20008","액상2호","4-R004","4공장 배합실","C03","M/M",2026-05-26 14:22:00,2026-05-26 15:34:00,"LCCUser","30분 교반",2026-05-26 14:22:00,2026-05-26 14:52:00,30,35,2026-05-27 00:00:00
"4","BTBMG","TB가글(마일드)","W26050524W10","DS40002","4공장 용해조 2호","4-R004","4공장 배합실","C02","용해",2026-05-26 16:03:00,2026-05-26 16:33:00,"LCCUser","premixing 30분 용해",2026-05-26 16:03:00,2026-05-26 16:33:00,30,35,2026-05-27 00:00:00
"4","BTBMG","TB가글(마일드)","W26050524W10","SM20008","액상2호","4-R004","4공장 배합실","C03","M/M",2026-05-26 16:03:00,2026-05-26 17:13:00,"LCCUser","40분 교반",2026-05-26 16:33:00,2026-05-26 17:13:00,40,45,2026-05-27 00:00:00
"4","BTBMG","TB가글(마일드)","W26050524W10","SM20008","액상2호","4-R004","4공장 배합실","C03","M/M",2026-05-26 16:03:00,2026-05-26 17:13:00,"LCCUser","30분 교반",2026-05-26 16:03:00,2026-05-26 16:33:00,30,35,2026-05-27 00:00:00
"1","BKOLO14","OX컨트롤로션","W26050526W10","AQ10006","수상 용해조 6호","1-R004","유화 배합실","C02","용해",2026-05-26 10:34:00,2026-05-26 12:33:00,"LCCUser","40분 교반용해",2026-05-26 10:46:00,2026-05-26 12:30:00,40,40,2026-05-27 00:00:00
"1","BKOLO14","OX컨트롤로션","W26050526W10","OL11006","유상 용해조 6호","1-R004","유화 배합실","C02","용해",2026-05-26 10:34:00,2026-05-26 12:33:00,"LCCUser","40분 교반용해",2026-05-26 10:46:00,2026-05-26 12:30:00,40,40,2026-05-27 00:00:00
"1","BKOLO14","OX컨트롤로션","W26050526W10","GX12004","검믹서 6호","1-R004","유화 배합실","C02","용해",2026-05-26 10:34:00,2026-05-26 12:33:00,"LCCUser","30분 교반",2026-05-26 10:46:00,2026-05-26 12:30:00,30,30,2026-05-27 00:00:00
"1","BKOLO14","OX컨트롤로션","W26050526W10","BM15006","B/M 6호","1-R004","유화 배합실","C03","M/M",2026-05-26 12:33:00,2026-05-26 14:09:00,"LCCUser","10분 교반",2026-05-26 12:36:38,2026-05-26 12:44:38,10,10,2026-05-27 00:00:00
"1","BKOLO14","OX컨트롤로션","W26050526W10","BM15006","B/M 6호","1-R004","유화 배합실","C03","M/M",2026-05-26 12:33:00,2026-05-26 14:09:00,"LCCUser","8분",2026-05-26 12:46:30,2026-05-26 12:52:31,8,8,2026-05-27 00:00:00
"1","BKOLO14","OX컨트롤로션","W26050526W10","BM15006","B/M 6호","1-R004","유화 배합실","C03","M/M",2026-05-26 12:33:00,2026-05-26 14:09:00,"LCCUser","5분",2026-05-26 13:21:07,2026-05-26 13:26:07,5,5,2026-05-27 00:00:00
"1","BKOLO14","OX컨트롤로션","W26050527W10","OL11006","유상 용해조 6호","1-R004","유화 배합실","C02","용해",2026-05-26 14:08:00,2026-05-26 15:09:00,"LCCUser","40분 교반용해",2026-05-26 14:08:00,2026-05-26 15:09:00,40,40,2026-05-27 00:00:00
"1","BKOLO14","OX컨트롤로션","W26050527W10","GX12004","검믹서 6호","1-R004","유화 배합실","C02","용해",2026-05-26 14:08:00,2026-05-26 15:09:00,"LCCUser","30분 교반",2026-05-26 14:09:00,2026-05-26 15:09:00,30,30,2026-05-27 00:00:00
"1","BKOLO14","OX컨트롤로션","W26050527W10","AQ10006","수상 용해조 6호","1-R004","유화 배합실","C02","용해",2026-05-26 14:08:00,2026-05-26 15:09:00,"LCCUser","40분 교반용해",2026-05-26 14:08:00,2026-05-26 15:09:00,40,40,2026-05-27 00:00:00
"1","BKOLO14","OX컨트롤로션","W26050527W10","BM15006","B/M 6호","1-R004","유화 배합실","C03","M/M",2026-05-26 15:09:00,2026-05-26 16:47:00,"LCCUser","8분",2026-05-26 15:29:15,2026-05-26 15:35:15,8,8,2026-05-27 00:00:00
"1","BKOLO14","OX컨트롤로션","W26050527W10","BM15006","B/M 6호","1-R004","유화 배합실","C03","M/M",2026-05-26 15:09:00,2026-05-26 16:47:00,"LCCUser","5분",2026-05-26 15:59:53,2026-05-26 16:04:53,5,5,2026-05-27 00:00:00
"1","BKOLO14","OX컨트롤로션","W26050527W10","BM15006","B/M 6호","1-R004","유화 배합실","C03","M/M",2026-05-26 15:09:00,2026-05-26 16:47:00,"LCCUser","10분 교반",2026-05-26 15:19:03,2026-05-26 15:27:02,10,10,2026-05-27 00:00:00
"1","BUV60031","V 어드밴스로션(내수)","W26050528W10","AQ10007","수상 용해조 7호","1-R004","유화 배합실","C02","용해",2026-05-26 13:30:00,2026-05-26 15:44:00,"LCCUser","40분 교반",2026-05-26 13:30:00,2026-05-26 14:51:00,20,20,2026-05-27 00:00:00
"1","BUV60031","V 어드밴스로션(내수)","W26050528W10","OL11007","유상 용해조 7호","1-R004","유화 배합실","C02","용해",2026-05-26 13:30:00,2026-05-26 15:44:00,"LCCUser","40분 교반",2026-05-26 13:30:00,2026-05-26 14:51:00,20,20,2026-05-27 00:00:00
"1","BUV60031","V 어드밴스로션(내수)","W26050528W10","GX12005","검믹서 7호","1-R004","유화 배합실","C02","용해",2026-05-26 13:30:00,2026-05-26 15:44:00,"LCCUser","60분 교반",2026-05-26 13:30:00,2026-05-26 14:51:00,60,60,2026-05-27 00:00:00
"1","BUV60031","V 어드밴스로션(내수)","W26050528W10","HM15007","H/M 7호","1-R004","유화 배합실","C03","M/M",2026-05-26 15:44:00,2026-05-26 16:45:00,"LCCUser","5분 교반",2026-05-26 16:40:29,2026-05-26 16:45:29,5,5,2026-05-27 00:00:00
"1","BUV60031","V 어드밴스로션(내수)","W26050528W10","HM15007","H/M 7호","1-R004","유화 배합실","C03","M/M",2026-05-26 15:44:00,2026-05-26 16:45:00,"LCCUser","3분 교반",2026-05-26 15:44:00,2026-05-26 15:47:49,3,3,2026-05-27 00:00:00
"1","BUV60031","V 어드밴스로션(내수)","W26050528W10","HM15007","H/M 7호","1-R004","유화 배합실","C03","M/M",2026-05-26 15:44:00,2026-05-26 16:45:00,"LCCUser","3분 교반",2026-05-26 15:48:39,2026-05-26 15:51:39,3,3,2026-05-27 00:00:00
"1","BUV60031","V 어드밴스로션(내수)","W26050528W10","HM15007","H/M 7호","1-R004","유화 배합실","C03","M/M",2026-05-26 15:44:00,2026-05-26 16:45:00,"LCCUser","5분 교반",2026-05-26 15:51:52,2026-05-26 15:56:51,5,5,2026-05-27 00:00:00
"1","BUV60031","V 어드밴스로션(내수)","W26050529W10","OL11007","유상 용해조 7호","1-R004","유화 배합실","C02","용해",2026-05-26 17:09:00,2026-05-26 19:18:00,"LCCUser","40분 교반",2026-05-26 17:09:00,2026-05-26 17:51:00,20,20,2026-05-27 00:00:00
"1","BUV60031","V 어드밴스로션(내수)","W26050529W10","GX12005","검믹서 7호","1-R004","유화 배합실","C02","용해",2026-05-26 17:09:00,2026-05-26 19:18:00,"LCCUser","60분 교반",2026-05-26 17:09:00,2026-05-26 19:18:00,60,60,2026-05-27 00:00:00
"1","BUV60031","V 어드밴스로션(내수)","W26050529W10","AQ10007","수상 용해조 7호","1-R004","유화 배합실","C02","용해",2026-05-26 17:09:00,2026-05-26 19:18:00,"LCCUser","40분 교반",2026-05-26 17:09:00,2026-05-26 17:51:00,20,20,2026-05-27 00:00:00
"1","BUV60031","V 어드밴스로션(내수)","W26050529W10","HM15007","H/M 7호","1-R004","유화 배합실","C03","M/M",2026-05-26 17:51:00,2026-05-26 18:57:00,"LCCUser","3분 교반",2026-05-26 17:57:24,2026-05-26 18:00:24,3,3,2026-05-27 00:00:00
"1","BUV60031","V 어드밴스로션(내수)","W26050529W10","HM15007","H/M 7호","1-R004","유화 배합실","C03","M/M",2026-05-26 17:51:00,2026-05-26 18:57:00,"LCCUser","3분 교반",2026-05-26 18:00:42,2026-05-26 18:03:42,3,3,2026-05-27 00:00:00
"1","BUV60031","V 어드밴스로션(내수)","W26050529W10","HM15007","H/M 7호","1-R004","유화 배합실","C03","M/M",2026-05-26 17:51:00,2026-05-26 18:57:00,"LCCUser","5분 교반",2026-05-26 18:52:11,2026-05-26 18:57:11,5,5,2026-05-27 00:00:00
"1","BUV60031","V 어드밴스로션(내수)","W26050529W10","HM15007","H/M 7호","1-R004","유화 배합실","C03","M/M",2026-05-26 17:51:00,2026-05-26 18:57:00,"LCCUser","5분 교반",2026-05-26 18:04:25,2026-05-26 18:09:25,5,5,2026-05-27 00:00:00
"1","BMFG16","OX몽글비누(포도,공용)","W26050530W10","MX10001","워시믹서 1호","1-R004","유화 배합실","C03","M/M",2026-05-26 09:49:00,2026-05-26 10:59:00,"LCCUser","5분 교반",2026-05-26 10:48:16,2026-05-26 10:59:24,5,5,2026-05-27 00:00:00
"1","BMFG16","OX몽글비누(포도,공용)","W26050530W10","MX10001","워시믹서 1호","1-R004","유화 배합실","C03","M/M",2026-05-26 09:49:00,2026-05-26 10:59:00,"LCCUser","20분 교반",2026-05-26 09:49:00,2026-05-26 10:21:12,20,20,2026-05-27 00:00:00
"1","BMFG16","OX몽글비누(포도,공용)","W26050530W10","MX10001","워시믹서 1호","1-R004","유화 배합실","C03","M/M",2026-05-26 09:49:00,2026-05-26 10:59:00,"LCCUser","5분 교반",2026-05-26 10:21:15,2026-05-26 10:26:59,5,5,2026-05-27 00:00:00
"1","BMFG16","OX몽글비누(포도,공용)","W26050530W10","MX10001","워시믹서 1호","1-R004","유화 배합실","C03","M/M",2026-05-26 09:49:00,2026-05-26 10:59:00,"LCCUser","20분 교반",2026-05-26 10:27:01,2026-05-26 10:48:12,20,20,2026-05-27 00:00:00
"1","BOXHWG","OX퍼퓸핸드워시(자몽)","W26050531W10","SP15002","샴푸믹서","1-R004","유화 배합실","C03","M/M",2026-05-26 09:19:00,2026-05-26 10:09:00,"LCCUser","10분 교반",2026-05-26 09:19:00,2026-05-26 09:29:55,10,10,2026-05-27 00:00:00
"1","BOXHWG","OX퍼퓸핸드워시(자몽)","W26050531W10","SP15002","샴푸믹서","1-R004","유화 배합실","C03","M/M",2026-05-26 09:19:00,2026-05-26 10:09:00,"LCCUser","10분 교반",2026-05-26 09:29:58,2026-05-26 09:40:19,10,10,2026-05-27 00:00:00
"1","BOXHWG","OX퍼퓸핸드워시(자몽)","W26050531W10","SP15002","샴푸믹서","1-R004","유화 배합실","C03","M/M",2026-05-26 09:19:00,2026-05-26 10:09:00,"LCCUser","5분 교반",2026-05-26 09:40:22,2026-05-26 09:48:44,5,5,2026-05-27 00:00:00
"1","BOXHWG","OX퍼퓸핸드워시(자몽)","W26050531W10","SP15002","샴푸믹서","1-R004","유화 배합실","C03","M/M",2026-05-26 09:19:00,2026-05-26 10:09:00,"LCCUser","20분 교반",2026-05-26 09:48:47,2026-05-26 10:09:24,20,20,2026-05-27 00:00:00
"1","BOXHWG","OX퍼퓸핸드워시(자몽)","W26050532W10","SP15002","샴푸믹서","1-R004","유화 배합실","C03","M/M",2026-05-26 15:40:00,2026-05-26 16:54:00,"LCCUser","10분 교반",2026-05-26 15:57:00,2026-05-26 16:11:21,10,10,2026-05-27 00:00:00
"1","BOXHWG","OX퍼퓸핸드워시(자몽)","W26050532W10","SP15002","샴푸믹서","1-R004","유화 배합실","C03","M/M",2026-05-26 15:40:00,2026-05-26 16:54:00,"LCCUser","10분 교반",2026-05-26 16:11:23,2026-05-26 16:23:14,10,10,2026-05-27 00:00:00
"1","BOXHWG","OX퍼퓸핸드워시(자몽)","W26050532W10","SP15002","샴푸믹서","1-R004","유화 배합실","C03","M/M",2026-05-26 15:40:00,2026-05-26 16:54:00,"LCCUser","5분 교반",2026-05-26 16:23:17,2026-05-26 16:30:21,5,5,2026-05-27 00:00:00
"1","BOXHWG","OX퍼퓸핸드워시(자몽)","W26050532W10","SP15002","샴푸믹서","1-R004","유화 배합실","C03","M/M",2026-05-26 15:40:00,2026-05-26 16:54:00,"LCCUser","20분 교반",2026-05-26 16:30:23,2026-05-26 16:54:26,20,20,2026-05-27 00:00:00
"4","BEYSMG","마우스워시(민트)","W26050533W10","DS40004","4공장 용해조 4호","4-R004","4공장 배합실","C02","용해",2026-05-26 09:15:00,2026-05-26 09:55:00,"LCCUser","20분 용해",2026-05-26 09:15:00,2026-05-26 09:35:00,20,25,2026-05-28 00:00:00
"4","BEYSMG","마우스워시(민트)","W26050533W10","DS40004","4공장 용해조 4호","4-R004","4공장 배합실","C02","용해",2026-05-26 09:15:00,2026-05-26 09:55:00,"LCCUser","20분 교반",2026-05-26 09:35:00,2026-05-26 09:55:00,20,25,2026-05-28 00:00:00
"4","BEYSMG","마우스워시(민트)","W26050533W10","SM20010","액상4호","4-R004","4공장 배합실","C03","M/M",2026-05-26 09:40:00,2026-05-26 10:23:00,"LCCUser","10분 교반",2026-05-26 09:40:00,2026-05-26 09:57:00,10,15,2026-05-28 00:00:00
"4","BEYSMG","마우스워시(민트)","W26050533W10","SM20010","액상4호","4-R004","4공장 배합실","C03","M/M",2026-05-26 09:40:00,2026-05-26 10:23:00,"LCCUser","20분 교반",2026-05-26 09:57:00,2026-05-26 10:22:00,20,25,2026-05-28 00:00:00
"4","BEYSMG","마우스워시(민트)","W26050534W10","DS40004","4공장 용해조 4호","4-R004","4공장 배합실","C02","용해",2026-05-26 11:35:00,2026-05-26 12:16:00,"LCCUser","20분 교반",2026-05-26 11:55:00,2026-05-26 12:16:00,20,25,2026-05-28 00:00:00
"4","BEYSMG","마우스워시(민트)","W26050534W10","DS40004","4공장 용해조 4호","4-R004","4공장 배합실","C02","용해",2026-05-26 11:35:00,2026-05-26 12:16:00,"LCCUser","20분 용해",2026-05-26 11:35:00,2026-05-26 11:55:00,20,25,2026-05-28 00:00:00
"4","BEYSMG","마우스워시(민트)","W26050534W10","SM20010","액상4호","4-R004","4공장 배합실","C03","M/M",2026-05-26 11:59:00,2026-05-26 12:39:00,"LCCUser","20분 교반",2026-05-26 12:16:00,2026-05-26 12:39:00,20,25,2026-05-28 00:00:00
"4","BEYSMG","마우스워시(민트)","W26050534W10","SM20010","액상4호","4-R004","4공장 배합실","C03","M/M",2026-05-26 11:59:00,2026-05-26 12:39:00,"LCCUser","10분 교반",2026-05-26 12:01:00,2026-05-26 12:16:00,10,15,2026-05-28 00:00:00
"4","BEYSMG","마우스워시(민트)","W26050535W10","DS40004","4공장 용해조 4호","4-R004","4공장 배합실","C02","용해",2026-05-26 13:54:00,2026-05-26 14:37:00,"LCCUser","20분 용해",2026-05-26 13:54:00,2026-05-26 14:14:00,20,25,2026-05-28 00:00:00
"4","BEYSMG","마우스워시(민트)","W26050535W10","DS40004","4공장 용해조 4호","4-R004","4공장 배합실","C02","용해",2026-05-26 13:54:00,2026-05-26 14:37:00,"LCCUser","20분 교반",2026-05-26 14:14:00,2026-05-26 14:37:00,20,25,2026-05-28 00:00:00
"4","BEYSMG","마우스워시(민트)","W26050535W10","SM20010","액상4호","4-R004","4공장 배합실","C03","M/M",2026-05-26 14:14:00,2026-05-26 15:01:00,"LCCUser","10분 교반",2026-05-26 14:21:00,2026-05-26 14:37:00,10,15,2026-05-28 00:00:00
"4","BEYSMG","마우스워시(민트)","W26050535W10","SM20010","액상4호","4-R004","4공장 배합실","C03","M/M",2026-05-26 14:14:00,2026-05-26 15:01:00,"LCCUser","20분 교반",2026-05-26 14:40:00,2026-05-26 15:01:00,20,25,2026-05-28 00:00:00
"5","BTBIG","TB가글(아이시)","W26050537W10","DS50003","5공장 용해조 3호","5-R003","5공장 가글 배합실","C02","용해",2026-05-26 12:46:00,2026-05-26 14:16:00,"LCCUser","60분 용해",2026-05-26 13:16:00,2026-05-26 14:16:00,60,65,2026-05-28 00:00:00
"5","BTBIG","TB가글(아이시)","W26050537W10","5M00003","제조 3호","5-R003","5공장 가글 배합실","C03","M/M",2026-05-26 13:42:00,2026-05-26 14:58:00,"LCCUser","20분 교반",2026-05-26 13:56:00,2026-05-26 14:16:00,20,25,2026-05-28 00:00:00
"5","BTBIG","TB가글(아이시)","W26050537W10","5M00003","제조 3호","5-R003","5공장 가글 배합실","C03","M/M",2026-05-26 13:42:00,2026-05-26 14:58:00,"LCCUser","40분 교반",2026-05-26 14:16:00,2026-05-26 14:58:00,40,45,2026-05-28 00:00:00
"5","BETBMG","TB가글(마일드,수출)","W26050538W10","DS50003","5공장 용해조 3호","5-R003","5공장 가글 배합실","C02","용해",2026-05-26 12:46:00,2026-05-26 13:16:00,"LCCUser","premixing 30분 용해",2026-05-26 12:46:00,2026-05-26 13:16:00,30,35,2026-05-27 00:00:00
"5","BETBMG","TB가글(마일드,수출)","W26050538W10","5M00004","제조 4호","5-R003","5공장 가글 배합실","C03","M/M",2026-05-26 12:46:00,2026-05-26 14:50:00,"LCCUser","60분 교반",2026-05-26 13:50:00,2026-05-26 14:50:00,60,65,2026-05-27 00:00:00
"5","BETBMG","TB가글(마일드,수출)","W26050538W10","5M00004","제조 4호","5-R003","5공장 가글 배합실","C03","M/M",2026-05-26 12:46:00,2026-05-26 14:50:00,"LCCUser","30분 교반",2026-05-26 12:46:00,2026-05-26 13:16:00,30,35,2026-05-27 00:00:00
"5","BETBMG","TB가글(마일드,수출)","W26050538W10","5M00004","제조 4호","5-R003","5공장 가글 배합실","C03","M/M",2026-05-26 12:46:00,2026-05-26 14:50:00,"LCCUser","15분 교반",2026-05-26 13:16:00,2026-05-26 13:50:00,15,20,2026-05-27 00:00:00
"5","BETBMG","TB가글(마일드,수출)","W26050539W10","DS50003","5공장 용해조 3호","5-R003","5공장 가글 배합실","C02","용해",2026-05-26 14:51:00,2026-05-26 15:36:00,"LCCUser","premixing 30분 용해",2026-05-26 14:51:00,2026-05-26 15:36:00,30,35,2026-05-27 00:00:00
"5","BETBMG","TB가글(마일드,수출)","W26050539W10","5M00004","제조 4호","5-R003","5공장 가글 배합실","C03","M/M",2026-05-26 14:51:00,2026-05-26 17:05:00,"LCCUser","60분 교반",2026-05-26 16:05:00,2026-05-26 17:05:00,60,65,2026-05-27 00:00:00
"5","BETBMG","TB가글(마일드,수출)","W26050539W10","5M00004","제조 4호","5-R003","5공장 가글 배합실","C03","M/M",2026-05-26 14:51:00,2026-05-26 17:05:00,"LCCUser","15분 교반",2026-05-26 15:36:00,2026-05-26 16:05:00,15,20,2026-05-27 00:00:00
"5","BETBMG","TB가글(마일드,수출)","W26050539W10","5M00004","제조 4호","5-R003","5공장 가글 배합실","C03","M/M",2026-05-26 14:51:00,2026-05-26 17:05:00,"LCCUser","30분 교반",2026-05-26 14:51:00,2026-05-26 15:36:00,30,35,2026-05-27 00:00:00
"4","BAKHS","랩신손소독제","W26050540W10","DS40001","4공장 용해조 1호","4-R004","4공장 배합실","C02","용해",2026-05-26 09:19:00,2026-05-26 10:56:00,"LCCUser","35분 용해",2026-05-26 10:18:00,2026-05-26 10:56:00,35,40,2026-05-27 00:00:00
"4","BAKHS","랩신손소독제","W26050540W10","DS40001","4공장 용해조 1호","4-R004","4공장 배합실","C02","용해",2026-05-26 09:19:00,2026-05-26 10:56:00,"LCCUser","35분 용해",2026-05-26 09:29:00,2026-05-26 10:12:00,35,40,2026-05-27 00:00:00
"4","BAKHS","랩신손소독제","W26050540W10","DS40001","4공장 용해조 1호","4-R004","4공장 배합실","C02","용해",2026-05-26 09:19:00,2026-05-26 10:56:00,"LCCUser","10분 용해",2026-05-26 09:19:00,2026-05-26 09:29:00,10,15,2026-05-27 00:00:00
"4","BAKHS","랩신손소독제","W26050540W10","SM20007","액상1호","4-R004","4공장 배합실","C03","M/M",2026-05-26 10:17:00,2026-05-26 11:55:00,"LCCUser","20분 진공 탈포",2026-05-26 11:31:00,2026-05-26 11:55:00,20,25,2026-05-27 00:00:00
"4","BAKHS","랩신손소독제","W26050540W10","SM20007","액상1호","4-R004","4공장 배합실","C03","M/M",2026-05-26 10:17:00,2026-05-26 11:55:00,"LCCUser","10분 교반",2026-05-26 10:18:00,2026-05-26 10:57:00,10,15,2026-05-27 00:00:00
"4","BAKHS","랩신손소독제","W26050540W10","SM20007","액상1호","4-R004","4공장 배합실","C03","M/M",2026-05-26 10:17:00,2026-05-26 11:55:00,"LCCUser","20분 교반",2026-05-26 11:11:00,2026-05-26 11:31:00,20,25,2026-05-27 00:00:00
"4","BAKHS","랩신손소독제","W26050540W10","SM20007","액상1호","4-R004","4공장 배합실","C03","M/M",2026-05-26 10:17:00,2026-05-26 11:55:00,"LCCUser","10분 교반",2026-05-26 11:00:00,2026-05-26 11:11:00,10,15,2026-05-27 00:00:00
"3","BUV68654738","VLC민트","W26050549W10","LC50009","L/C 1호","3-R003","3공장 배합실","C03","M/M",2026-05-26 13:36:00,2026-05-26 15:37:00,"LCCUser","20분 교반",2026-05-26 14:56:00,2026-05-26 15:16:00,20,20,2026-05-28 00:00:00
"3","BUV68654738","VLC민트","W26050549W10","LC50009","L/C 1호","3-R003","3공장 배합실","C03","M/M",2026-05-26 13:36:00,2026-05-26 15:37:00,"LCCUser","30분 교반",2026-05-26 14:19:00,2026-05-26 14:50:00,30,30,2026-05-28 00:00:00
"3","BUV68654738","VLC민트","W26050549W10","LC50009","L/C 1호","3-R003","3공장 배합실","C03","M/M",2026-05-26 13:36:00,2026-05-26 15:37:00,"LCCUser","20분 교반",2026-05-26 15:16:00,2026-05-26 15:37:00,20,20,2026-05-27 00:00:00
"3","BUV68654738","VLC민트","W26050549W10","LC50009","L/C 1호","3-R003","3공장 배합실","C03","M/M",2026-05-26 13:36:00,2026-05-26 15:37:00,"LCCUser","20분 교반",2026-05-26 14:56:00,2026-05-26 15:16:00,20,20,2026-05-27 00:00:00
"3","BUV68654738","VLC민트","W26050549W10","LC50009","L/C 1호","3-R003","3공장 배합실","C03","M/M",2026-05-26 13:36:00,2026-05-26 15:37:00,"LCCUser","30분 교반",2026-05-26 14:19:00,2026-05-26 14:50:00,30,30,2026-05-27 00:00:00
"3","BUV68654738","VLC민트","W26050549W10","LC50009","L/C 1호","3-R003","3공장 배합실","C03","M/M",2026-05-26 13:36:00,2026-05-26 15:37:00,"LCCUser","20분 교반",2026-05-26 15:16:00,2026-05-26 15:37:00,20,20,2026-05-28 00:00:00
"3","BUV68654738","VLC민트","W26050550W10","LC20012","L/C 2호","3-R003","3공장 배합실","C03","M/M",2026-05-26 09:18:00,2026-05-26 11:11:00,"LCCUser","30분 교반",2026-05-26 09:54:00,2026-05-26 10:25:00,30,30,2026-05-27 00:00:00
"3","BUV68654738","VLC민트","W26050550W10","LC20012","L/C 2호","3-R003","3공장 배합실","C03","M/M",2026-05-26 09:18:00,2026-05-26 11:11:00,"LCCUser","20분 교반",2026-05-26 10:28:00,2026-05-26 10:49:00,20,20,2026-05-27 00:00:00
"3","BUV68654738","VLC민트","W26050550W10","LC20012","L/C 2호","3-R003","3공장 배합실","C03","M/M",2026-05-26 09:18:00,2026-05-26 11:11:00,"LCCUser","20분 교반",2026-05-26 10:50:00,2026-05-26 11:11:00,20,20,2026-05-27 00:00:00
"3","BVLC64392502","VLC메리체리","W26050551W10","LC20011","L/C 4호","3-R003","3공장 배합실","C03","M/M",2026-05-26 14:19:00,2026-05-26 15:57:00,"LCCUser","30분 교반",2026-05-26 14:20:00,2026-05-26 14:50:00,30,30,2026-05-28 00:00:00
"3","BVLC64392502","VLC메리체리","W26050551W10","LC20011","L/C 4호","3-R003","3공장 배합실","C03","M/M",2026-05-26 14:19:00,2026-05-26 15:57:00,"LCCUser","20분 교반",2026-05-26 14:55:00,2026-05-26 15:16:00,20,20,2026-05-28 00:00:00
"3","BVLC64392502","VLC메리체리","W26050551W10","LC20011","L/C 4호","3-R003","3공장 배합실","C03","M/M",2026-05-26 14:19:00,2026-05-26 15:57:00,"LCCUser","20분 교반",2026-05-26 15:37:00,2026-05-26 15:57:00,20,20,2026-05-28 00:00:00
"3","BVLC64392502","VLC메리체리","W26050551W10","LC20011","L/C 4호","3-R003","3공장 배합실","C03","M/M",2026-05-26 14:19:00,2026-05-26 15:57:00,"LCCUser","20분 교반",2026-05-26 15:16:00,2026-05-26 15:37:00,20,20,2026-05-28 00:00:00
"3","BVLC64392502","VLC메리체리","W26050551W10","LC20011","L/C 4호","3-R003","3공장 배합실","C03","M/M",2026-05-26 14:19:00,2026-05-26 15:57:00,"LCCUser","20분 교반",2026-05-26 15:16:00,2026-05-26 15:37:00,20,20,2026-05-27 00:00:00
"3","BVLC64392502","VLC메리체리","W26050551W10","LC20011","L/C 4호","3-R003","3공장 배합실","C03","M/M",2026-05-26 14:19:00,2026-05-26 15:57:00,"LCCUser","20분 교반",2026-05-26 15:37:00,2026-05-26 15:57:00,20,20,2026-05-27 00:00:00
"3","BVLC64392502","VLC메리체리","W26050551W10","LC20011","L/C 4호","3-R003","3공장 배합실","C03","M/M",2026-05-26 14:19:00,2026-05-26 15:57:00,"LCCUser","30분 교반",2026-05-26 14:20:00,2026-05-26 14:50:00,30,30,2026-05-27 00:00:00
"3","BVLC64392502","VLC메리체리","W26050551W10","LC20011","L/C 4호","3-R003","3공장 배합실","C03","M/M",2026-05-26 14:19:00,2026-05-26 15:57:00,"LCCUser","20분 교반",2026-05-26 14:55:00,2026-05-26 15:16:00,20,20,2026-05-27 00:00:00
"3","BVLC64392502","VLC메리체리","W26050552W10","LC20011","L/C 4호","3-R003","3공장 배합실","C03","M/M",2026-05-26 09:08:00,2026-05-26 12:02:00,"LCCUser","20분 교반",2026-05-26 11:17:00,2026-05-26 11:39:00,20,20,2026-05-27 00:00:00
"3","BVLC64392502","VLC메리체리","W26050552W10","LC20011","L/C 4호","3-R003","3공장 배합실","C03","M/M",2026-05-26 09:08:00,2026-05-26 12:02:00,"LCCUser","30분 교반",2026-05-26 09:54:00,2026-05-26 10:26:00,30,30,2026-05-27 00:00:00
"3","BVLC64392502","VLC메리체리","W26050552W10","LC20011","L/C 4호","3-R003","3공장 배합실","C03","M/M",2026-05-26 09:08:00,2026-05-26 12:02:00,"LCCUser","20분 교반",2026-05-26 10:28:00,2026-05-26 10:49:00,20,20,2026-05-27 00:00:00
"3","BVLC64392502","VLC메리체리","W26050552W10","LC20011","L/C 4호","3-R003","3공장 배합실","C03","M/M",2026-05-26 09:08:00,2026-05-26 12:02:00,"LCCUser","20분 교반",2026-05-26 11:39:00,2026-05-26 12:02:00,20,20,2026-05-27 00:00:00
"3","BUV115373","VLC코코아","W26050553W10","LC20013","L/C 5호","3-R003","3공장 배합실","C03","M/M",2026-05-26 09:09:00,2026-05-26 12:01:00,"LCCUser","20분 교반",2026-05-26 11:18:00,2026-05-26 11:38:00,20,20,2026-05-27 00:00:00
"3","BUV115373","VLC코코아","W26050553W10","LC20013","L/C 5호","3-R003","3공장 배합실","C03","M/M",2026-05-26 09:09:00,2026-05-26 12:01:00,"LCCUser","30분 교반",2026-05-26 09:54:00,2026-05-26 10:26:00,30,30,2026-05-27 00:00:00
"3","BUV115373","VLC코코아","W26050553W10","LC20013","L/C 5호","3-R003","3공장 배합실","C03","M/M",2026-05-26 09:09:00,2026-05-26 12:01:00,"LCCUser","20분 교반",2026-05-26 10:28:00,2026-05-26 10:49:00,20,20,2026-05-27 00:00:00
"3","BUV115373","VLC코코아","W26050553W10","LC20013","L/C 5호","3-R003","3공장 배합실","C03","M/M",2026-05-26 09:09:00,2026-05-26 12:01:00,"LCCUser","20분 교반",2026-05-26 11:39:00,2026-05-26 12:01:00,20,20,2026-05-27 00:00:00
"1","BKOLRN14","OX라데나로션(공용)","W26050554W10","AQ10004","수상 용해조 4호","1-R004","유화 배합실","C02","용해",2026-05-26 14:53:00,2026-05-26 15:34:00,"LCCUser","40분 교반용해",2026-05-26 14:53:00,2026-05-26 15:34:00,40,40,2026-05-28 00:00:00
"1","BKOLRN14","OX라데나로션(공용)","W26050554W10","OL11004","유상 용해조 4호","1-R004","유화 배합실","C02","용해",2026-05-26 14:53:00,2026-05-26 15:34:00,"LCCUser","40분 교반용해",2026-05-26 14:53:00,2026-05-26 15:34:00,40,40,2026-05-28 00:00:00
"1","BKOLRN14","OX라데나로션(공용)","W26050554W10","HM15004","H/M 4호","1-R004","유화 배합실","C03","M/M",2026-05-26 15:34:00,2026-05-26 16:28:00,"LCCUser","10분 교반",2026-05-26 15:34:22,2026-05-26 15:46:22,10,10,2026-05-28 00:00:00
"1","BKOLRN14","OX라데나로션(공용)","W26050554W10","HM15004","H/M 4호","1-R004","유화 배합실","C03","M/M",2026-05-26 15:34:00,2026-05-26 16:28:00,"LCCUser","6분 교반",2026-05-26 15:50:27,2026-05-26 16:00:27,6,6,2026-05-28 00:00:00
"1","BKOLRN14","OX라데나로션(공용)","W26050554W10","HM15004","H/M 4호","1-R004","유화 배합실","C03","M/M",2026-05-26 15:34:00,2026-05-26 16:28:00,"LCCUser","12분 교반",2026-05-26 15:33:54,2026-05-26 15:33:59,12,12,2026-05-28 00:00:00
"1","BKOLRN14","OX라데나로션(공용)","W26050555W10","OL11004","유상 용해조 4호","1-R004","유화 배합실","C02","용해",2026-05-26 16:27:00,2026-05-26 17:31:00,"LCCUser","40분 교반용해",2026-05-26 16:28:00,2026-05-26 17:31:00,40,40,2026-05-28 00:00:00
"1","BKOLRN14","OX라데나로션(공용)","W26050555W10","AQ10004","수상 용해조 4호","1-R004","유화 배합실","C02","용해",2026-05-26 16:27:00,2026-05-26 17:31:00,"LCCUser","40분 교반용해",2026-05-26 16:28:00,2026-05-26 17:31:00,40,40,2026-05-28 00:00:00
"1","BKOLRN14","OX라데나로션(공용)","W26050555W10","HM15004","H/M 4호","1-R004","유화 배합실","C03","M/M",2026-05-26 17:31:00,2026-05-26 18:51:00,"LCCUser","12분 교반",2026-05-26 17:41:05,2026-05-26 17:53:05,12,12,2026-05-28 00:00:00
"1","BKOLRN14","OX라데나로션(공용)","W26050555W10","HM15004","H/M 4호","1-R004","유화 배합실","C03","M/M",2026-05-26 17:31:00,2026-05-26 18:51:00,"LCCUser","10분 교반",2026-05-26 17:56:51,2026-05-26 18:06:51,10,10,2026-05-28 00:00:00
"1","BKOLRN14","OX라데나로션(공용)","W26050555W10","HM15004","H/M 4호","1-R004","유화 배합실","C03","M/M",2026-05-26 17:31:00,2026-05-26 18:51:00,"LCCUser","6분 교반",2026-05-26 18:25:29,2026-05-26 18:31:29,6,6,2026-05-28 00:00:00
"1","BUP13049","P 스파리무버(수상)","W26050567W10","BM10002","B/M 2호","1-R004","유화 배합실","C03","M/M",2026-05-27 09:17:00,2026-05-27 09:56:00,"LCCUser","5분 교반",2026-05-27 09:17:00,2026-05-27 09:22:35,5,5,2026-05-28 00:00:00
"1","BUP13049","P 스파리무버(수상)","W26050567W10","BM10002","B/M 2호","1-R004","유화 배합실","C03","M/M",2026-05-27 09:17:00,2026-05-27 09:56:00,"LCCUser","10분 교반",2026-05-27 09:24:01,2026-05-27 09:34:01,10,10,2026-05-28 00:00:00
"1","BUP13049","P 스파리무버(수상)","W26050567W10","BM10002","B/M 2호","1-R004","유화 배합실","C03","M/M",2026-05-27 09:17:00,2026-05-27 09:56:00,"LCCUser","20분 교반",2026-05-27 09:34:12,2026-05-27 09:54:12,20,20,2026-05-28 00:00:00
"1","BUP13050","P 스파리무버(유상)","W26050568W10","BM10002","B/M 2호","1-R004","유화 배합실","C03","M/M",2026-05-27 13:49:00,2026-05-27 14:33:00,"LCCUser","20분 교반",2026-05-27 13:51:00,2026-05-27 14:11:16,20,20,2026-05-28 00:00:00
"1","BUP13050","P 스파리무버(유상)","W26050568W10","BM10002","B/M 2호","1-R004","유화 배합실","C03","M/M",2026-05-27 13:49:00,2026-05-27 14:33:00,"LCCUser","20분 교반",2026-05-27 14:12:48,2026-05-27 14:32:49,20,20,2026-05-28 00:00:00
"1","BOXEL141","OX엘레강스로션","W26050572W10","AQ10006","수상 용해조 6호","1-R004","유화 배합실","C02","용해",2026-05-27 09:02:00,2026-05-27 09:42:00,"LCCUser","40분 교반용해",2026-05-27 09:02:00,2026-05-27 09:42:00,40,40,2026-05-29 00:00:00
"1","BOXEL141","OX엘레강스로션","W26050572W10","OL11006","유상 용해조 6호","1-R004","유화 배합실","C02","용해",2026-05-27 09:02:00,2026-05-27 09:42:00,"LCCUser","40분 교반용해",2026-05-27 09:02:00,2026-05-27 09:42:00,40,40,2026-05-29 00:00:00
"1","BOXEL141","OX엘레강스로션","W26050572W10","GX12004","검믹서 6호","1-R004","유화 배합실","C02","용해",2026-05-27 09:02:00,2026-05-27 09:42:00,"LCCUser","30분 교반",2026-05-27 09:02:00,2026-05-27 09:42:00,30,30,2026-05-29 00:00:00
"1","BOXEL141","OX엘레강스로션","W26050572W10","BM15006","B/M 6호","1-R004","유화 배합실","C03","M/M",2026-05-27 09:42:00,2026-05-27 11:21:00,"LCCUser","8분",2026-05-27 09:59:49,2026-05-27 10:04:49,8,8,2026-05-29 00:00:00
"1","BOXEL141","OX엘레강스로션","W26050572W10","BM15006","B/M 6호","1-R004","유화 배합실","C03","M/M",2026-05-27 09:42:00,2026-05-27 11:21:00,"LCCUser","5분",2026-05-27 10:33:39,2026-05-27 10:38:39,5,5,2026-05-29 00:00:00
"1","BOXEL141","OX엘레강스로션","W26050572W10","BM15006","B/M 6호","1-R004","유화 배합실","C03","M/M",2026-05-27 09:42:00,2026-05-27 11:21:00,"LCCUser","10분 교반",2026-05-27 09:49:34,2026-05-27 09:56:33,10,10,2026-05-29 00:00:00
"1","BOXEL141","OX엘레강스로션","W26050573W10","AQ10006","수상 용해조 6호","1-R004","유화 배합실","C02","용해",2026-05-27 12:37:00,2026-05-27 13:38:00,"LCCUser","40분 교반용해",2026-05-27 12:37:00,2026-05-27 13:38:00,40,40,2026-05-29 00:00:00
"1","BOXEL141","OX엘레강스로션","W26050573W10","GX12004","검믹서 6호","1-R004","유화 배합실","C02","용해",2026-05-27 12:37:00,2026-05-27 13:38:00,"LCCUser","30분 교반",2026-05-27 12:37:00,2026-05-27 13:38:00,30,30,2026-05-29 00:00:00
"1","BOXEL141","OX엘레강스로션","W26050573W10","OL11006","유상 용해조 6호","1-R004","유화 배합실","C02","용해",2026-05-27 12:37:00,2026-05-27 13:38:00,"LCCUser","40분 교반용해",2026-05-27 12:37:00,2026-05-27 13:38:00,40,40,2026-05-29 00:00:00
"1","BOXEL141","OX엘레강스로션","W26050573W10","BM15006","B/M 6호","1-R004","유화 배합실","C03","M/M",2026-05-27 13:38:00,2026-05-27 15:43:00,"LCCUser","5분",2026-05-27 14:53:26,2026-05-27 14:58:25,5,5,2026-05-29 00:00:00
"1","BOXEL141","OX엘레강스로션","W26050573W10","BM15006","B/M 6호","1-R004","유화 배합실","C03","M/M",2026-05-27 13:38:00,2026-05-27 15:43:00,"LCCUser","8분",2026-05-27 13:57:13,2026-05-27 14:02:13,8,8,2026-05-29 00:00:00
"1","BOXEL141","OX엘레강스로션","W26050573W10","BM15006","B/M 6호","1-R004","유화 배합실","C03","M/M",2026-05-27 13:38:00,2026-05-27 15:43:00,"LCCUser","10분 교반",2026-05-27 13:46:42,2026-05-27 13:53:42,10,10,2026-05-29 00:00:00
"1","BNBGHW","NB거품비누(포도)","W26050574W10","WS13004","워시믹서 용해조","1-R004","유화 배합실","C02","용해",2026-05-27 11:04:00,2026-05-27 11:25:00,"LCCUser","20분간  교반 (완전 용해 확인)",2026-05-27 11:04:00,2026-05-27 11:25:00,20,20,2026-05-28 00:00:00
"1","BNBGHW","NB거품비누(포도)","W26050574W10","MX10002","워시믹서 2호","1-R004","유화 배합실","C03","M/M",2026-05-27 11:15:00,2026-05-27 12:39:00,"LCCUser","20분 교반",2026-05-27 12:12:14,2026-05-27 12:39:10,20,20,2026-05-28 00:00:00
"1","BNBGHW","NB거품비누(포도)","W26050574W10","MX10002","워시믹서 2호","1-R004","유화 배합실","C03","M/M",2026-05-27 11:15:00,2026-05-27 12:39:00,"LCCUser","10분 교반",2026-05-27 12:00:55,2026-05-27 12:12:12,10,10,2026-05-28 00:00:00
"1","BNBGHW","NB거품비누(포도)","W26050574W10","MX10002","워시믹서 2호","1-R004","유화 배합실","C03","M/M",2026-05-27 11:15:00,2026-05-27 12:39:00,"LCCUser","20분 교반",2026-05-27 11:40:46,2026-05-27 12:00:47,20,20,2026-05-28 00:00:00
"1","BNBGHW","NB거품비누(포도)","W26050574W10","MX10002","워시믹서 2호","1-R004","유화 배합실","C03","M/M",2026-05-27 11:15:00,2026-05-27 12:39:00,"LCCUser","20분 교반",2026-05-27 11:16:00,2026-05-27 11:40:42,20,20,2026-05-28 00:00:00
"1","BOXHWR","OX퍼퓸핸드워시(로즈)","W26050575W10","SP15002","샴푸믹서","1-R004","유화 배합실","C03","M/M",2026-05-27 09:43:00,2026-05-27 10:41:00,"LCCUser","10분 교반",2026-05-27 09:43:00,2026-05-27 09:54:43,10,10,2026-05-29 00:00:00
"1","BOXHWR","OX퍼퓸핸드워시(로즈)","W26050575W10","SP15002","샴푸믹서","1-R004","유화 배합실","C03","M/M",2026-05-27 09:43:00,2026-05-27 10:41:00,"LCCUser","20분 교반",2026-05-27 10:18:41,2026-05-27 10:40:52,20,20,2026-05-29 00:00:00
"1","BOXHWR","OX퍼퓸핸드워시(로즈)","W26050575W10","SP15002","샴푸믹서","1-R004","유화 배합실","C03","M/M",2026-05-27 09:43:00,2026-05-27 10:41:00,"LCCUser","5분 교반",2026-05-27 10:06:00,2026-05-27 10:18:38,5,5,2026-05-29 00:00:00
"1","BOXHWR","OX퍼퓸핸드워시(로즈)","W26050575W10","SP15002","샴푸믹서","1-R004","유화 배합실","C03","M/M",2026-05-27 09:43:00,2026-05-27 10:41:00,"LCCUser","10분 교반",2026-05-27 09:54:45,2026-05-27 10:05:58,10,10,2026-05-29 00:00:00
"5","BCPPG19","프로가글","W26050576W10","DS50001","5공장 용해조 1호","5-R003","5공장 가글 배합실","C02","용해",2026-05-27 13:33:00,2026-05-27 14:34:00,"LCCUser","40분 용해",2026-05-27 13:33:00,2026-05-27 14:13:00,40,45,2026-05-28 00:00:00
"5","BCPPG19","프로가글","W26050576W10","DS50001","5공장 용해조 1호","5-R003","5공장 가글 배합실","C02","용해",2026-05-27 13:33:00,2026-05-27 14:34:00,"LCCUser","20분 용해",2026-05-27 14:14:00,2026-05-27 14:34:00,20,25,2026-05-29 00:00:00
"5","BCPPG19","프로가글","W26050576W10","DS50001","5공장 용해조 1호","5-R003","5공장 가글 배합실","C02","용해",2026-05-27 13:33:00,2026-05-27 14:34:00,"LCCUser","20분 용해",2026-05-27 14:14:00,2026-05-27 14:34:00,20,25,2026-05-28 00:00:00
"5","BCPPG19","프로가글","W26050576W10","DS50001","5공장 용해조 1호","5-R003","5공장 가글 배합실","C02","용해",2026-05-27 13:33:00,2026-05-27 14:34:00,"LCCUser","40분 용해",2026-05-27 13:33:00,2026-05-27 14:13:00,40,45,2026-05-29 00:00:00
"5","BCPPG19","프로가글","W26050576W10","5M00001","제조 1호","5-R003","5공장 가글 배합실","C03","M/M",2026-05-27 14:29:00,2026-05-27 15:02:00,"LCCUser","20분 교반",2026-05-27 14:40:00,2026-05-27 15:02:00,20,25,2026-05-28 00:00:00
"5","BCPPG19","프로가글","W26050576W10","5M00001","제조 1호","5-R003","5공장 가글 배합실","C03","M/M",2026-05-27 14:29:00,2026-05-27 15:02:00,"LCCUser","10분 교반",2026-05-27 14:29:00,2026-05-27 14:40:00,10,15,2026-05-28 00:00:00
"5","BCPPG19","프로가글","W26050576W10","5M00001","제조 1호","5-R003","5공장 가글 배합실","C03","M/M",2026-05-27 14:29:00,2026-05-27 15:02:00,"LCCUser","10분 교반",2026-05-27 14:29:00,2026-05-27 14:40:00,10,15,2026-05-29 00:00:00
"5","BCPPG19","프로가글","W26050576W10","5M00001","제조 1호","5-R003","5공장 가글 배합실","C03","M/M",2026-05-27 14:29:00,2026-05-27 15:02:00,"LCCUser","20분 교반",2026-05-27 14:40:00,2026-05-27 15:02:00,20,25,2026-05-29 00:00:00
"5","BETBMG","TB가글(마일드,수출)","W26050577W10","DS50003","5공장 용해조 3호","5-R003","5공장 가글 배합실","C02","용해",2026-05-27 13:44:00,2026-05-27 14:16:00,"LCCUser","premixing 30분 용해",2026-05-27 13:44:00,2026-05-27 14:16:00,30,35,2026-05-28 00:00:00
"5","BETBMG","TB가글(마일드,수출)","W26050577W10","DS50003","5공장 용해조 3호","5-R003","5공장 가글 배합실","C02","용해",2026-05-27 13:44:00,2026-05-27 14:16:00,"LCCUser","premixing 30분 용해",2026-05-27 13:44:00,2026-05-27 14:16:00,30,35,2026-05-29 00:00:00
"5","BETBMG","TB가글(마일드,수출)","W26050577W10","5M00004","제조 4호","5-R003","5공장 가글 배합실","C03","M/M",2026-05-27 13:44:00,2026-05-27 15:37:00,"LCCUser","15분 교반",2026-05-27 14:16:00,2026-05-27 14:31:00,15,20,2026-05-28 00:00:00
"5","BETBMG","TB가글(마일드,수출)","W26050577W10","5M00004","제조 4호","5-R003","5공장 가글 배합실","C03","M/M",2026-05-27 13:44:00,2026-05-27 15:37:00,"LCCUser","30분 교반",2026-05-27 13:44:00,2026-05-27 14:16:00,30,35,2026-05-28 00:00:00
"5","BETBMG","TB가글(마일드,수출)","W26050577W10","5M00004","제조 4호","5-R003","5공장 가글 배합실","C03","M/M",2026-05-27 13:44:00,2026-05-27 15:37:00,"LCCUser","60분 교반",2026-05-27 14:32:00,2026-05-27 15:36:00,60,65,2026-05-29 00:00:00
"5","BETBMG","TB가글(마일드,수출)","W26050577W10","5M00004","제조 4호","5-R003","5공장 가글 배합실","C03","M/M",2026-05-27 13:44:00,2026-05-27 15:37:00,"LCCUser","15분 교반",2026-05-27 14:16:00,2026-05-27 14:31:00,15,20,2026-05-29 00:00:00
"5","BETBMG","TB가글(마일드,수출)","W26050577W10","5M00004","제조 4호","5-R003","5공장 가글 배합실","C03","M/M",2026-05-27 13:44:00,2026-05-27 15:37:00,"LCCUser","30분 교반",2026-05-27 13:44:00,2026-05-27 14:16:00,30,35,2026-05-29 00:00:00
"5","BETBMG","TB가글(마일드,수출)","W26050577W10","5M00004","제조 4호","5-R003","5공장 가글 배합실","C03","M/M",2026-05-27 13:44:00,2026-05-27 15:37:00,"LCCUser","60분 교반",2026-05-27 14:32:00,2026-05-27 15:36:00,60,65,2026-05-28 00:00:00
"5","BTBMG","TB가글(마일드)","W26050578W10","DS50003","5공장 용해조 3호","5-R003","5공장 가글 배합실","C02","용해",2026-05-27 14:04:00,2026-05-27 14:46:00,"LCCUser","premixing 30분 용해",2026-05-27 14:16:00,2026-05-27 14:46:00,30,35,2026-05-28 00:00:00
"5","BTBMG","TB가글(마일드)","W26050578W10","5M00003","제조 3호","5-R003","5공장 가글 배합실","C03","M/M",2026-05-27 14:04:00,2026-05-27 15:27:00,"LCCUser","40분 교반",2026-05-27 14:47:00,2026-05-27 15:27:00,40,45,2026-05-28 00:00:00
"5","BTBMG","TB가글(마일드)","W26050578W10","5M00003","제조 3호","5-R003","5공장 가글 배합실","C03","M/M",2026-05-27 14:04:00,2026-05-27 15:27:00,"LCCUser","30분 교반",2026-05-27 14:17:00,2026-05-27 14:47:00,30,35,2026-05-28 00:00:00
"3","BUV68654738","VLC민트","W26050579W10","LC20012","L/C 2호","3-R003","3공장 배합실","C03","M/M",2026-05-27 09:38:00,2026-05-27 11:14:00,"LCCUser","30분 교반",2026-05-27 09:53:00,2026-05-27 10:26:00,30,30,2026-05-28 00:00:00
"3","BUV68654738","VLC민트","W26050579W10","LC20012","L/C 2호","3-R003","3공장 배합실","C03","M/M",2026-05-27 09:38:00,2026-05-27 11:14:00,"LCCUser","20분 교반",2026-05-27 10:31:00,2026-05-27 10:52:00,20,20,2026-05-28 00:00:00
"3","BUV68654738","VLC민트","W26050579W10","LC20012","L/C 2호","3-R003","3공장 배합실","C03","M/M",2026-05-27 09:38:00,2026-05-27 11:14:00,"LCCUser","20분 교반",2026-05-27 10:52:00,2026-05-27 11:14:00,20,20,2026-05-28 00:00:00
"3","BUV68654738","VLC민트","W26050580W10","LC50009","L/C 1호","3-R003","3공장 배합실","C03","M/M",2026-05-27 13:59:00,2026-05-27 15:37:00,"LCCUser","20분 교반",2026-05-27 14:55:00,2026-05-27 15:17:00,20,20,2026-05-29 00:00:00
"3","BUV68654738","VLC민트","W26050580W10","LC50009","L/C 1호","3-R003","3공장 배합실","C03","M/M",2026-05-27 13:59:00,2026-05-27 15:37:00,"LCCUser","30분 교반",2026-05-27 14:18:00,2026-05-27 14:48:00,30,30,2026-05-29 00:00:00
"3","BUV68654738","VLC민트","W26050580W10","LC50009","L/C 1호","3-R003","3공장 배합실","C03","M/M",2026-05-27 13:59:00,2026-05-27 15:37:00,"LCCUser","20분 교반",2026-05-27 15:17:00,2026-05-27 15:37:00,20,20,2026-05-28 00:00:00
"3","BUV68654738","VLC민트","W26050580W10","LC50009","L/C 1호","3-R003","3공장 배합실","C03","M/M",2026-05-27 13:59:00,2026-05-27 15:37:00,"LCCUser","20분 교반",2026-05-27 14:55:00,2026-05-27 15:17:00,20,20,2026-05-28 00:00:00
"3","BUV68654738","VLC민트","W26050580W10","LC50009","L/C 1호","3-R003","3공장 배합실","C03","M/M",2026-05-27 13:59:00,2026-05-27 15:37:00,"LCCUser","30분 교반",2026-05-27 14:18:00,2026-05-27 14:48:00,30,30,2026-05-28 00:00:00
"3","BUV68654738","VLC민트","W26050580W10","LC50009","L/C 1호","3-R003","3공장 배합실","C03","M/M",2026-05-27 13:59:00,2026-05-27 15:37:00,"LCCUser","20분 교반",2026-05-27 15:17:00,2026-05-27 15:37:00,20,20,2026-05-29 00:00:00
"3","BVLC64392502","VLC메리체리","W26050581W10","LC20011","L/C 4호","3-R003","3공장 배합실","C03","M/M",2026-05-27 13:33:00,2026-05-27 15:59:00,"LCCUser","20분 교반",2026-05-27 14:55:00,2026-05-27 15:16:00,20,20,2026-05-28 00:00:00
"3","BVLC64392502","VLC메리체리","W26050581W10","LC20011","L/C 4호","3-R003","3공장 배합실","C03","M/M",2026-05-27 13:33:00,2026-05-27 15:59:00,"LCCUser","20분 교반",2026-05-27 15:16:00,2026-05-27 15:38:00,20,20,2026-05-29 00:00:00
"3","BVLC64392502","VLC메리체리","W26050581W10","LC20011","L/C 4호","3-R003","3공장 배합실","C03","M/M",2026-05-27 13:33:00,2026-05-27 15:59:00,"LCCUser","20분 교반",2026-05-27 14:55:00,2026-05-27 15:16:00,20,20,2026-05-29 00:00:00
"3","BVLC64392502","VLC메리체리","W26050581W10","LC20011","L/C 4호","3-R003","3공장 배합실","C03","M/M",2026-05-27 13:33:00,2026-05-27 15:59:00,"LCCUser","30분 교반",2026-05-27 14:18:00,2026-05-27 14:48:00,30,30,2026-05-29 00:00:00
"3","BVLC64392502","VLC메리체리","W26050581W10","LC20011","L/C 4호","3-R003","3공장 배합실","C03","M/M",2026-05-27 13:33:00,2026-05-27 15:59:00,"LCCUser","20분 교반",2026-05-27 15:38:00,2026-05-27 15:59:00,20,20,2026-05-29 00:00:00
"3","BVLC64392502","VLC메리체리","W26050581W10","LC20011","L/C 4호","3-R003","3공장 배합실","C03","M/M",2026-05-27 13:33:00,2026-05-27 15:59:00,"LCCUser","20분 교반",2026-05-27 15:16:00,2026-05-27 15:38:00,20,20,2026-05-28 00:00:00
"3","BVLC64392502","VLC메리체리","W26050581W10","LC20011","L/C 4호","3-R003","3공장 배합실","C03","M/M",2026-05-27 13:33:00,2026-05-27 15:59:00,"LCCUser","30분 교반",2026-05-27 14:18:00,2026-05-27 14:48:00,30,30,2026-05-28 00:00:00
"3","BVLC64392502","VLC메리체리","W26050581W10","LC20011","L/C 4호","3-R003","3공장 배합실","C03","M/M",2026-05-27 13:33:00,2026-05-27 15:59:00,"LCCUser","20분 교반",2026-05-27 15:38:00,2026-05-27 15:59:00,20,20,2026-05-28 00:00:00
"3","BUV115373","VLC코코아","W26050582W10","LC20013","L/C 5호","3-R003","3공장 배합실","C03","M/M",2026-05-27 09:54:00,2026-05-27 11:54:00,"LCCUser","30분 교반",2026-05-27 09:54:00,2026-05-27 10:26:00,30,30,2026-05-28 00:00:00
"3","BUV115373","VLC코코아","W26050582W10","LC20013","L/C 5호","3-R003","3공장 배합실","C03","M/M",2026-05-27 09:54:00,2026-05-27 11:54:00,"LCCUser","20분 교반",2026-05-27 10:31:00,2026-05-27 10:52:00,20,20,2026-05-28 00:00:00
"3","BUV115373","VLC코코아","W26050582W10","LC20013","L/C 5호","3-R003","3공장 배합실","C03","M/M",2026-05-27 09:54:00,2026-05-27 11:54:00,"LCCUser","20분 교반",2026-05-27 11:33:00,2026-05-27 11:54:00,20,20,2026-05-29 00:00:00
"3","BUV115373","VLC코코아","W26050582W10","LC20013","L/C 5호","3-R003","3공장 배합실","C03","M/M",2026-05-27 09:54:00,2026-05-27 11:54:00,"LCCUser","20분 교반",2026-05-27 10:53:00,2026-05-27 11:13:00,20,20,2026-05-29 00:00:00
"3","BUV115373","VLC코코아","W26050582W10","LC20013","L/C 5호","3-R003","3공장 배합실","C03","M/M",2026-05-27 09:54:00,2026-05-27 11:54:00,"LCCUser","20분 교반",2026-05-27 11:33:00,2026-05-27 11:54:00,20,20,2026-05-28 00:00:00
"3","BUV115373","VLC코코아","W26050582W10","LC20013","L/C 5호","3-R003","3공장 배합실","C03","M/M",2026-05-27 09:54:00,2026-05-27 11:54:00,"LCCUser","20분 교반",2026-05-27 10:53:00,2026-05-27 11:13:00,20,20,2026-05-28 00:00:00
"3","BUV115373","VLC코코아","W26050582W10","LC20013","L/C 5호","3-R003","3공장 배합실","C03","M/M",2026-05-27 09:54:00,2026-05-27 11:54:00,"LCCUser","20분 교반",2026-05-27 10:31:00,2026-05-27 10:52:00,20,20,2026-05-29 00:00:00
"3","BUV115373","VLC코코아","W26050582W10","LC20013","L/C 5호","3-R003","3공장 배합실","C03","M/M",2026-05-27 09:54:00,2026-05-27 11:54:00,"LCCUser","30분 교반",2026-05-27 09:54:00,2026-05-27 10:26:00,30,30,2026-05-29 00:00:00
"4","BTBMG","TB가글(마일드)","W26050591W10","DS40002","4공장 용해조 2호","4-R004","4공장 배합실","C02","용해",2026-05-27 08:29:00,2026-05-27 09:01:00,"LCCUser","premixing 30분 용해",2026-05-27 08:29:00,2026-05-27 09:01:00,30,35,2026-05-27 00:00:00
"4","BTBMG","TB가글(마일드)","W26050591W10","DS40002","4공장 용해조 2호","4-R004","4공장 배합실","C02","용해",2026-05-27 08:29:00,2026-05-27 09:01:00,"LCCUser","premixing 30분 용해",2026-05-27 08:29:00,2026-05-27 09:01:00,30,35,2026-05-28 00:00:00
"4","BTBMG","TB가글(마일드)","W26050591W10","SM20008","액상2호","4-R004","4공장 배합실","C03","M/M",2026-05-27 08:29:00,2026-05-27 09:42:00,"LCCUser","30분 교반",2026-05-27 08:29:00,2026-05-27 09:01:00,30,35,2026-05-27 00:00:00
"4","BTBMG","TB가글(마일드)","W26050591W10","SM20008","액상2호","4-R004","4공장 배합실","C03","M/M",2026-05-27 08:29:00,2026-05-27 09:42:00,"LCCUser","40분 교반",2026-05-27 09:01:00,2026-05-27 09:42:00,40,45,2026-05-27 00:00:00
"4","BTBMG","TB가글(마일드)","W26050591W10","SM20008","액상2호","4-R004","4공장 배합실","C03","M/M",2026-05-27 08:29:00,2026-05-27 09:42:00,"LCCUser","30분 교반",2026-05-27 08:29:00,2026-05-27 09:01:00,30,35,2026-05-28 00:00:00
"4","BTBMG","TB가글(마일드)","W26050591W10","SM20008","액상2호","4-R004","4공장 배합실","C03","M/M",2026-05-27 08:29:00,2026-05-27 09:42:00,"LCCUser","40분 교반",2026-05-27 09:01:00,2026-05-27 09:42:00,40,45,2026-05-28 00:00:00
"4","BTBMG","TB가글(마일드)","W26050592W10","DS40002","4공장 용해조 2호","4-R004","4공장 배합실","C02","용해",2026-05-27 10:21:00,2026-05-27 10:51:00,"LCCUser","premixing 30분 용해",2026-05-27 10:21:00,2026-05-27 10:51:00,30,35,2026-05-28 00:00:00
"4","BTBMG","TB가글(마일드)","W26050592W10","SM20008","액상2호","4-R004","4공장 배합실","C03","M/M",2026-05-27 10:21:00,2026-05-27 11:33:00,"LCCUser","40분 교반",2026-05-27 10:51:00,2026-05-27 11:33:00,40,45,2026-05-28 00:00:00
"4","BTBMG","TB가글(마일드)","W26050592W10","SM20008","액상2호","4-R004","4공장 배합실","C03","M/M",2026-05-27 10:21:00,2026-05-27 11:33:00,"LCCUser","30분 교반",2026-05-27 10:21:00,2026-05-27 10:51:00,30,35,2026-05-28 00:00:00
"4","BTBMG","TB가글(마일드)","W26050593W10","DS40002","4공장 용해조 2호","4-R004","4공장 배합실","C02","용해",2026-05-27 12:13:00,2026-05-27 12:56:00,"LCCUser","premixing 30분 용해",2026-05-27 12:13:00,2026-05-27 12:56:00,30,35,2026-05-28 00:00:00
"4","BTBMG","TB가글(마일드)","W26050593W10","SM20008","액상2호","4-R004","4공장 배합실","C03","M/M",2026-05-27 12:13:00,2026-05-27 13:36:00,"LCCUser","40분 교반",2026-05-27 12:56:00,2026-05-27 13:36:00,40,45,2026-05-28 00:00:00
"4","BTBMG","TB가글(마일드)","W26050593W10","SM20008","액상2호","4-R004","4공장 배합실","C03","M/M",2026-05-27 12:13:00,2026-05-27 13:36:00,"LCCUser","30분 교반",2026-05-27 12:13:00,2026-05-27 12:56:00,30,35,2026-05-28 00:00:00
"4","BTBMG","TB가글(마일드)","W26050594W10","DS40002","4공장 용해조 2호","4-R004","4공장 배합실","C02","용해",2026-05-27 14:50:00,2026-05-27 15:21:00,"LCCUser","premixing 30분 용해",2026-05-27 14:50:00,2026-05-27 15:21:00,30,35,2026-05-28 00:00:00
"4","BTBMG","TB가글(마일드)","W26050594W10","SM20008","액상2호","4-R004","4공장 배합실","C03","M/M",2026-05-27 14:50:00,2026-05-27 16:07:00,"LCCUser","30분 교반",2026-05-27 14:50:00,2026-05-27 15:20:00,30,35,2026-05-28 00:00:00
"4","BTBMG","TB가글(마일드)","W26050594W10","SM20008","액상2호","4-R004","4공장 배합실","C03","M/M",2026-05-27 14:50:00,2026-05-27 16:07:00,"LCCUser","40분 교반",2026-05-27 15:21:00,2026-05-27 16:07:00,40,45,2026-05-28 00:00:00
"4","BOXCGPM","OX체크페퍼민트가글","W26050595W10","DS40004","4공장 용해조 4호","4-R004","4공장 배합실","C02","용해",2026-05-27 09:08:00,2026-05-27 10:12:00,"LCCUser","20분 용해",2026-05-27 09:52:00,2026-05-27 10:12:00,20,25,2026-05-28 00:00:00
"4","BOXCGPM","OX체크페퍼민트가글","W26050595W10","DS40004","4공장 용해조 4호","4-R004","4공장 배합실","C02","용해",2026-05-27 09:08:00,2026-05-27 10:12:00,"LCCUser","40분 용해",2026-05-27 09:08:00,2026-05-27 09:51:00,40,45,2026-05-28 00:00:00
"4","BOXCGPM","OX체크페퍼민트가글","W26050595W10","SM20010","액상4호","4-R004","4공장 배합실","C03","M/M",2026-05-27 09:58:00,2026-05-27 10:36:00,"LCCUser","10분 교반",2026-05-27 09:58:00,2026-05-27 10:14:00,10,15,2026-05-28 00:00:00
"4","BOXCGPM","OX체크페퍼민트가글","W26050595W10","SM20010","액상4호","4-R004","4공장 배합실","C03","M/M",2026-05-27 09:58:00,2026-05-27 10:36:00,"LCCUser","20분 교반",2026-05-27 10:14:00,2026-05-27 10:35:00,20,25,2026-05-28 00:00:00
"4","BOXCGL","OX체크레몬가글","W26050596W10","DS40004","4공장 용해조 4호","4-R004","4공장 배합실","C02","용해",2026-05-27 13:48:00,2026-05-27 14:50:00,"LCCUser","40분 용해",2026-05-27 13:48:00,2026-05-27 14:28:00,40,45,2026-05-29 00:00:00
"4","BOXCGL","OX체크레몬가글","W26050596W10","DS40004","4공장 용해조 4호","4-R004","4공장 배합실","C02","용해",2026-05-27 13:48:00,2026-05-27 14:50:00,"LCCUser","20분 용해",2026-05-27 14:29:00,2026-05-27 14:50:00,20,25,2026-05-29 00:00:00
"4","BOXCGL","OX체크레몬가글","W26050596W10","SM20010","액상4호","4-R004","4공장 배합실","C03","M/M",2026-05-27 14:33:00,2026-05-27 15:17:00,"LCCUser","20분 교반",2026-05-27 14:53:00,2026-05-27 15:17:00,20,25,2026-05-29 00:00:00
"4","BOXCGL","OX체크레몬가글","W26050596W10","SM20010","액상4호","4-R004","4공장 배합실","C03","M/M",2026-05-27 14:33:00,2026-05-27 15:17:00,"LCCUser","10분 교반",2026-05-27 14:33:00,2026-05-27 14:50:00,10,15,2026-05-29 00:00:00
"4","BCANGG15","OX애니가글S","W26050597W10","DS40004","4공장 용해조 4호","4-R004","4공장 배합실","C02","용해",2026-05-27 16:18:00,2026-05-27 16:58:00,"LCCUser","20분 교반",2026-05-27 16:38:00,2026-05-27 16:58:00,20,25,2026-05-29 00:00:00
"4","BCANGG15","OX애니가글S","W26050597W10","DS40004","4공장 용해조 4호","4-R004","4공장 배합실","C02","용해",2026-05-27 16:18:00,2026-05-27 16:58:00,"LCCUser","20분 용해",2026-05-27 16:18:00,2026-05-27 16:38:00,20,25,2026-05-29 00:00:00
"4","BCANGG15","OX애니가글S","W26050597W10","SM20010","액상4호","4-R004","4공장 배합실","C03","M/M",2026-05-27 16:34:00,2026-05-27 17:26:00,"LCCUser","10분 교반",2026-05-27 16:45:00,2026-05-27 16:58:00,10,15,2026-05-29 00:00:00
"4","BCANGG15","OX애니가글S","W26050597W10","SM20010","액상4호","4-R004","4공장 배합실","C03","M/M",2026-05-27 16:34:00,2026-05-27 17:26:00,"LCCUser","20분 교반",2026-05-27 16:59:00,2026-05-27 17:26:00,20,25,2026-05-29 00:00:00
"4","BCANGG15","OX애니가글S","W26050597W10","SM20010","액상4호","4-R004","4공장 배합실","C03","M/M",2026-05-27 16:34:00,2026-05-27 17:26:00,"LCCUser","10분 교반",2026-05-27 16:34:00,2026-05-27 16:45:00,10,15,2026-05-29 00:00:00
"1","BKOLRN14","OX라데나로션(공용)","W26050598W10","OL11004","유상 용해조 4호","1-R004","유화 배합실","C02","용해",2026-05-27 08:58:00,2026-05-27 09:39:00,"LCCUser","40분 교반용해",2026-05-27 08:58:00,2026-05-27 09:38:00,40,40,2026-05-28 00:00:00
"1","BKOLRN14","OX라데나로션(공용)","W26050598W10","AQ10004","수상 용해조 4호","1-R004","유화 배합실","C02","용해",2026-05-27 08:58:00,2026-05-27 09:39:00,"LCCUser","40분 교반용해",2026-05-27 08:58:00,2026-05-27 09:38:00,40,40,2026-05-28 00:00:00
"1","BKOLRN14","OX라데나로션(공용)","W26050598W10","OL11004","유상 용해조 4호","1-R004","유화 배합실","C02","용해",2026-05-27 08:58:00,2026-05-27 09:39:00,"LCCUser","40분 교반용해",2026-05-27 08:58:00,2026-05-27 09:38:00,40,40,2026-05-28 00:00:00
"1","BKOLRN14","OX라데나로션(공용)","W26050598W10","AQ10004","수상 용해조 4호","1-R004","유화 배합실","C02","용해",2026-05-27 08:58:00,2026-05-27 09:39:00,"LCCUser","40분 교반용해",2026-05-27 08:58:00,2026-05-27 09:38:00,40,40,2026-05-28 00:00:00
"1","BKOLRN14","OX라데나로션(공용)","W26050598W10","HM15004","H/M 4호","1-R004","유화 배합실","C03","M/M",2026-05-27 09:39:00,2026-05-27 10:49:00,"LCCUser","10분 교반",2026-05-27 09:58:48,2026-05-27 10:08:47,10,10,2026-05-28 00:00:00
"1","BKOLRN14","OX라데나로션(공용)","W26050598W10","HM15004","H/M 4호","1-R004","유화 배합실","C03","M/M",2026-05-27 09:39:00,2026-05-27 10:49:00,"LCCUser","6분 교반",2026-05-27 10:27:04,2026-05-27 10:33:04,6,6,2026-05-28 00:00:00
"1","BKOLRN14","OX라데나로션(공용)","W26050598W10","HM15004","H/M 4호","1-R004","유화 배합실","C03","M/M",2026-05-27 09:39:00,2026-05-27 10:49:00,"LCCUser","12분 교반",2026-05-27 09:43:16,2026-05-27 09:55:15,12,12,2026-05-28 00:00:00
"1","BKOLRN14","OX라데나로션(공용)","W26050598W10","HM15004","H/M 4호","1-R004","유화 배합실","C03","M/M",2026-05-27 09:39:00,2026-05-27 10:49:00,"LCCUser","6분 교반",2026-05-27 10:27:04,2026-05-27 10:33:04,6,6,2026-05-28 00:00:00
"1","BKOLRN14","OX라데나로션(공용)","W26050598W10","HM15004","H/M 4호","1-R004","유화 배합실","C03","M/M",2026-05-27 09:39:00,2026-05-27 10:49:00,"LCCUser","10분 교반",2026-05-27 09:58:48,2026-05-27 10:08:47,10,10,2026-05-28 00:00:00
"1","BKOLRN14","OX라데나로션(공용)","W26050598W10","HM15004","H/M 4호","1-R004","유화 배합실","C03","M/M",2026-05-27 09:39:00,2026-05-27 10:49:00,"LCCUser","12분 교반",2026-05-27 09:43:16,2026-05-27 09:55:15,12,12,2026-05-28 00:00:00
"1","BKOLRN14","OX라데나로션(공용)","W26050599W10","AQ10004","수상 용해조 4호","1-R004","유화 배합실","C02","용해",2026-05-27 10:30:00,2026-05-27 11:17:00,"LCCUser","40분 교반용해",2026-05-27 10:30:00,2026-05-27 11:17:00,40,40,2026-05-28 00:00:00
"1","BKOLRN14","OX라데나로션(공용)","W26050599W10","OL11004","유상 용해조 4호","1-R004","유화 배합실","C02","용해",2026-05-27 10:30:00,2026-05-27 11:17:00,"LCCUser","40분 교반용해",2026-05-27 10:30:00,2026-05-27 11:17:00,40,40,2026-05-28 00:00:00
"1","BKOLRN14","OX라데나로션(공용)","W26050599W10","HM15004","H/M 4호","1-R004","유화 배합실","C03","M/M",2026-05-27 11:18:00,2026-05-27 12:56:00,"LCCUser","12분 교반",2026-05-27 11:39:52,2026-05-27 11:51:52,12,12,2026-05-28 00:00:00
"1","BKOLRN14","OX라데나로션(공용)","W26050599W10","HM15004","H/M 4호","1-R004","유화 배합실","C03","M/M",2026-05-27 11:18:00,2026-05-27 12:56:00,"LCCUser","10분 교반",2026-05-27 11:55:44,2026-05-27 12:05:44,10,10,2026-05-28 00:00:00
"1","BKOLRN14","OX라데나로션(공용)","W26050599W10","HM15004","H/M 4호","1-R004","유화 배합실","C03","M/M",2026-05-27 11:18:00,2026-05-27 12:56:00,"LCCUser","6분 교반",2026-05-27 12:35:32,2026-05-27 12:41:32,6,6,2026-05-28 00:00:00
"1","BKOLRN14","OX라데나로션(공용)","W26050600W10","OL11004","유상 용해조 4호","1-R004","유화 배합실","C02","용해",2026-05-27 13:55:00,2026-05-27 14:51:00,"LCCUser","40분 교반용해",2026-05-27 13:55:00,2026-05-27 14:51:00,40,40,2026-05-28 00:00:00
"1","BKOLRN14","OX라데나로션(공용)","W26050600W10","AQ10004","수상 용해조 4호","1-R004","유화 배합실","C02","용해",2026-05-27 13:55:00,2026-05-27 14:51:00,"LCCUser","40분 교반용해",2026-05-27 13:55:00,2026-05-27 14:51:00,40,40,2026-05-28 00:00:00
"1","BKOLRN14","OX라데나로션(공용)","W26050600W10","HM15004","H/M 4호","1-R004","유화 배합실","C03","M/M",2026-05-27 14:51:00,2026-05-27 15:58:00,"LCCUser","10분 교반",2026-05-27 15:07:17,2026-05-27 15:17:17,10,10,2026-05-28 00:00:00
"1","BKOLRN14","OX라데나로션(공용)","W26050600W10","HM15004","H/M 4호","1-R004","유화 배합실","C03","M/M",2026-05-27 14:51:00,2026-05-27 15:58:00,"LCCUser","6분 교반",2026-05-27 15:37:06,2026-05-27 15:43:06,6,6,2026-05-28 00:00:00
"1","BKOLRN14","OX라데나로션(공용)","W26050600W10","HM15004","H/M 4호","1-R004","유화 배합실","C03","M/M",2026-05-27 14:51:00,2026-05-27 15:58:00,"LCCUser","12분 교반",2026-05-27 14:51:09,2026-05-27 15:03:09,12,12,2026-05-28 00:00:00
"1","BKOLRN14","OX라데나로션(공용)","W26050608W10","AQ10004","수상 용해조 4호","1-R004","유화 배합실","C02","용해",2026-05-28 09:06:00,2026-05-28 09:54:00,"LCCUser","40분 교반용해",2026-05-28 09:06:00,2026-05-28 09:54:00,40,40,2026-06-01 00:00:00
"1","BKOLRN14","OX라데나로션(공용)","W26050608W10","OL11004","유상 용해조 4호","1-R004","유화 배합실","C02","용해",2026-05-28 09:06:00,2026-05-28 09:54:00,"LCCUser","40분 교반용해",2026-05-28 09:06:00,2026-05-28 09:54:00,40,40,2026-06-01 00:00:00
"1","BKOLRN14","OX라데나로션(공용)","W26050608W10","HM15004","H/M 4호","1-R004","유화 배합실","C03","M/M",2026-05-28 09:54:00,2026-05-28 11:10:00,"LCCUser","6분 교반",2026-05-28 10:46:32,2026-05-28 10:52:32,6,6,2026-06-01 00:00:00
"1","BKOLRN14","OX라데나로션(공용)","W26050608W10","HM15004","H/M 4호","1-R004","유화 배합실","C03","M/M",2026-05-28 09:54:00,2026-05-28 11:10:00,"LCCUser","10분 교반",2026-05-28 10:16:56,2026-05-28 10:26:56,10,10,2026-06-01 00:00:00
"1","BKOLRN14","OX라데나로션(공용)","W26050608W10","HM15004","H/M 4호","1-R004","유화 배합실","C03","M/M",2026-05-28 09:54:00,2026-05-28 11:10:00,"LCCUser","12분 교반",2026-05-28 10:00:00,2026-05-28 10:12:58,12,12,2026-06-01 00:00:00
"1","BKOLRN14","OX라데나로션(공용)","W26050609W10","AQ10004","수상 용해조 4호","1-R004","유화 배합실","C02","용해",2026-05-28 10:35:00,2026-05-28 11:26:00,"LCCUser","40분 교반용해",2026-05-28 10:35:00,2026-05-28 11:26:00,40,40,2026-06-01 00:00:00
"1","BKOLRN14","OX라데나로션(공용)","W26050609W10","OL11004","유상 용해조 4호","1-R004","유화 배합실","C02","용해",2026-05-28 10:35:00,2026-05-28 11:26:00,"LCCUser","40분 교반용해",2026-05-28 10:35:00,2026-05-28 11:26:00,40,40,2026-06-01 00:00:00
"1","BKOLRN14","OX라데나로션(공용)","W26050609W10","HM15004","H/M 4호","1-R004","유화 배합실","C03","M/M",2026-05-28 11:26:00,2026-05-28 12:56:00,"LCCUser","12분 교반",2026-05-28 11:46:03,2026-05-28 11:58:03,12,12,2026-06-01 00:00:00
"1","BKOLRN14","OX라데나로션(공용)","W26050609W10","HM15004","H/M 4호","1-R004","유화 배합실","C03","M/M",2026-05-28 11:26:00,2026-05-28 12:56:00,"LCCUser","10분 교반",2026-05-28 12:01:27,2026-05-28 12:11:27,10,10,2026-06-01 00:00:00
"1","BKOLRN14","OX라데나로션(공용)","W26050609W10","HM15004","H/M 4호","1-R004","유화 배합실","C03","M/M",2026-05-28 11:26:00,2026-05-28 12:56:00,"LCCUser","6분 교반",2026-05-28 12:35:14,2026-05-28 12:41:14,6,6,2026-06-01 00:00:00
"1","BUV64849551","V라벤더로션(보이드)","W26050610W10","AQ10005","수상 용해조 5호","1-R004","유화 배합실","C02","용해",2026-05-28 08:58:00,2026-05-28 10:02:00,"LCCUser","20분 교반",2026-05-28 09:38:00,2026-05-28 10:02:00,20,20,2026-06-01 00:00:00
"1","BUV64849551","V라벤더로션(보이드)","W26050610W10","AQ10005","수상 용해조 5호","1-R004","유화 배합실","C02","용해",2026-05-28 08:58:00,2026-05-28 10:02:00,"LCCUser","20분 교반",2026-05-28 08:58:00,2026-05-28 09:37:00,20,20,2026-06-01 00:00:00
"1","BUV64849551","V라벤더로션(보이드)","W26050610W10","OL11005","유상 용해조 5호","1-R004","유화 배합실","C02","용해",2026-05-28 08:58:00,2026-05-28 10:02:00,"LCCUser","40분 교반",2026-05-28 08:58:00,2026-05-28 09:45:00,40,40,2026-06-01 00:00:00
"1","BUV64849551","V라벤더로션(보이드)","W26050610W10","HM15005","H/M 5호","1-R004","유화 배합실","C03","M/M",2026-05-28 09:53:00,2026-05-28 11:40:00,"LCCUser","3분 교반",2026-05-28 11:13:18,2026-05-28 11:16:18,3,3,2026-06-01 00:00:00
"1","BUV64849551","V라벤더로션(보이드)","W26050610W10","HM15005","H/M 5호","1-R004","유화 배합실","C03","M/M",2026-05-28 09:53:00,2026-05-28 11:40:00,"LCCUser","10분 교반",2026-05-28 10:57:37,2026-05-28 11:07:37,10,10,2026-06-01 00:00:00
"1","BUV64849551","V라벤더로션(보이드)","W26050610W10","HM15005","H/M 5호","1-R004","유화 배합실","C03","M/M",2026-05-28 09:53:00,2026-05-28 11:40:00,"LCCUser","5분 교반",2026-05-28 09:53:00,2026-05-28 09:58:43,5,5,2026-06-01 00:00:00
"1","BUV64849551","V라벤더로션(보이드)","W26050610W10","HM15005","H/M 5호","1-R004","유화 배합실","C03","M/M",2026-05-28 09:53:00,2026-05-28 11:40:00,"LCCUser","10분 교반",2026-05-28 10:01:40,2026-05-28 10:11:40,10,10,2026-06-01 00:00:00
"1","BUV64849551","V라벤더로션(보이드)","W26050610W10","HM15005","H/M 5호","1-R004","유화 배합실","C03","M/M",2026-05-28 09:53:00,2026-05-28 11:40:00,"LCCUser","5분 교반",2026-05-28 10:12:24,2026-05-28 10:17:24,5,5,2026-06-01 00:00:00
"1","BUV64849551","V라벤더로션(보이드)","W26050611W10","OL11005","유상 용해조 5호","1-R004","유화 배합실","C02","용해",2026-05-28 12:38:00,2026-05-28 14:26:00,"LCCUser","40분 교반",2026-05-28 12:38:00,2026-05-28 13:26:00,40,40,2026-06-01 00:00:00
"1","BUV64849551","V라벤더로션(보이드)","W26050611W10","AQ10005","수상 용해조 5호","1-R004","유화 배합실","C02","용해",2026-05-28 12:38:00,2026-05-28 14:26:00,"LCCUser","20분 교반",2026-05-28 13:26:00,2026-05-28 14:26:00,20,20,2026-06-01 00:00:00
"1","BUV64849551","V라벤더로션(보이드)","W26050611W10","AQ10005","수상 용해조 5호","1-R004","유화 배합실","C02","용해",2026-05-28 12:38:00,2026-05-28 14:26:00,"LCCUser","20분 교반",2026-05-28 12:38:00,2026-05-28 13:26:00,20,20,2026-06-01 00:00:00
"1","BUV64849551","V라벤더로션(보이드)","W26050611W10","HM15005","H/M 5호","1-R004","유화 배합실","C03","M/M",2026-05-28 13:31:00,2026-05-28 15:35:00,"LCCUser","10분 교반",2026-05-28 15:13:00,2026-05-28 15:32:00,10,10,2026-06-01 00:00:00
"1","BUV64849551","V라벤더로션(보이드)","W26050611W10","HM15005","H/M 5호","1-R004","유화 배합실","C03","M/M",2026-05-28 13:31:00,2026-05-28 15:35:00,"LCCUser","3분 교반",2026-05-28 15:32:00,2026-05-28 15:35:00,3,3,2026-06-01 00:00:00
"1","BUV64849551","V라벤더로션(보이드)","W26050611W10","HM15005","H/M 5호","1-R004","유화 배합실","C03","M/M",2026-05-28 13:31:00,2026-05-28 15:35:00,"LCCUser","5분 교반",2026-05-28 13:39:22,2026-05-28 13:44:22,5,5,2026-06-01 00:00:00
"1","BUV64849551","V라벤더로션(보이드)","W26050611W10","HM15005","H/M 5호","1-R004","유화 배합실","C03","M/M",2026-05-28 13:31:00,2026-05-28 15:35:00,"LCCUser","5분 교반",2026-05-28 14:00:36,2026-05-28 14:05:36,5,5,2026-06-01 00:00:00
"1","BUV64849551","V라벤더로션(보이드)","W26050611W10","HM15005","H/M 5호","1-R004","유화 배합실","C03","M/M",2026-05-28 13:31:00,2026-05-28 15:35:00,"LCCUser","10분 교반",2026-05-28 13:49:15,2026-05-28 13:59:14,10,10,2026-06-01 00:00:00
"1","BUV64849551","V라벤더로션(보이드)","W26050612W10","AQ10005","수상 용해조 5호","1-R004","유화 배합실","C02","용해",2026-05-28 14:35:00,2026-05-28 15:55:00,"LCCUser","20분 교반",2026-05-28 15:33:00,2026-05-28 15:55:00,20,20,2026-06-01 00:00:00
"1","BUV64849551","V라벤더로션(보이드)","W26050612W10","OL11005","유상 용해조 5호","1-R004","유화 배합실","C02","용해",2026-05-28 14:35:00,2026-05-28 15:55:00,"LCCUser","40분 교반",2026-05-28 14:35:00,2026-05-28 15:33:00,40,40,2026-06-01 00:00:00
"1","BUV64849551","V라벤더로션(보이드)","W26050612W10","AQ10005","수상 용해조 5호","1-R004","유화 배합실","C02","용해",2026-05-28 14:35:00,2026-05-28 15:55:00,"LCCUser","20분 교반",2026-05-28 14:35:00,2026-05-28 15:33:00,20,20,2026-06-01 00:00:00
"1","BUV64849551","V라벤더로션(보이드)","W26050612W10","HM15005","H/M 5호","1-R004","유화 배합실","C03","M/M",2026-05-28 16:11:00,2026-05-28 18:11:00,"LCCUser","3분 교반",2026-05-28 17:26:35,2026-05-28 17:36:35,3,3,2026-06-01 00:00:00
"1","BUV64849551","V라벤더로션(보이드)","W26050612W10","HM15005","H/M 5호","1-R004","유화 배합실","C03","M/M",2026-05-28 16:11:00,2026-05-28 18:11:00,"LCCUser","10분 교반",2026-05-28 16:45:05,2026-05-28 16:50:06,10,10,2026-06-01 00:00:00
"1","BUV64849551","V라벤더로션(보이드)","W26050612W10","HM15005","H/M 5호","1-R004","유화 배합실","C03","M/M",2026-05-28 16:11:00,2026-05-28 18:11:00,"LCCUser","5분 교반",2026-05-28 16:26:57,2026-05-28 16:31:57,5,5,2026-06-01 00:00:00
"1","BUV64849551","V라벤더로션(보이드)","W26050612W10","HM15005","H/M 5호","1-R004","유화 배합실","C03","M/M",2026-05-28 16:11:00,2026-05-28 18:11:00,"LCCUser","5분 교반",2026-05-28 16:33:12,2026-05-28 16:33:28,5,5,2026-06-01 00:00:00
"1","BUV64849551","V라벤더로션(보이드)","W26050612W10","HM15005","H/M 5호","1-R004","유화 배합실","C03","M/M",2026-05-28 16:11:00,2026-05-28 18:11:00,"LCCUser","10분 교반",2026-05-28 16:34:20,2026-05-28 16:44:19,10,10,2026-06-01 00:00:00
"1","BOXEL141","OX엘레강스로션","W26050613W10","GX12004","검믹서 6호","1-R004","유화 배합실","C02","용해",2026-05-28 09:20:00,2026-05-28 10:07:00,"LCCUser","30분 교반",2026-05-28 09:20:00,2026-05-28 10:07:00,30,30,2026-05-29 00:00:00
"1","BOXEL141","OX엘레강스로션","W26050613W10","OL11006","유상 용해조 6호","1-R004","유화 배합실","C02","용해",2026-05-28 09:20:00,2026-05-28 10:07:00,"LCCUser","40분 교반용해",2026-05-28 09:20:00,2026-05-28 10:07:00,40,40,2026-05-29 00:00:00
"1","BOXEL141","OX엘레강스로션","W26050613W10","AQ10006","수상 용해조 6호","1-R004","유화 배합실","C02","용해",2026-05-28 09:20:00,2026-05-28 10:07:00,"LCCUser","40분 교반용해",2026-05-28 09:20:00,2026-05-28 10:07:00,40,40,2026-05-29 00:00:00
"1","BOXEL141","OX엘레강스로션","W26050613W10","BM15006","B/M 6호","1-R004","유화 배합실","C03","M/M",2026-05-28 10:07:00,2026-05-28 11:34:00,"LCCUser","8분",2026-05-28 10:24:28,2026-05-28 10:29:28,8,8,2026-05-29 00:00:00
"1","BOXEL141","OX엘레강스로션","W26050613W10","BM15006","B/M 6호","1-R004","유화 배합실","C03","M/M",2026-05-28 10:07:00,2026-05-28 11:34:00,"LCCUser","10분 교반",2026-05-28 10:14:10,2026-05-28 10:21:10,10,10,2026-05-29 00:00:00
"1","BOXEL141","OX엘레강스로션","W26050613W10","BM15006","B/M 6호","1-R004","유화 배합실","C03","M/M",2026-05-28 10:07:00,2026-05-28 11:34:00,"LCCUser","5분",2026-05-28 11:00:20,2026-05-28 11:05:20,5,5,2026-05-29 00:00:00
"1","BOXEL141","OX엘레강스로션","W26050614W10","GX12004","검믹서 6호","1-R004","유화 배합실","C02","용해",2026-05-28 12:36:00,2026-05-28 13:48:00,"LCCUser","30분 교반",2026-05-28 12:37:00,2026-05-28 13:48:00,30,30,2026-05-29 00:00:00
"1","BOXEL141","OX엘레강스로션","W26050614W10","OL11006","유상 용해조 6호","1-R004","유화 배합실","C02","용해",2026-05-28 12:36:00,2026-05-28 13:48:00,"LCCUser","40분 교반용해",2026-05-28 12:37:00,2026-05-28 13:48:00,40,40,2026-05-29 00:00:00
"1","BOXEL141","OX엘레강스로션","W26050614W10","AQ10006","수상 용해조 6호","1-R004","유화 배합실","C02","용해",2026-05-28 12:36:00,2026-05-28 13:48:00,"LCCUser","40분 교반용해",2026-05-28 12:37:00,2026-05-28 13:48:00,40,40,2026-05-29 00:00:00
"1","BOXEL141","OX엘레강스로션","W26050614W10","BM15006","B/M 6호","1-R004","유화 배합실","C03","M/M",2026-05-28 13:48:00,2026-05-28 15:31:00,"LCCUser","5분",2026-05-28 14:43:20,2026-05-28 14:48:20,5,5,2026-05-29 00:00:00
"1","BOXEL141","OX엘레강스로션","W26050614W10","BM15006","B/M 6호","1-R004","유화 배합실","C03","M/M",2026-05-28 13:48:00,2026-05-28 15:31:00,"LCCUser","8분",2026-05-28 14:06:54,2026-05-28 14:11:54,8,8,2026-05-29 00:00:00
"1","BOXEL141","OX엘레강스로션","W26050614W10","BM15006","B/M 6호","1-R004","유화 배합실","C03","M/M",2026-05-28 13:48:00,2026-05-28 15:31:00,"LCCUser","10분 교반",2026-05-28 13:56:40,2026-05-28 14:03:40,10,10,2026-05-29 00:00:00
"1","BOXHWR","OX퍼퓸핸드워시(로즈)","W26050615W10","SP15002","샴푸믹서","1-R004","유화 배합실","C03","M/M",2026-05-28 10:55:00,2026-05-28 12:03:00,"LCCUser","5분 교반",2026-05-28 11:24:05,2026-05-28 11:30:10,5,5,2026-05-29 00:00:00
"1","BOXHWR","OX퍼퓸핸드워시(로즈)","W26050615W10","SP15002","샴푸믹서","1-R004","유화 배합실","C03","M/M",2026-05-28 10:55:00,2026-05-28 12:03:00,"LCCUser","10분 교반",2026-05-28 10:56:00,2026-05-28 11:07:04,10,10,2026-05-29 00:00:00
"1","BOXHWR","OX퍼퓸핸드워시(로즈)","W26050615W10","SP15002","샴푸믹서","1-R004","유화 배합실","C03","M/M",2026-05-28 10:55:00,2026-05-28 12:03:00,"LCCUser","10분 교반",2026-05-28 11:07:08,2026-05-28 11:24:02,10,10,2026-05-29 00:00:00
"1","BOXHWR","OX퍼퓸핸드워시(로즈)","W26050615W10","SP15002","샴푸믹서","1-R004","유화 배합실","C03","M/M",2026-05-28 10:55:00,2026-05-28 12:03:00,"LCCUser","20분 교반",2026-05-28 11:30:12,2026-05-28 12:03:12,20,20,2026-05-29 00:00:00
"1","BKOLSC10","OX라데나스킨(중국)","W26050616W10","SP15001","스킨믹서","1-R004","유화 배합실","C03","M/M",2026-05-28 10:33:00,2026-05-28 11:53:00,"LCCUser","10분 교반",2026-05-28 11:24:00,2026-05-28 11:52:00,10,10,2026-05-29 00:00:00
"1","BKOLSC10","OX라데나스킨(중국)","W26050616W10","SP15001","스킨믹서","1-R004","유화 배합실","C03","M/M",2026-05-28 10:33:00,2026-05-28 11:53:00,"LCCUser","10분 교반",2026-05-28 10:38:00,2026-05-28 10:53:00,10,10,2026-05-29 00:00:00
"1","BKOLSC10","OX라데나스킨(중국)","W26050616W10","SP15001","스킨믹서","1-R004","유화 배합실","C03","M/M",2026-05-28 10:33:00,2026-05-28 11:53:00,"LCCUser","10분 교반",2026-05-28 10:53:00,2026-05-28 11:04:00,10,10,2026-05-29 00:00:00
"1","BKOLSC10","OX라데나스킨(중국)","W26050616W10","SP15001","스킨믹서","1-R004","유화 배합실","C03","M/M",2026-05-28 10:33:00,2026-05-28 11:53:00,"LCCUser","10분 교반",2026-05-28 11:05:00,2026-05-28 11:24:00,10,10,2026-05-29 00:00:00
"1","BKOLS10","OX라데나스킨(공용)","W26050617W10","SP15001","스킨믹서","1-R004","유화 배합실","C03","M/M",2026-05-28 16:29:00,2026-05-28 17:15:00,"LCCUser","10분 교반",2026-05-28 17:05:00,2026-05-28 17:15:00,10,10,2026-05-29 00:00:00
"1","BKOLS10","OX라데나스킨(공용)","W26050617W10","SP15001","스킨믹서","1-R004","유화 배합실","C03","M/M",2026-05-28 16:29:00,2026-05-28 17:15:00,"LCCUser","10분 교반",2026-05-28 16:55:00,2026-05-28 17:05:00,10,10,2026-05-29 00:00:00
"1","BKOLS10","OX라데나스킨(공용)","W26050617W10","SP15001","스킨믹서","1-R004","유화 배합실","C03","M/M",2026-05-28 16:29:00,2026-05-28 17:15:00,"LCCUser","10분 교반",2026-05-28 16:31:00,2026-05-28 16:45:00,10,10,2026-05-29 00:00:00
"1","BKOLS10","OX라데나스킨(공용)","W26050617W10","SP15001","스킨믹서","1-R004","유화 배합실","C03","M/M",2026-05-28 16:29:00,2026-05-28 17:15:00,"LCCUser","10분 교반",2026-05-28 16:45:00,2026-05-28 16:55:00,10,10,2026-05-29 00:00:00
"5","BETBMG","TB가글(마일드,수출)","W26050623W10","DS50003","5공장 용해조 3호","5-R003","5공장 가글 배합실","C02","용해",2026-05-28 09:14:00,2026-05-28 09:44:00,"LCCUser","premixing 30분 용해",2026-05-28 09:14:00,2026-05-28 09:44:00,30,35,2026-05-29 00:00:00
"5","BETBMG","TB가글(마일드,수출)","W26050623W10","5M00004","제조 4호","5-R003","5공장 가글 배합실","C03","M/M",2026-05-28 09:14:00,2026-05-28 11:03:00,"LCCUser","60분 교반",2026-05-28 10:03:00,2026-05-28 11:03:00,60,65,2026-05-29 00:00:00
"5","BETBMG","TB가글(마일드,수출)","W26050623W10","5M00004","제조 4호","5-R003","5공장 가글 배합실","C03","M/M",2026-05-28 09:14:00,2026-05-28 11:03:00,"LCCUser","15분 교반",2026-05-28 09:44:00,2026-05-28 10:03:00,15,20,2026-05-29 00:00:00
"5","BETBMG","TB가글(마일드,수출)","W26050623W10","5M00004","제조 4호","5-R003","5공장 가글 배합실","C03","M/M",2026-05-28 09:14:00,2026-05-28 11:03:00,"LCCUser","30분 교반",2026-05-28 09:14:00,2026-05-28 09:44:00,30,35,2026-05-29 00:00:00
"5","BETBMG","TB가글(마일드,수출)","W26050624W10","DS50003","5공장 용해조 3호","5-R003","5공장 가글 배합실","C02","용해",2026-05-28 09:30:00,2026-05-28 10:14:00,"LCCUser","premixing 30분 용해",2026-05-28 09:44:00,2026-05-28 10:14:00,30,35,2026-05-29 00:00:00
"5","BETBMG","TB가글(마일드,수출)","W26050624W10","5M00003","제조 3호","5-R003","5공장 가글 배합실","C03","M/M",2026-05-28 09:30:00,2026-05-28 11:46:00,"LCCUser","15분 교반",2026-05-28 10:14:00,2026-05-28 10:29:00,15,20,2026-05-29 00:00:00
"5","BETBMG","TB가글(마일드,수출)","W26050624W10","5M00003","제조 3호","5-R003","5공장 가글 배합실","C03","M/M",2026-05-28 09:30:00,2026-05-28 11:46:00,"LCCUser","30분 교반",2026-05-28 09:44:00,2026-05-28 10:14:00,30,35,2026-05-29 00:00:00
"5","BETBMG","TB가글(마일드,수출)","W26050624W10","5M00003","제조 3호","5-R003","5공장 가글 배합실","C03","M/M",2026-05-28 09:30:00,2026-05-28 11:46:00,"LCCUser","60분 교반",2026-05-28 10:29:00,2026-05-28 11:46:00,60,65,2026-05-29 00:00:00
"4","BOXAGF","OX애니가글F","W26050625W10","DS40003","4공장 용해조 3호","4-R004","4공장 배합실","C02","용해",2026-05-28 09:24:00,2026-05-28 10:21:00,"LCCUser","20분 용해",2026-05-28 09:39:00,2026-05-28 10:01:00,20,25,2026-05-29 00:00:00
"4","BOXAGF","OX애니가글F","W26050625W10","DS40003","4공장 용해조 3호","4-R004","4공장 배합실","C02","용해",2026-05-28 09:24:00,2026-05-28 10:21:00,"LCCUser","20분 교반",2026-05-28 10:01:00,2026-05-28 10:21:00,20,25,2026-05-29 00:00:00
"4","BOXAGF","OX애니가글F","W26050625W10","GA15001","액상3호","4-R004","4공장 배합실","C03","M/M",2026-05-28 10:07:00,2026-05-28 10:51:00,"LCCUser","20분 교반",2026-05-28 10:22:00,2026-05-28 10:51:00,20,25,2026-05-29 00:00:00
"4","BOXAGF","OX애니가글F","W26050625W10","GA15001","액상3호","4-R004","4공장 배합실","C03","M/M",2026-05-28 10:07:00,2026-05-28 10:51:00,"LCCUser","10분 교반",2026-05-28 10:07:00,2026-05-28 10:21:00,10,15,2026-05-29 00:00:00
"4","BOXAGF","OX애니가글F","W26050626W10","DS40004","4공장 용해조 4호","4-R004","4공장 배합실","C02","용해",2026-05-28 13:42:00,2026-05-28 14:24:00,"LCCUser","20분 교반",2026-05-28 14:03:00,2026-05-28 14:24:00,20,25,2026-05-29 00:00:00
"4","BOXAGF","OX애니가글F","W26050626W10","DS40004","4공장 용해조 4호","4-R004","4공장 배합실","C02","용해",2026-05-28 13:42:00,2026-05-28 14:24:00,"LCCUser","20분 용해",2026-05-28 13:42:00,2026-05-28 14:03:00,20,25,2026-05-29 00:00:00
"4","BOXAGF","OX애니가글F","W26050626W10","GA15001","액상3호","4-R004","4공장 배합실","C03","M/M",2026-05-28 14:04:00,2026-05-28 14:48:00,"LCCUser","20분 교반",2026-05-28 14:25:00,2026-05-28 14:48:00,20,25,2026-05-29 00:00:00
"4","BOXAGF","OX애니가글F","W26050626W10","GA15001","액상3호","4-R004","4공장 배합실","C03","M/M",2026-05-28 14:04:00,2026-05-28 14:48:00,"LCCUser","10분 교반",2026-05-28 14:05:00,2026-05-28 14:24:00,10,15,2026-05-29 00:00:00
"4","BCANGG15","OX애니가글S","W26050627W10","DS40004","4공장 용해조 4호","4-R004","4공장 배합실","C02","용해",2026-05-28 09:17:00,2026-05-28 09:59:00,"LCCUser","20분 교반",2026-05-28 09:38:00,2026-05-28 09:59:00,20,25,2026-05-29 00:00:00
"4","BCANGG15","OX애니가글S","W26050627W10","DS40004","4공장 용해조 4호","4-R004","4공장 배합실","C02","용해",2026-05-28 09:17:00,2026-05-28 09:59:00,"LCCUser","20분 용해",2026-05-28 09:17:00,2026-05-28 09:38:00,20,25,2026-05-29 00:00:00
"4","BCANGG15","OX애니가글S","W26050627W10","SM20010","액상4호","4-R004","4공장 배합실","C03","M/M",2026-05-28 09:38:00,2026-05-28 10:21:00,"LCCUser","20분 교반",2026-05-28 10:00:00,2026-05-28 10:21:00,20,25,2026-05-29 00:00:00
"4","BCANGG15","OX애니가글S","W26050627W10","SM20010","액상4호","4-R004","4공장 배합실","C03","M/M",2026-05-28 09:38:00,2026-05-28 10:21:00,"LCCUser","10분 교반",2026-05-28 09:48:00,2026-05-28 09:59:00,10,15,2026-05-29 00:00:00
"4","BCANGG15","OX애니가글S","W26050627W10","SM20010","액상4호","4-R004","4공장 배합실","C03","M/M",2026-05-28 09:38:00,2026-05-28 10:21:00,"LCCUser","10분 교반",2026-05-28 09:38:00,2026-05-28 09:48:00,10,15,2026-05-29 00:00:00
"3","BUV68654738","VLC민트","W26050628W10","LC20012","L/C 2호","3-R003","3공장 배합실","C03","M/M",2026-05-28 09:27:00,2026-05-28 11:09:00,"LCCUser","20분 교반",2026-05-28 10:46:00,2026-05-28 11:08:00,20,20,2026-05-29 00:00:00
"3","BUV68654738","VLC민트","W26050628W10","LC20012","L/C 2호","3-R003","3공장 배합실","C03","M/M",2026-05-28 09:27:00,2026-05-28 11:09:00,"LCCUser","20분 교반",2026-05-28 10:24:00,2026-05-28 10:46:00,20,20,2026-05-29 00:00:00
"3","BUV68654738","VLC민트","W26050628W10","LC20012","L/C 2호","3-R003","3공장 배합실","C03","M/M",2026-05-28 09:27:00,2026-05-28 11:09:00,"LCCUser","30분 교반",2026-05-28 09:50:00,2026-05-28 10:20:00,30,30,2026-05-29 00:00:00
"3","BVLC64392502","VLC메리체리","W26050629W10","LC20011","L/C 4호","3-R003","3공장 배합실","C03","M/M",2026-05-28 09:26:00,2026-05-28 11:35:00,"LCCUser","20분 교반",2026-05-28 10:24:00,2026-05-28 10:46:00,20,20,2026-05-29 00:00:00
"3","BVLC64392502","VLC메리체리","W26050629W10","LC20011","L/C 4호","3-R003","3공장 배합실","C03","M/M",2026-05-28 09:26:00,2026-05-28 11:35:00,"LCCUser","20분 교반",2026-05-28 10:46:00,2026-05-28 11:08:00,20,20,2026-05-29 00:00:00
"3","BVLC64392502","VLC메리체리","W26050629W10","LC20011","L/C 4호","3-R003","3공장 배합실","C03","M/M",2026-05-28 09:26:00,2026-05-28 11:35:00,"LCCUser","20분 교반",2026-05-28 11:08:00,2026-05-28 11:29:00,20,20,2026-05-29 00:00:00
"3","BVLC64392502","VLC메리체리","W26050629W10","LC20011","L/C 4호","3-R003","3공장 배합실","C03","M/M",2026-05-28 09:26:00,2026-05-28 11:35:00,"LCCUser","30분 교반",2026-05-28 09:50:00,2026-05-28 10:20:00,30,30,2026-05-29 00:00:00
"4","BTBGGR","TB가글(클린민트)","W26050630W10","DS40002","4공장 용해조 2호","4-R004","4공장 배합실","C02","용해",2026-05-28 08:48:00,2026-05-28 10:13:00,"LCCUser","10분 용해",2026-05-28 08:48:00,2026-05-28 08:59:00,10,15,2026-05-29 00:00:00
"4","BTBGGR","TB가글(클린민트)","W26050630W10","DS40002","4공장 용해조 2호","4-R004","4공장 배합실","C02","용해",2026-05-28 08:48:00,2026-05-28 10:13:00,"LCCUser","70분 교반",2026-05-28 09:02:00,2026-05-28 10:13:00,70,75,2026-05-29 00:00:00
"4","BTBGGR","TB가글(클린민트)","W26050630W10","SM20008","액상2호","4-R004","4공장 배합실","C03","M/M",2026-05-28 09:41:00,2026-05-28 10:53:00,"LCCUser","40분 교반",2026-05-28 10:13:00,2026-05-28 10:53:00,40,45,2026-05-29 00:00:00
"4","BTBGGR","TB가글(클린민트)","W26050630W10","SM20008","액상2호","4-R004","4공장 배합실","C03","M/M",2026-05-28 09:41:00,2026-05-28 10:53:00,"LCCUser","30분 교반",2026-05-28 09:41:00,2026-05-28 10:13:00,30,35,2026-05-29 00:00:00
"4","BTBGGR","TB가글(클린민트)","W26050631W10","DS40002","4공장 용해조 2호","4-R004","4공장 배합실","C02","용해",2026-05-28 10:24:00,2026-05-28 11:46:00,"LCCUser","70분 교반",2026-05-28 10:35:00,2026-05-28 11:46:00,70,75,2026-05-29 00:00:00
"4","BTBGGR","TB가글(클린민트)","W26050631W10","DS40002","4공장 용해조 2호","4-R004","4공장 배합실","C02","용해",2026-05-28 10:24:00,2026-05-28 11:46:00,"LCCUser","10분 용해",2026-05-28 10:25:00,2026-05-28 10:35:00,10,15,2026-05-29 00:00:00
"4","BTBGGR","TB가글(클린민트)","W26050631W10","SM20008","액상2호","4-R004","4공장 배합실","C03","M/M",2026-05-28 11:25:00,2026-05-28 12:37:00,"LCCUser","30분 교반",2026-05-28 11:25:00,2026-05-28 11:55:00,30,35,2026-05-29 00:00:00
"4","BTBGGR","TB가글(클린민트)","W26050631W10","SM20008","액상2호","4-R004","4공장 배합실","C03","M/M",2026-05-28 11:25:00,2026-05-28 12:37:00,"LCCUser","40분 교반",2026-05-28 11:55:00,2026-05-28 12:37:00,40,45,2026-05-29 00:00:00
"4","BTBGGR","TB가글(클린민트)","W26050632W10","DS40002","4공장 용해조 2호","4-R004","4공장 배합실","C02","용해",2026-05-28 12:09:00,2026-05-28 13:31:00,"LCCUser","10분 용해",2026-05-28 12:09:00,2026-05-28 12:19:00,10,15,2026-05-29 00:00:00
"4","BTBGGR","TB가글(클린민트)","W26050632W10","DS40002","4공장 용해조 2호","4-R004","4공장 배합실","C02","용해",2026-05-28 12:09:00,2026-05-28 13:31:00,"LCCUser","70분 교반",2026-05-28 12:19:00,2026-05-28 13:31:00,70,75,2026-05-29 00:00:00
"4","BTBGGR","TB가글(클린민트)","W26050632W10","SM20008","액상2호","4-R004","4공장 배합실","C03","M/M",2026-05-28 13:16:00,2026-05-28 14:27:00,"LCCUser","40분 교반",2026-05-28 13:46:00,2026-05-28 14:27:00,40,45,2026-05-29 00:00:00
"4","BTBGGR","TB가글(클린민트)","W26050632W10","SM20008","액상2호","4-R004","4공장 배합실","C03","M/M",2026-05-28 13:16:00,2026-05-28 14:27:00,"LCCUser","30분 교반",2026-05-28 13:16:00,2026-05-28 13:46:00,30,35,2026-05-29 00:00:00
"4","BTBGGR","TB가글(클린민트)","W26050633W10","DS40002","4공장 용해조 2호","4-R004","4공장 배합실","C02","용해",2026-05-28 13:59:00,2026-05-28 15:24:00,"LCCUser","10분 용해",2026-05-28 13:59:00,2026-05-28 14:10:00,10,15,2026-05-29 00:00:00
"4","BTBGGR","TB가글(클린민트)","W26050633W10","DS40002","4공장 용해조 2호","4-R004","4공장 배합실","C02","용해",2026-05-28 13:59:00,2026-05-28 15:24:00,"LCCUser","70분 교반",2026-05-28 14:11:00,2026-05-28 15:24:00,70,75,2026-05-29 00:00:00
"4","BTBGGR","TB가글(클린민트)","W26050633W10","SM20008","액상2호","4-R004","4공장 배합실","C03","M/M",2026-05-28 15:37:00,2026-05-28 16:49:00,"LCCUser","30분 교반",2026-05-28 15:37:00,2026-05-28 16:07:00,30,35,2026-05-29 00:00:00
"4","BTBGGR","TB가글(클린민트)","W26050633W10","SM20008","액상2호","4-R004","4공장 배합실","C03","M/M",2026-05-28 15:37:00,2026-05-28 16:49:00,"LCCUser","40분 교반",2026-05-28 16:07:00,2026-05-28 16:49:00,40,45,2026-05-29 00:00:00
"1","BKOLRN14","OX라데나로션(공용)","W26050655W10","HM15004","H/M 4호","1-R004","유화 배합실","C02","용해",2026-05-29 09:10:00,2026-05-29 10:32:00,"LCCUser","40분 교반용해",2026-05-29 09:10:00,2026-05-29 09:56:00,40,40,2026-06-01 00:00:00
"1","BKOLRN14","OX라데나로션(공용)","W26050655W10","HM15004","H/M 4호","1-R004","유화 배합실","C02","용해",2026-05-29 09:10:00,2026-05-29 10:32:00,"LCCUser","40분 교반용해",2026-05-29 09:56:00,2026-05-29 10:13:34,40,40,2026-06-01 00:00:00
"1","BKOLRN14","OX라데나로션(공용)","W26050655W10","HM15004","H/M 4호","1-R004","유화 배합실","C03","M/M",2026-05-29 09:56:00,2026-05-29 12:33:00,"LCCUser","6분 교반",2026-05-29 12:32:00,2026-05-29 12:33:00,6,6,2026-06-01 00:00:00
"1","BKOLRN14","OX라데나로션(공용)","W26050655W10","HM15004","H/M 4호","1-R004","유화 배합실","C03","M/M",2026-05-29 09:56:00,2026-05-29 12:33:00,"LCCUser","12분 교반",2026-05-29 10:13:00,2026-05-29 10:29:46,12,12,2026-06-01 00:00:00
"1","BKOLRN14","OX라데나로션(공용)","W26050655W10","HM15004","H/M 4호","1-R004","유화 배합실","C03","M/M",2026-05-29 09:56:00,2026-05-29 12:33:00,"LCCUser","10분 교반",2026-05-29 10:31:15,2026-05-29 10:41:14,10,10,2026-06-01 00:00:00
"1","BKOLRN14","OX라데나로션(공용)","W26050656W10","HM15004","H/M 4호","1-R004","유화 배합실","C02","용해",2026-05-29 10:58:00,2026-05-29 12:32:00,"LCCUser","40분 교반용해",2026-05-29 10:58:00,2026-05-29 11:51:00,40,40,2026-06-01 00:00:00
"1","BKOLRN14","OX라데나로션(공용)","W26050656W10","HM15004","H/M 4호","1-R004","유화 배합실","C02","용해",2026-05-29 10:58:00,2026-05-29 12:32:00,"LCCUser","40분 교반용해",2026-05-29 11:51:00,2026-05-29 12:32:00,40,40,2026-06-01 00:00:00
"1","BKOLRN14","OX라데나로션(공용)","W26050656W10","HM15004","H/M 4호","1-R004","유화 배합실","C03","M/M",2026-05-29 12:32:00,2026-05-29 13:47:00,"LCCUser","12분 교반",2026-05-29 12:33:00,2026-05-29 12:45:41,12,12,2026-06-01 00:00:00
"1","BKOLRN14","OX라데나로션(공용)","W26050656W10","HM15004","H/M 4호","1-R004","유화 배합실","C03","M/M",2026-05-29 12:32:00,2026-05-29 13:47:00,"LCCUser","10분 교반",2026-05-29 12:49:03,2026-05-29 12:59:03,10,10,2026-06-01 00:00:00
"1","BKOLRN14","OX라데나로션(공용)","W26050656W10","HM15004","H/M 4호","1-R004","유화 배합실","C03","M/M",2026-05-29 12:32:00,2026-05-29 13:47:00,"LCCUser","6분 교반",2026-05-29 13:17:46,2026-05-29 13:23:46,6,6,2026-06-01 00:00:00
"1","BKOLRN14","OX라데나로션(공용)","W26050657W10","AQ10004","수상 용해조 4호","1-R004","유화 배합실","C02","용해",2026-05-28 13:33:00,2026-05-28 14:18:00,"LCCUser","40분 교반용해",2026-05-28 13:33:00,2026-05-28 14:18:00,40,40,2026-06-01 00:00:00
"1","BKOLRN14","OX라데나로션(공용)","W26050657W10","OL11004","유상 용해조 4호","1-R004","유화 배합실","C02","용해",2026-05-28 13:33:00,2026-05-28 14:18:00,"LCCUser","40분 교반용해",2026-05-28 13:33:00,2026-05-28 14:18:00,40,40,2026-06-01 00:00:00
"1","BKOLRN14","OX라데나로션(공용)","W26050657W10","HM15004","H/M 4호","1-R004","유화 배합실","C03","M/M",2026-05-28 14:18:00,2026-05-28 15:38:00,"LCCUser","10분 교반",2026-05-28 14:41:35,2026-05-28 14:51:35,10,10,2026-06-01 00:00:00
"1","BKOLRN14","OX라데나로션(공용)","W26050657W10","HM15004","H/M 4호","1-R004","유화 배합실","C03","M/M",2026-05-28 14:18:00,2026-05-28 15:38:00,"LCCUser","6분 교반",2026-05-28 15:14:35,2026-05-28 15:20:35,6,6,2026-06-01 00:00:00
"1","BKOLRN14","OX라데나로션(공용)","W26050657W10","HM15004","H/M 4호","1-R004","유화 배합실","C03","M/M",2026-05-28 14:18:00,2026-05-28 15:38:00,"LCCUser","12분 교반",2026-05-28 14:25:04,2026-05-28 14:37:04,12,12,2026-06-01 00:00:00
"1","BUV64849551","V라벤더로션(보이드)","W26050658W10","AQ10005","수상 용해조 5호","1-R004","유화 배합실","C02","용해",2026-05-29 08:52:00,2026-05-29 11:34:00,"LCCUser","20분 교반",2026-05-29 09:49:00,2026-05-29 11:34:00,20,20,2026-06-01 00:00:00
"1","BUV64849551","V라벤더로션(보이드)","W26050658W10","OL11005","유상 용해조 5호","1-R004","유화 배합실","C02","용해",2026-05-29 08:52:00,2026-05-29 11:34:00,"LCCUser","40분 교반",2026-05-29 08:58:00,2026-05-29 09:49:00,40,40,2026-06-01 00:00:00
"1","BUV64849551","V라벤더로션(보이드)","W26050658W10","AQ10005","수상 용해조 5호","1-R004","유화 배합실","C02","용해",2026-05-29 08:52:00,2026-05-29 11:34:00,"LCCUser","20분 교반",2026-05-29 08:52:00,2026-05-29 09:49:00,20,20,2026-06-01 00:00:00
"1","BUV64849551","V라벤더로션(보이드)","W26050658W10","HM15005","H/M 5호","1-R004","유화 배합실","C03","M/M",2026-05-29 09:58:00,2026-05-29 11:34:00,"LCCUser","5분 교반",2026-05-29 10:16:50,2026-05-29 10:21:49,5,5,2026-06-01 00:00:00
"1","BUV64849551","V라벤더로션(보이드)","W26050658W10","HM15005","H/M 5호","1-R004","유화 배합실","C03","M/M",2026-05-29 09:58:00,2026-05-29 11:34:00,"LCCUser","10분 교반",2026-05-29 10:05:47,2026-05-29 10:15:46,10,10,2026-06-01 00:00:00
"1","BUV64849551","V라벤더로션(보이드)","W26050658W10","HM15005","H/M 5호","1-R004","유화 배합실","C03","M/M",2026-05-29 09:58:00,2026-05-29 11:34:00,"LCCUser","3분 교반",2026-05-29 11:26:47,2026-05-29 11:29:47,3,3,2026-06-01 00:00:00
"1","BUV64849551","V라벤더로션(보이드)","W26050658W10","HM15005","H/M 5호","1-R004","유화 배합실","C03","M/M",2026-05-29 09:58:00,2026-05-29 11:34:00,"LCCUser","5분 교반",2026-05-29 09:58:00,2026-05-29 10:03:24,5,5,2026-06-01 00:00:00
"1","BUV64849551","V라벤더로션(보이드)","W26050658W10","HM15005","H/M 5호","1-R004","유화 배합실","C03","M/M",2026-05-29 09:58:00,2026-05-29 11:34:00,"LCCUser","10분 교반",2026-05-29 11:07:48,2026-05-29 11:17:47,10,10,2026-06-01 00:00:00
"1","BUV64849551","V라벤더로션(보이드)","W26050659W10","OL11005","유상 용해조 5호","1-R004","유화 배합실","C02","용해",2026-05-29 11:39:00,2026-05-29 12:44:00,"LCCUser","40분 교반",2026-05-29 11:39:00,2026-05-29 12:43:00,40,40,2026-06-01 00:00:00
"1","BUV64849551","V라벤더로션(보이드)","W26050659W10","AQ10005","수상 용해조 5호","1-R004","유화 배합실","C02","용해",2026-05-29 11:39:00,2026-05-29 12:44:00,"LCCUser","20분 교반",2026-05-29 11:59:00,2026-05-29 12:43:00,20,20,2026-06-01 00:00:00
"1","BUV64849551","V라벤더로션(보이드)","W26050659W10","AQ10005","수상 용해조 5호","1-R004","유화 배합실","C02","용해",2026-05-29 11:39:00,2026-05-29 12:44:00,"LCCUser","20분 교반",2026-05-29 11:39:00,2026-05-29 11:59:00,20,20,2026-06-01 00:00:00
"1","BUV64849551","V라벤더로션(보이드)","W26050659W10","HM15005","H/M 5호","1-R004","유화 배합실","C03","M/M",2026-05-29 12:44:00,2026-05-29 14:33:00,"LCCUser","3분 교반",2026-05-29 14:04:29,2026-05-29 14:07:29,3,3,2026-06-01 00:00:00
"1","BUV64849551","V라벤더로션(보이드)","W26050659W10","HM15005","H/M 5호","1-R004","유화 배합실","C03","M/M",2026-05-29 12:44:00,2026-05-29 14:33:00,"LCCUser","5분 교반",2026-05-29 13:02:47,2026-05-29 13:07:46,5,5,2026-06-01 00:00:00
"1","BUV64849551","V라벤더로션(보이드)","W26050659W10","HM15005","H/M 5호","1-R004","유화 배합실","C03","M/M",2026-05-29 12:44:00,2026-05-29 14:33:00,"LCCUser","10분 교반",2026-05-29 13:45:46,2026-05-29 13:55:46,10,10,2026-06-01 00:00:00
"1","BUV64849551","V라벤더로션(보이드)","W26050659W10","HM15005","H/M 5호","1-R004","유화 배합실","C03","M/M",2026-05-29 12:44:00,2026-05-29 14:33:00,"LCCUser","5분 교반",2026-05-29 12:44:00,2026-05-29 12:49:14,5,5,2026-06-01 00:00:00
"1","BUV64849551","V라벤더로션(보이드)","W26050659W10","HM15005","H/M 5호","1-R004","유화 배합실","C03","M/M",2026-05-29 12:44:00,2026-05-29 14:33:00,"LCCUser","10분 교반",2026-05-29 12:52:00,2026-05-29 13:01:59,10,10,2026-06-01 00:00:00
"3","BUV115370","VLC오리지날","W26050660W10","LC20012","L/C 2호","3-R003","3공장 배합실","C03","M/M",2026-05-29 09:46:00,2026-05-29 11:28:00,"LCCUser","20분 교반",2026-05-29 10:43:00,2026-05-29 11:06:00,20,20,2026-06-02 00:00:00
"3","BUV115370","VLC오리지날","W26050660W10","LC20012","L/C 2호","3-R003","3공장 배합실","C03","M/M",2026-05-29 09:46:00,2026-05-29 11:28:00,"LCCUser","20분 교반",2026-05-29 11:06:00,2026-05-29 11:27:00,20,20,2026-06-02 00:00:00
"3","BUV115370","VLC오리지날","W26050660W10","LC20012","L/C 2호","3-R003","3공장 배합실","C03","M/M",2026-05-29 09:46:00,2026-05-29 11:28:00,"LCCUser","30분 교반",2026-05-29 10:04:00,2026-05-29 10:35:00,30,30,2026-06-01 00:00:00
"3","BUV115370","VLC오리지날","W26050660W10","LC20012","L/C 2호","3-R003","3공장 배합실","C03","M/M",2026-05-29 09:46:00,2026-05-29 11:28:00,"LCCUser","20분 교반",2026-05-29 10:43:00,2026-05-29 11:06:00,20,20,2026-06-01 00:00:00
"3","BUV115370","VLC오리지날","W26050660W10","LC20012","L/C 2호","3-R003","3공장 배합실","C03","M/M",2026-05-29 09:46:00,2026-05-29 11:28:00,"LCCUser","20분 교반",2026-05-29 11:06:00,2026-05-29 11:27:00,20,20,2026-06-01 00:00:00
"3","BUV115370","VLC오리지날","W26050660W10","LC20012","L/C 2호","3-R003","3공장 배합실","C03","M/M",2026-05-29 09:46:00,2026-05-29 11:28:00,"LCCUser","30분 교반",2026-05-29 10:04:00,2026-05-29 10:35:00,30,30,2026-06-02 00:00:00
"3","BUV115370","VLC오리지날","W26050661W10","LC20012","L/C 2호","3-R003","3공장 배합실","C03","M/M",2026-05-29 13:50:00,2026-05-29 15:25:00,"LCCUser","20분 교반",2026-05-29 15:03:00,2026-05-29 15:25:00,20,20,2026-06-01 00:00:00
"3","BUV115370","VLC오리지날","W26050661W10","LC20012","L/C 2호","3-R003","3공장 배합실","C03","M/M",2026-05-29 13:50:00,2026-05-29 15:25:00,"LCCUser","20분 교반",2026-05-29 14:42:00,2026-05-29 15:02:00,20,20,2026-06-01 00:00:00
"3","BUV115370","VLC오리지날","W26050661W10","LC20012","L/C 2호","3-R003","3공장 배합실","C03","M/M",2026-05-29 13:50:00,2026-05-29 15:25:00,"LCCUser","30분 교반",2026-05-29 14:12:00,2026-05-29 14:42:00,30,30,2026-06-01 00:00:00
"1","BOXEL141","OX엘레강스로션","W26050662W10","GX12004","검믹서 6호","1-R004","유화 배합실","C02","용해",2026-05-29 09:19:00,2026-05-29 10:05:00,"LCCUser","30분 교반",2026-05-29 09:25:00,2026-05-29 10:05:00,30,30,2026-06-02 00:00:00
"1","BOXEL141","OX엘레강스로션","W26050662W10","OL11006","유상 용해조 6호","1-R004","유화 배합실","C02","용해",2026-05-29 09:19:00,2026-05-29 10:05:00,"LCCUser","40분 교반용해",2026-05-29 09:25:00,2026-05-29 10:05:00,40,40,2026-06-02 00:00:00
"1","BOXEL141","OX엘레강스로션","W26050662W10","AQ10006","수상 용해조 6호","1-R004","유화 배합실","C02","용해",2026-05-29 09:19:00,2026-05-29 10:05:00,"LCCUser","40분 교반용해",2026-05-29 09:25:00,2026-05-29 10:05:00,40,40,2026-06-02 00:00:00
"1","BOXEL141","OX엘레강스로션","W26050662W10","BM15006","B/M 6호","1-R004","유화 배합실","C03","M/M",2026-05-29 10:05:00,2026-05-29 11:08:00,"LCCUser","8분",2026-05-29 10:20:52,2026-05-29 10:25:52,8,8,2026-06-02 00:00:00
"1","BOXEL141","OX엘레강스로션","W26050662W10","BM15006","B/M 6호","1-R004","유화 배합실","C03","M/M",2026-05-29 10:05:00,2026-05-29 11:08:00,"LCCUser","10분 교반",2026-05-29 10:11:17,2026-05-29 10:18:17,10,10,2026-06-02 00:00:00
"1","BOXEL141","OX엘레강스로션","W26050662W10","BM15006","B/M 6호","1-R004","유화 배합실","C03","M/M",2026-05-29 10:05:00,2026-05-29 11:08:00,"LCCUser","5분",2026-05-29 10:53:43,2026-05-29 10:58:43,5,5,2026-06-02 00:00:00
"3","BUV115371","VLC로지","W26050663W10","LC20011","L/C 4호","3-R003","3공장 배합실","C03","M/M",2026-05-29 09:46:00,2026-05-29 11:49:00,"LCCUser","20분 교반",2026-05-29 11:28:00,2026-05-29 11:49:00,20,20,2026-06-01 00:00:00
"3","BUV115371","VLC로지","W26050663W10","LC20011","L/C 4호","3-R003","3공장 배합실","C03","M/M",2026-05-29 09:46:00,2026-05-29 11:49:00,"LCCUser","20분 교반",2026-05-29 11:06:00,2026-05-29 11:28:00,20,20,2026-06-01 00:00:00
"3","BUV115371","VLC로지","W26050663W10","LC20011","L/C 4호","3-R003","3공장 배합실","C03","M/M",2026-05-29 09:46:00,2026-05-29 11:49:00,"LCCUser","20분 교반",2026-05-29 10:45:00,2026-05-29 11:06:00,20,20,2026-06-01 00:00:00
"3","BUV115371","VLC로지","W26050663W10","LC20011","L/C 4호","3-R003","3공장 배합실","C03","M/M",2026-05-29 09:46:00,2026-05-29 11:49:00,"LCCUser","30분 교반",2026-05-29 10:04:00,2026-05-29 10:35:00,30,30,2026-06-01 00:00:00
"3","BUV115371","VLC로지","W26050664W10","LC20011","L/C 4호","3-R003","3공장 배합실","C03","M/M",2026-05-29 13:51:00,2026-05-29 15:47:00,"LCCUser","30분 교반",2026-05-29 14:11:00,2026-05-29 14:42:00,30,30,2026-06-02 00:00:00
"3","BUV115371","VLC로지","W26050664W10","LC20011","L/C 4호","3-R003","3공장 배합실","C03","M/M",2026-05-29 13:51:00,2026-05-29 15:47:00,"LCCUser","20분 교반",2026-05-29 14:42:00,2026-05-29 15:02:00,20,20,2026-06-02 00:00:00
"3","BUV115371","VLC로지","W26050664W10","LC20011","L/C 4호","3-R003","3공장 배합실","C03","M/M",2026-05-29 13:51:00,2026-05-29 15:47:00,"LCCUser","20분 교반",2026-05-29 15:02:00,2026-05-29 15:25:00,20,20,2026-06-02 00:00:00
"3","BUV115371","VLC로지","W26050664W10","LC20011","L/C 4호","3-R003","3공장 배합실","C03","M/M",2026-05-29 13:51:00,2026-05-29 15:47:00,"LCCUser","20분 교반",2026-05-29 15:25:00,2026-05-29 15:47:00,20,20,2026-06-01 00:00:00
"3","BUV115371","VLC로지","W26050664W10","LC20011","L/C 4호","3-R003","3공장 배합실","C03","M/M",2026-05-29 13:51:00,2026-05-29 15:47:00,"LCCUser","20분 교반",2026-05-29 15:02:00,2026-05-29 15:25:00,20,20,2026-06-01 00:00:00
"3","BUV115371","VLC로지","W26050664W10","LC20011","L/C 4호","3-R003","3공장 배합실","C03","M/M",2026-05-29 13:51:00,2026-05-29 15:47:00,"LCCUser","20분 교반",2026-05-29 14:42:00,2026-05-29 15:02:00,20,20,2026-06-01 00:00:00
"3","BUV115371","VLC로지","W26050664W10","LC20011","L/C 4호","3-R003","3공장 배합실","C03","M/M",2026-05-29 13:51:00,2026-05-29 15:47:00,"LCCUser","30분 교반",2026-05-29 14:11:00,2026-05-29 14:42:00,30,30,2026-06-01 00:00:00
"3","BUV115371","VLC로지","W26050664W10","LC20011","L/C 4호","3-R003","3공장 배합실","C03","M/M",2026-05-29 13:51:00,2026-05-29 15:47:00,"LCCUser","20분 교반",2026-05-29 15:25:00,2026-05-29 15:47:00,20,20,2026-06-02 00:00:00
"1","BUV64851414","V드라이로션(보이드)","W26050665W10","GX12005","검믹서 7호","1-R004","유화 배합실","C02","용해",2026-05-29 09:03:00,2026-05-29 14:44:00,"LCCUser","60분 교반",2026-05-29 13:30:00,2026-05-29 14:44:00,60,60,2026-06-02 00:00:00
"1","BUV64851414","V드라이로션(보이드)","W26050665W10","GX12005","검믹서 7호","1-R004","유화 배합실","C02","용해",2026-05-29 09:03:00,2026-05-29 14:44:00,"LCCUser","40분 교반",2026-05-29 12:50:00,2026-05-29 13:30:00,40,40,2026-06-02 00:00:00
"1","BUV64851414","V드라이로션(보이드)","W26050665W10","AQ10007","수상 용해조 7호","1-R004","유화 배합실","C02","용해",2026-05-29 09:03:00,2026-05-29 14:44:00,"LCCUser","20분 교반",2026-05-29 13:30:00,2026-05-29 14:13:00,20,20,2026-06-02 00:00:00
"1","BUV64851414","V드라이로션(보이드)","W26050665W10","OL11007","유상 용해조 7호","1-R004","유화 배합실","C02","용해",2026-05-29 09:03:00,2026-05-29 14:44:00,"LCCUser","30분 교반",2026-05-29 12:50:00,2026-05-29 13:30:00,30,30,2026-06-02 00:00:00
"1","BUV64851414","V드라이로션(보이드)","W26050665W10","AQ10007","수상 용해조 7호","1-R004","유화 배합실","C02","용해",2026-05-29 09:03:00,2026-05-29 14:44:00,"LCCUser","20분 교반",2026-05-29 12:50:00,2026-05-29 13:30:00,20,20,2026-06-02 00:00:00
"1","BUV64851414","V드라이로션(보이드)","W26050665W10","HM15007","H/M 7호","1-R004","유화 배합실","C03","M/M",2026-05-29 13:55:00,2026-05-29 15:47:00,"LCCUser","10분 교반",2026-05-29 13:55:14,2026-05-29 14:00:09,10,10,2026-06-02 00:00:00
"1","BUV64851414","V드라이로션(보이드)","W26050665W10","HM15007","H/M 7호","1-R004","유화 배합실","C03","M/M",2026-05-29 13:55:00,2026-05-29 15:47:00,"LCCUser","10분 교반",2026-05-29 14:12:57,2026-05-29 14:17:57,10,10,2026-06-02 00:00:00
"1","BUV64851414","V드라이로션(보이드)","W26050665W10","HM15007","H/M 7호","1-R004","유화 배합실","C03","M/M",2026-05-29 13:55:00,2026-05-29 15:47:00,"LCCUser","5분 교반",2026-05-29 13:54:56,2026-05-29 13:55:02,5,5,2026-06-02 00:00:00
"1","BUV64851414","V드라이로션(보이드)","W26050665W10","HM15007","H/M 7호","1-R004","유화 배합실","C03","M/M",2026-05-29 13:55:00,2026-05-29 15:47:00,"LCCUser","3분 교반",2026-05-29 15:11:02,2026-05-29 15:21:02,3,3,2026-06-02 00:00:00
"1","BUV64851414","V드라이로션(보이드)","W26050665W10","HM15007","H/M 7호","1-R004","유화 배합실","C03","M/M",2026-05-29 13:55:00,2026-05-29 15:47:00,"LCCUser","5분 교반",2026-05-29 14:02:12,2026-05-29 14:12:12,5,5,2026-06-02 00:00:00
"1","BUV64851414","V드라이로션(보이드)","W26050666W10","AQ10007","수상 용해조 7호","1-R004","유화 배합실","C02","용해",2026-05-29 15:02:00,2026-05-29 17:51:00,"LCCUser","20분 교반",2026-05-29 15:02:00,2026-05-29 15:30:00,20,20,2026-06-02 00:00:00
"1","BUV64851414","V드라이로션(보이드)","W26050666W10","GX12003","검믹서 5호","1-R004","유화 배합실","C02","용해",2026-05-29 15:02:00,2026-05-29 17:51:00,"LCCUser","30분 교반",2026-05-29 15:30:00,2026-05-29 16:01:00,30,30,2026-06-02 00:00:00
"1","BUV64851414","V드라이로션(보이드)","W26050666W10","AQ10007","수상 용해조 7호","1-R004","유화 배합실","C02","용해",2026-05-29 15:02:00,2026-05-29 17:51:00,"LCCUser","20분 교반",2026-05-29 15:30:00,2026-05-29 16:01:00,20,20,2026-06-02 00:00:00
"1","BUV64851414","V드라이로션(보이드)","W26050666W10","OL11007","유상 용해조 7호","1-R004","유화 배합실","C02","용해",2026-05-29 15:02:00,2026-05-29 17:51:00,"LCCUser","60분 교반",2026-05-29 16:02:00,2026-05-29 17:51:00,60,60,2026-06-02 00:00:00
"1","BUV64851414","V드라이로션(보이드)","W26050666W10","OL11007","유상 용해조 7호","1-R004","유화 배합실","C02","용해",2026-05-29 15:02:00,2026-05-29 17:51:00,"LCCUser","40분 교반",2026-05-29 15:02:00,2026-05-29 15:48:00,40,40,2026-06-02 00:00:00
"1","BUV64851414","V드라이로션(보이드)","W26050666W10","HM15007","H/M 7호","1-R004","유화 배합실","C03","M/M",2026-05-29 16:18:00,2026-05-29 17:51:00,"LCCUser","3분 교반",2026-05-29 17:47:27,2026-05-29 17:50:26,3,3,2026-06-02 00:00:00
"1","BUV64851414","V드라이로션(보이드)","W26050666W10","HM15007","H/M 7호","1-R004","유화 배합실","C03","M/M",2026-05-29 16:18:00,2026-05-29 17:51:00,"LCCUser","5분 교반",2026-05-29 16:22:21,2026-05-29 16:27:22,5,5,2026-06-02 00:00:00
"1","BUV64851414","V드라이로션(보이드)","W26050666W10","HM15007","H/M 7호","1-R004","유화 배합실","C03","M/M",2026-05-29 16:18:00,2026-05-29 17:51:00,"LCCUser","10분 교반",2026-05-29 16:29:14,2026-05-29 16:39:14,10,10,2026-06-02 00:00:00
"1","BUV64851414","V드라이로션(보이드)","W26050666W10","HM15007","H/M 7호","1-R004","유화 배합실","C03","M/M",2026-05-29 16:18:00,2026-05-29 17:51:00,"LCCUser","10분 교반",2026-05-29 17:32:17,2026-05-29 17:42:17,10,10,2026-06-02 00:00:00
"1","BUV64851414","V드라이로션(보이드)","W26050666W10","HM15007","H/M 7호","1-R004","유화 배합실","C03","M/M",2026-05-29 16:18:00,2026-05-29 17:51:00,"LCCUser","5분 교반",2026-05-29 16:40:01,2026-05-29 16:45:01,5,5,2026-06-02 00:00:00
"3","BUV115373","VLC코코아","W26050667W10","LC20013","L/C 5호","3-R003","3공장 배합실","C03","M/M",2026-05-29 09:47:00,2026-05-29 11:49:00,"LCCUser","20분 교반",2026-05-29 11:28:00,2026-05-29 11:49:00,20,20,2026-06-01 00:00:00
"3","BUV115373","VLC코코아","W26050667W10","LC20013","L/C 5호","3-R003","3공장 배합실","C03","M/M",2026-05-29 09:47:00,2026-05-29 11:49:00,"LCCUser","20분 교반",2026-05-29 11:05:00,2026-05-29 11:28:00,20,20,2026-06-01 00:00:00
"3","BUV115373","VLC코코아","W26050667W10","LC20013","L/C 5호","3-R003","3공장 배합실","C03","M/M",2026-05-29 09:47:00,2026-05-29 11:49:00,"LCCUser","20분 교반",2026-05-29 10:45:00,2026-05-29 11:05:00,20,20,2026-06-01 00:00:00
"3","BUV115373","VLC코코아","W26050667W10","LC20013","L/C 5호","3-R003","3공장 배합실","C03","M/M",2026-05-29 09:47:00,2026-05-29 11:49:00,"LCCUser","20분 교반",2026-05-29 11:28:00,2026-05-29 11:49:00,20,20,2026-06-02 00:00:00
"3","BUV115373","VLC코코아","W26050667W10","LC20013","L/C 5호","3-R003","3공장 배합실","C03","M/M",2026-05-29 09:47:00,2026-05-29 11:49:00,"LCCUser","30분 교반",2026-05-29 10:04:00,2026-05-29 10:35:00,30,30,2026-06-01 00:00:00
"3","BUV115373","VLC코코아","W26050667W10","LC20013","L/C 5호","3-R003","3공장 배합실","C03","M/M",2026-05-29 09:47:00,2026-05-29 11:49:00,"LCCUser","30분 교반",2026-05-29 10:04:00,2026-05-29 10:35:00,30,30,2026-06-02 00:00:00
"3","BUV115373","VLC코코아","W26050667W10","LC20013","L/C 5호","3-R003","3공장 배합실","C03","M/M",2026-05-29 09:47:00,2026-05-29 11:49:00,"LCCUser","20분 교반",2026-05-29 10:45:00,2026-05-29 11:05:00,20,20,2026-06-02 00:00:00
"3","BUV115373","VLC코코아","W26050667W10","LC20013","L/C 5호","3-R003","3공장 배합실","C03","M/M",2026-05-29 09:47:00,2026-05-29 11:49:00,"LCCUser","20분 교반",2026-05-29 11:05:00,2026-05-29 11:28:00,20,20,2026-06-02 00:00:00
"1","BMFL16","OX몽글비누(레몬,공용)","W26050668W10","MX10001","워시믹서 1호","1-R004","유화 배합실","C03","M/M",2026-05-29 13:18:00,2026-05-29 14:34:00,"LCCUser","20분 교반",2026-05-29 13:19:00,2026-05-29 13:53:11,20,20,2026-06-01 00:00:00
"1","BMFL16","OX몽글비누(레몬,공용)","W26050668W10","MX10001","워시믹서 1호","1-R004","유화 배합실","C03","M/M",2026-05-29 13:18:00,2026-05-29 14:34:00,"LCCUser","5분 교반",2026-05-29 13:53:15,2026-05-29 14:03:01,5,5,2026-06-01 00:00:00
"1","BMFL16","OX몽글비누(레몬,공용)","W26050668W10","MX10001","워시믹서 1호","1-R004","유화 배합실","C03","M/M",2026-05-29 13:18:00,2026-05-29 14:34:00,"LCCUser","20분 교반",2026-05-29 14:03:04,2026-05-29 14:23:10,20,20,2026-06-01 00:00:00
"1","BMFL16","OX몽글비누(레몬,공용)","W26050668W10","MX10001","워시믹서 1호","1-R004","유화 배합실","C03","M/M",2026-05-29 13:18:00,2026-05-29 14:34:00,"LCCUser","5분 교반",2026-05-29 14:23:13,2026-05-29 14:34:34,5,5,2026-06-01 00:00:00
"1","BOXBWB","OX바디워시(바질)","W26050669W10","SP15002","샴푸믹서","1-R004","유화 배합실","C03","M/M",2026-05-29 10:28:00,2026-05-29 11:30:00,"LCCUser","20분 교반",2026-05-29 11:02:37,2026-05-29 11:30:33,20,20,2026-06-02 00:00:00
"1","BOXBWB","OX바디워시(바질)","W26050669W10","SP15002","샴푸믹서","1-R004","유화 배합실","C03","M/M",2026-05-29 10:28:00,2026-05-29 11:30:00,"LCCUser","10분 교반",2026-05-29 10:40:10,2026-05-29 11:02:34,10,10,2026-06-02 00:00:00
"1","BOXBWB","OX바디워시(바질)","W26050669W10","SP15002","샴푸믹서","1-R004","유화 배합실","C03","M/M",2026-05-29 10:28:00,2026-05-29 11:30:00,"LCCUser","10분 교반",2026-05-29 10:28:00,2026-05-29 10:40:06,10,10,2026-06-02 00:00:00
"5","BETBIG","TB가글(아이시,수출)","W26050671W10","DS50003","5공장 용해조 3호","5-R003","5공장 가글 배합실","C02","용해",2026-05-29 09:09:00,2026-05-29 09:54:00,"LCCUser","45분 용해",2026-05-29 09:09:00,2026-05-29 09:54:00,45,50,2026-06-01 00:00:00
"5","BETBIG","TB가글(아이시,수출)","W26050671W10","DS50003","5공장 용해조 3호","5-R003","5공장 가글 배합실","C02","용해",2026-05-29 09:09:00,2026-05-29 09:54:00,"LCCUser","45분 용해",2026-05-29 09:09:00,2026-05-29 09:54:00,45,50,2026-06-01 00:00:00
"5","BETBIG","TB가글(아이시,수출)","W26050671W10","DS50003","5공장 용해조 3호","5-R003","5공장 가글 배합실","C02","용해",2026-05-29 09:09:00,2026-05-29 09:54:00,"LCCUser","45분 용해",2026-05-29 09:09:00,2026-05-29 09:54:00,45,50,2026-06-02 00:00:00
"5","BETBIG","TB가글(아이시,수출)","W26050671W10","DS50003","5공장 용해조 3호","5-R003","5공장 가글 배합실","C02","용해",2026-05-29 09:09:00,2026-05-29 09:54:00,"LCCUser","45분 용해",2026-05-29 09:09:00,2026-05-29 09:54:00,45,50,2026-06-02 00:00:00
"5","BETBIG","TB가글(아이시,수출)","W26050671W10","DS50003","5공장 용해조 3호","5-R003","5공장 가글 배합실","C02","용해",2026-05-29 09:09:00,2026-05-29 09:54:00,"LCCUser","45분 용해",2026-05-29 09:09:00,2026-05-29 09:54:00,45,50,2026-06-04 00:00:00
"5","BETBIG","TB가글(아이시,수출)","W26050671W10","DS50003","5공장 용해조 3호","5-R003","5공장 가글 배합실","C02","용해",2026-05-29 09:09:00,2026-05-29 09:54:00,"LCCUser","45분 용해",2026-05-29 09:09:00,2026-05-29 09:54:00,45,50,2026-06-04 00:00:00
"5","BETBIG","TB가글(아이시,수출)","W26050671W10","DS50003","5공장 용해조 3호","5-R003","5공장 가글 배합실","C02","용해",2026-05-29 09:09:00,2026-05-29 09:54:00,"LCCUser","45분 용해",2026-05-29 09:09:00,2026-05-29 09:54:00,45,50,2026-06-04 00:00:00
"5","BETBIG","TB가글(아이시,수출)","W26050671W10","5M00003","제조 3호","5-R003","5공장 가글 배합실","C03","M/M",2026-05-29 09:09:00,2026-05-29 11:11:00,"LCCUser","60분 교반",2026-05-29 10:10:00,2026-05-29 11:11:00,60,65,2026-06-04 00:00:00
"5","BETBIG","TB가글(아이시,수출)","W26050671W10","5M00003","제조 3호","5-R003","5공장 가글 배합실","C03","M/M",2026-05-29 09:09:00,2026-05-29 11:11:00,"LCCUser","30분 교반",2026-05-29 09:09:00,2026-05-29 09:43:00,30,35,2026-06-04 00:00:00
"5","BETBIG","TB가글(아이시,수출)","W26050671W10","5M00003","제조 3호","5-R003","5공장 가글 배합실","C03","M/M",2026-05-29 09:09:00,2026-05-29 11:11:00,"LCCUser","15분 교반",2026-05-29 09:43:00,2026-05-29 09:59:00,15,20,2026-06-04 00:00:00
"5","BETBIG","TB가글(아이시,수출)","W26050671W10","5M00003","제조 3호","5-R003","5공장 가글 배합실","C03","M/M",2026-05-29 09:09:00,2026-05-29 11:11:00,"LCCUser","60분 교반",2026-05-29 10:10:00,2026-05-29 11:11:00,60,65,2026-06-04 00:00:00
"5","BETBIG","TB가글(아이시,수출)","W26050671W10","5M00003","제조 3호","5-R003","5공장 가글 배합실","C03","M/M",2026-05-29 09:09:00,2026-05-29 11:11:00,"LCCUser","15분 교반",2026-05-29 09:43:00,2026-05-29 09:59:00,15,20,2026-06-02 00:00:00
"5","BETBIG","TB가글(아이시,수출)","W26050671W10","5M00003","제조 3호","5-R003","5공장 가글 배합실","C03","M/M",2026-05-29 09:09:00,2026-05-29 11:11:00,"LCCUser","30분 교반",2026-05-29 09:09:00,2026-05-29 09:43:00,30,35,2026-06-04 00:00:00
"5","BETBIG","TB가글(아이시,수출)","W26050671W10","5M00003","제조 3호","5-R003","5공장 가글 배합실","C03","M/M",2026-05-29 09:09:00,2026-05-29 11:11:00,"LCCUser","60분 교반",2026-05-29 10:10:00,2026-05-29 11:11:00,60,65,2026-06-02 00:00:00
"5","BETBIG","TB가글(아이시,수출)","W26050671W10","5M00003","제조 3호","5-R003","5공장 가글 배합실","C03","M/M",2026-05-29 09:09:00,2026-05-29 11:11:00,"LCCUser","15분 교반",2026-05-29 09:43:00,2026-05-29 09:59:00,15,20,2026-06-02 00:00:00
"5","BETBIG","TB가글(아이시,수출)","W26050671W10","5M00003","제조 3호","5-R003","5공장 가글 배합실","C03","M/M",2026-05-29 09:09:00,2026-05-29 11:11:00,"LCCUser","30분 교반",2026-05-29 09:09:00,2026-05-29 09:43:00,30,35,2026-06-02 00:00:00
"5","BETBIG","TB가글(아이시,수출)","W26050671W10","5M00003","제조 3호","5-R003","5공장 가글 배합실","C03","M/M",2026-05-29 09:09:00,2026-05-29 11:11:00,"LCCUser","60분 교반",2026-05-29 10:10:00,2026-05-29 11:11:00,60,65,2026-06-01 00:00:00
"5","BETBIG","TB가글(아이시,수출)","W26050671W10","5M00003","제조 3호","5-R003","5공장 가글 배합실","C03","M/M",2026-05-29 09:09:00,2026-05-29 11:11:00,"LCCUser","15분 교반",2026-05-29 09:43:00,2026-05-29 09:59:00,15,20,2026-06-01 00:00:00
"5","BETBIG","TB가글(아이시,수출)","W26050671W10","5M00003","제조 3호","5-R003","5공장 가글 배합실","C03","M/M",2026-05-29 09:09:00,2026-05-29 11:11:00,"LCCUser","30분 교반",2026-05-29 09:09:00,2026-05-29 09:43:00,30,35,2026-06-01 00:00:00
"5","BETBIG","TB가글(아이시,수출)","W26050671W10","5M00003","제조 3호","5-R003","5공장 가글 배합실","C03","M/M",2026-05-29 09:09:00,2026-05-29 11:11:00,"LCCUser","60분 교반",2026-05-29 10:10:00,2026-05-29 11:11:00,60,65,2026-06-01 00:00:00
"5","BETBIG","TB가글(아이시,수출)","W26050671W10","5M00003","제조 3호","5-R003","5공장 가글 배합실","C03","M/M",2026-05-29 09:09:00,2026-05-29 11:11:00,"LCCUser","15분 교반",2026-05-29 09:43:00,2026-05-29 09:59:00,15,20,2026-06-04 00:00:00
"5","BETBIG","TB가글(아이시,수출)","W26050671W10","5M00003","제조 3호","5-R003","5공장 가글 배합실","C03","M/M",2026-05-29 09:09:00,2026-05-29 11:11:00,"LCCUser","30분 교반",2026-05-29 09:09:00,2026-05-29 09:43:00,30,35,2026-06-04 00:00:00
"5","BETBIG","TB가글(아이시,수출)","W26050671W10","5M00003","제조 3호","5-R003","5공장 가글 배합실","C03","M/M",2026-05-29 09:09:00,2026-05-29 11:11:00,"LCCUser","60분 교반",2026-05-29 10:10:00,2026-05-29 11:11:00,60,65,2026-06-04 00:00:00
"5","BETBIG","TB가글(아이시,수출)","W26050671W10","5M00003","제조 3호","5-R003","5공장 가글 배합실","C03","M/M",2026-05-29 09:09:00,2026-05-29 11:11:00,"LCCUser","15분 교반",2026-05-29 09:43:00,2026-05-29 09:59:00,15,20,2026-06-04 00:00:00
"5","BETBIG","TB가글(아이시,수출)","W26050671W10","5M00003","제조 3호","5-R003","5공장 가글 배합실","C03","M/M",2026-05-29 09:09:00,2026-05-29 11:11:00,"LCCUser","30분 교반",2026-05-29 09:09:00,2026-05-29 09:43:00,30,35,2026-06-02 00:00:00
"5","BETBIG","TB가글(아이시,수출)","W26050671W10","5M00003","제조 3호","5-R003","5공장 가글 배합실","C03","M/M",2026-05-29 09:09:00,2026-05-29 11:11:00,"LCCUser","60분 교반",2026-05-29 10:10:00,2026-05-29 11:11:00,60,65,2026-06-02 00:00:00
"5","BETBIG","TB가글(아이시,수출)","W26050671W10","5M00003","제조 3호","5-R003","5공장 가글 배합실","C03","M/M",2026-05-29 09:09:00,2026-05-29 11:11:00,"LCCUser","30분 교반",2026-05-29 09:09:00,2026-05-29 09:43:00,30,35,2026-06-01 00:00:00
"5","BETBIG","TB가글(아이시,수출)","W26050671W10","5M00003","제조 3호","5-R003","5공장 가글 배합실","C03","M/M",2026-05-29 09:09:00,2026-05-29 11:11:00,"LCCUser","15분 교반",2026-05-29 09:43:00,2026-05-29 09:59:00,15,20,2026-06-01 00:00:00
"5","BETBMG","TB가글(마일드,수출)","W26050672W10","DS50003","5공장 용해조 3호","5-R003","5공장 가글 배합실","C02","용해",2026-05-29 08:13:00,2026-05-29 08:45:00,"LCCUser","premixing 30분 용해",2026-05-29 08:13:00,2026-05-29 08:45:00,30,35,2026-06-01 00:00:00
"5","BETBMG","TB가글(마일드,수출)","W26050672W10","5M00004","제조 4호","5-R003","5공장 가글 배합실","C03","M/M",2026-05-29 08:13:00,2026-05-29 10:21:00,"LCCUser","15분 교반",2026-05-29 08:45:00,2026-05-29 09:04:00,15,20,2026-06-01 00:00:00
"5","BETBMG","TB가글(마일드,수출)","W26050672W10","5M00004","제조 4호","5-R003","5공장 가글 배합실","C03","M/M",2026-05-29 08:13:00,2026-05-29 10:21:00,"LCCUser","30분 교반",2026-05-29 08:14:00,2026-05-29 08:45:00,30,35,2026-06-01 00:00:00
"5","BETBMG","TB가글(마일드,수출)","W26050672W10","5M00004","제조 4호","5-R003","5공장 가글 배합실","C03","M/M",2026-05-29 08:13:00,2026-05-29 10:21:00,"LCCUser","60분 교반",2026-05-29 09:04:00,2026-05-29 10:21:00,60,65,2026-06-01 00:00:00
"5","BETBMG","TB가글(마일드,수출)","W26050673W10","DS50003","5공장 용해조 3호","5-R003","5공장 가글 배합실","C02","용해",2026-05-29 11:46:00,2026-05-29 12:16:00,"LCCUser","premixing 30분 용해",2026-05-29 11:46:00,2026-05-29 12:16:00,30,35,2026-06-01 00:00:00
"5","BETBMG","TB가글(마일드,수출)","W26050673W10","5M00004","제조 4호","5-R003","5공장 가글 배합실","C03","M/M",2026-05-29 11:46:00,2026-05-29 13:41:00,"LCCUser","60분 교반",2026-05-29 12:41:00,2026-05-29 13:41:00,60,65,2026-06-01 00:00:00
"5","BETBMG","TB가글(마일드,수출)","W26050673W10","5M00004","제조 4호","5-R003","5공장 가글 배합실","C03","M/M",2026-05-29 11:46:00,2026-05-29 13:41:00,"LCCUser","15분 교반",2026-05-29 12:17:00,2026-05-29 12:41:00,15,20,2026-06-01 00:00:00
"5","BETBMG","TB가글(마일드,수출)","W26050673W10","5M00004","제조 4호","5-R003","5공장 가글 배합실","C03","M/M",2026-05-29 11:46:00,2026-05-29 13:41:00,"LCCUser","30분 교반",2026-05-29 11:46:00,2026-05-29 12:16:00,30,35,2026-06-01 00:00:00
"4","BTBGGR","TB가글(클린민트)","W26050674W10","DS40002","4공장 용해조 2호","4-R004","4공장 배합실","C02","용해",2026-05-29 08:23:00,2026-05-29 09:46:00,"LCCUser","10분 용해",2026-05-29 08:23:00,2026-05-29 08:35:00,10,15,2026-06-01 00:00:00
"4","BTBGGR","TB가글(클린민트)","W26050674W10","DS40002","4공장 용해조 2호","4-R004","4공장 배합실","C02","용해",2026-05-29 08:23:00,2026-05-29 09:46:00,"LCCUser","70분 교반",2026-05-29 08:35:00,2026-05-29 09:45:00,70,75,2026-06-01 00:00:00
"4","BTBGGR","TB가글(클린민트)","W26050674W10","SM20008","액상2호","4-R004","4공장 배합실","C03","M/M",2026-05-29 09:12:00,2026-05-29 10:26:00,"LCCUser","30분 교반",2026-05-29 09:12:00,2026-05-29 09:46:00,30,35,2026-06-01 00:00:00
"4","BTBGGR","TB가글(클린민트)","W26050674W10","SM20008","액상2호","4-R004","4공장 배합실","C03","M/M",2026-05-29 09:12:00,2026-05-29 10:26:00,"LCCUser","40분 교반",2026-05-29 09:46:00,2026-05-29 10:26:00,40,45,2026-06-01 00:00:00
"4","BTBGGR","TB가글(클린민트)","W26050675W10","DS40002","4공장 용해조 2호","4-R004","4공장 배합실","C02","용해",2026-05-29 10:08:00,2026-05-29 11:29:00,"LCCUser","70분 교반",2026-05-29 10:18:00,2026-05-29 11:29:00,70,75,2026-06-01 00:00:00
"4","BTBGGR","TB가글(클린민트)","W26050675W10","DS40002","4공장 용해조 2호","4-R004","4공장 배합실","C02","용해",2026-05-29 10:08:00,2026-05-29 11:29:00,"LCCUser","10분 용해",2026-05-29 10:08:00,2026-05-29 10:18:00,10,15,2026-06-01 00:00:00
"4","BTBGGR","TB가글(클린민트)","W26050675W10","SM20008","액상2호","4-R004","4공장 배합실","C03","M/M",2026-05-29 11:26:00,2026-05-29 12:39:00,"LCCUser","40분 교반",2026-05-29 11:58:00,2026-05-29 12:39:00,40,45,2026-06-01 00:00:00
"4","BTBGGR","TB가글(클린민트)","W26050675W10","SM20008","액상2호","4-R004","4공장 배합실","C03","M/M",2026-05-29 11:26:00,2026-05-29 12:39:00,"LCCUser","30분 교반",2026-05-29 11:26:00,2026-05-29 11:57:00,30,35,2026-06-01 00:00:00
"4","BTBGGR","TB가글(클린민트)","W26050676W10","DS40002","4공장 용해조 2호","4-R004","4공장 배합실","C02","용해",2026-05-29 12:00:00,2026-05-29 13:39:00,"LCCUser","70분 교반",2026-05-29 12:12:00,2026-05-29 13:39:00,70,75,2026-06-01 00:00:00
"4","BTBGGR","TB가글(클린민트)","W26050676W10","DS40002","4공장 용해조 2호","4-R004","4공장 배합실","C02","용해",2026-05-29 12:00:00,2026-05-29 13:39:00,"LCCUser","10분 용해",2026-05-29 12:00:00,2026-05-29 12:12:00,10,15,2026-06-01 00:00:00
"4","BTBGGR","TB가글(클린민트)","W26050676W10","SM20008","액상2호","4-R004","4공장 배합실","C03","M/M",2026-05-29 13:18:00,2026-05-29 14:31:00,"LCCUser","30분 교반",2026-05-29 13:18:00,2026-05-29 13:49:00,30,35,2026-06-01 00:00:00
"4","BTBGGR","TB가글(클린민트)","W26050676W10","SM20008","액상2호","4-R004","4공장 배합실","C03","M/M",2026-05-29 13:18:00,2026-05-29 14:31:00,"LCCUser","40분 교반",2026-05-29 13:49:00,2026-05-29 14:31:00,40,45,2026-06-01 00:00:00
"4","BTBMG","TB가글(마일드)","W26050678W10","DS40002","4공장 용해조 2호","4-R004","4공장 배합실","C02","용해",2026-05-29 16:02:00,2026-05-29 16:32:00,"LCCUser","premixing 30분 용해",2026-05-29 16:02:00,2026-05-29 16:32:00,30,35,2026-06-01 00:00:00
"4","BTBMG","TB가글(마일드)","W26050678W10","DS40002","4공장 용해조 2호","4-R004","4공장 배합실","C02","용해",2026-05-29 16:02:00,2026-05-29 16:32:00,"LCCUser","premixing 30분 용해",2026-05-29 16:02:00,2026-05-29 16:32:00,30,35,2026-06-04 00:00:00
"4","BTBMG","TB가글(마일드)","W26050678W10","DS40002","4공장 용해조 2호","4-R004","4공장 배합실","C02","용해",2026-05-29 16:02:00,2026-05-29 16:32:00,"LCCUser","premixing 30분 용해",2026-05-29 16:02:00,2026-05-29 16:32:00,30,35,2026-06-02 00:00:00
"4","BTBMG","TB가글(마일드)","W26050678W10","SM20008","액상2호","4-R004","4공장 배합실","C03","M/M",2026-05-29 16:02:00,2026-05-29 17:13:00,"LCCUser","30분 교반",2026-05-29 16:02:00,2026-05-29 16:32:00,30,35,2026-06-02 00:00:00
"4","BTBMG","TB가글(마일드)","W26050678W10","SM20008","액상2호","4-R004","4공장 배합실","C03","M/M",2026-05-29 16:02:00,2026-05-29 17:13:00,"LCCUser","40분 교반",2026-05-29 16:32:00,2026-05-29 17:13:00,40,45,2026-06-04 00:00:00
"4","BTBMG","TB가글(마일드)","W26050678W10","SM20008","액상2호","4-R004","4공장 배합실","C03","M/M",2026-05-29 16:02:00,2026-05-29 17:13:00,"LCCUser","40분 교반",2026-05-29 16:32:00,2026-05-29 17:13:00,40,45,2026-06-02 00:00:00
"4","BTBMG","TB가글(마일드)","W26050678W10","SM20008","액상2호","4-R004","4공장 배합실","C03","M/M",2026-05-29 16:02:00,2026-05-29 17:13:00,"LCCUser","40분 교반",2026-05-29 16:32:00,2026-05-29 17:13:00,40,45,2026-06-01 00:00:00
"4","BTBMG","TB가글(마일드)","W26050678W10","SM20008","액상2호","4-R004","4공장 배합실","C03","M/M",2026-05-29 16:02:00,2026-05-29 17:13:00,"LCCUser","30분 교반",2026-05-29 16:02:00,2026-05-29 16:32:00,30,35,2026-06-04 00:00:00
"4","BTBMG","TB가글(마일드)","W26050678W10","SM20008","액상2호","4-R004","4공장 배합실","C03","M/M",2026-05-29 16:02:00,2026-05-29 17:13:00,"LCCUser","30분 교반",2026-05-29 16:02:00,2026-05-29 16:32:00,30,35,2026-06-01 00:00:00
"4","BECPG","OX미인가글(청색)","W26050690W10","DS40003","4공장 용해조 3호","4-R004","4공장 배합실","C02","용해",2026-05-29 09:25:00,2026-05-29 10:11:00,"LCCUser","20분 용해",2026-05-29 09:48:00,2026-05-29 10:11:00,20,25,2026-06-01 00:00:00
"4","BECPG","OX미인가글(청색)","W26050690W10","DS40003","4공장 용해조 3호","4-R004","4공장 배합실","C02","용해",2026-05-29 09:25:00,2026-05-29 10:11:00,"LCCUser","20분 용해",2026-05-29 09:25:00,2026-05-29 09:48:00,20,25,2026-06-01 00:00:00
"4","BECPG","OX미인가글(청색)","W26050690W10","SM20010","액상4호","4-R004","4공장 배합실","C03","M/M",2026-05-29 09:56:00,2026-05-29 10:40:00,"LCCUser","20분 교반",2026-05-29 10:12:00,2026-05-29 10:40:00,20,25,2026-06-01 00:00:00
"4","BECPG","OX미인가글(청색)","W26050690W10","SM20010","액상4호","4-R004","4공장 배합실","C03","M/M",2026-05-29 09:56:00,2026-05-29 10:40:00,"LCCUser","10분 교반",2026-05-29 09:57:00,2026-05-29 10:11:00,10,15,2026-06-01 00:00:00
"4","BECPG","OX미인가글(청색)","W26050691W10","DS40003","4공장 용해조 3호","4-R004","4공장 배합실","C02","용해",2026-05-29 14:47:00,2026-05-29 15:31:00,"LCCUser","20분 용해",2026-05-29 14:47:00,2026-05-29 15:09:00,20,25,2026-06-01 00:00:00
"4","BECPG","OX미인가글(청색)","W26050691W10","DS40003","4공장 용해조 3호","4-R004","4공장 배합실","C02","용해",2026-05-29 14:47:00,2026-05-29 15:31:00,"LCCUser","20분 용해",2026-05-29 15:09:00,2026-05-29 15:31:00,20,25,2026-06-01 00:00:00
"4","BECPG","OX미인가글(청색)","W26050691W10","GA15001","액상3호","4-R004","4공장 배합실","C03","M/M",2026-05-29 15:19:00,2026-05-29 15:56:00,"LCCUser","20분 교반",2026-05-29 15:33:00,2026-05-29 15:56:00,20,25,2026-06-01 00:00:00
"4","BECPG","OX미인가글(청색)","W26050691W10","GA15001","액상3호","4-R004","4공장 배합실","C03","M/M",2026-05-29 15:19:00,2026-05-29 15:56:00,"LCCUser","10분 교반",2026-05-29 15:19:00,2026-05-29 15:32:00,10,15,2026-06-01 00:00:00
"4","BYHMDSM","메디MS(민트)","W26050692W10","DS40003","4공장 용해조 3호","4-R004","4공장 배합실","C02","용해",2026-05-29 10:18:00,2026-05-29 10:54:00,"LCCUser","10분 용해",2026-05-29 10:18:00,2026-05-29 10:29:00,10,15,2026-06-01 00:00:00
"4","BYHMDSM","메디MS(민트)","W26050692W10","DS40003","4공장 용해조 3호","4-R004","4공장 배합실","C02","용해",2026-05-29 10:18:00,2026-05-29 10:54:00,"LCCUser","20분 교반",2026-05-29 10:29:00,2026-05-29 10:54:00,20,25,2026-06-02 00:00:00
"4","BYHMDSM","메디MS(민트)","W26050692W10","DS40003","4공장 용해조 3호","4-R004","4공장 배합실","C02","용해",2026-05-29 10:18:00,2026-05-29 10:54:00,"LCCUser","10분 용해",2026-05-29 10:18:00,2026-05-29 10:29:00,10,15,2026-06-02 00:00:00
"4","BYHMDSM","메디MS(민트)","W26050692W10","DS40003","4공장 용해조 3호","4-R004","4공장 배합실","C02","용해",2026-05-29 10:18:00,2026-05-29 10:54:00,"LCCUser","20분 교반",2026-05-29 10:29:00,2026-05-29 10:54:00,20,25,2026-06-01 00:00:00
"4","BYHMDSM","메디MS(민트)","W26050692W10","GA15001","액상3호","4-R004","4공장 배합실","C03","M/M",2026-05-29 10:29:00,2026-05-29 11:27:00,"LCCUser","30분 교반",2026-05-29 10:54:00,2026-05-29 11:27:00,30,35,2026-06-02 00:00:00
"4","BYHMDSM","메디MS(민트)","W26050692W10","GA15001","액상3호","4-R004","4공장 배합실","C03","M/M",2026-05-29 10:29:00,2026-05-29 11:27:00,"LCCUser","10분 교반",2026-05-29 10:29:00,2026-05-29 10:54:00,10,15,2026-06-02 00:00:00
"4","BYHMDSM","메디MS(민트)","W26050692W10","GA15001","액상3호","4-R004","4공장 배합실","C03","M/M",2026-05-29 10:29:00,2026-05-29 11:27:00,"LCCUser","10분 교반",2026-05-29 10:29:00,2026-05-29 10:54:00,10,15,2026-06-01 00:00:00
"4","BYHMDSM","메디MS(민트)","W26050692W10","GA15001","액상3호","4-R004","4공장 배합실","C03","M/M",2026-05-29 10:29:00,2026-05-29 11:27:00,"LCCUser","30분 교반",2026-05-29 10:54:00,2026-05-29 11:27:00,30,35,2026-06-01 00:00:00
"1","BKOHG14","OX헤어젤(공용)","W26050700W10","AQ10004","수상 용해조 4호","1-R004","유화 배합실","C02","용해",2026-06-01 08:59:00,2026-06-01 10:26:00,"LCCUser","30분 교반",2026-06-01 09:24:00,2026-06-01 10:02:00,30,30,2026-06-04 00:00:00
"1","BKOHG14","OX헤어젤(공용)","W26050700W10","AQ10004","수상 용해조 4호","1-R004","유화 배합실","C02","용해",2026-06-01 08:59:00,2026-06-01 10:26:00,"LCCUser","15분 교반",2026-06-01 10:18:00,2026-06-01 10:20:38,15,15,2026-06-04 00:00:00
"1","BKOHG14","OX헤어젤(공용)","W26050700W10","AQ10004","수상 용해조 4호","1-R004","유화 배합실","C02","용해",2026-06-01 08:59:00,2026-06-01 10:26:00,"LCCUser","15분 교반",2026-06-01 10:18:00,2026-06-01 10:20:38,15,15,2026-06-04 00:00:00
"1","BKOHG14","OX헤어젤(공용)","W26050700W10","AQ10004","수상 용해조 4호","1-R004","유화 배합실","C02","용해",2026-06-01 08:59:00,2026-06-01 10:26:00,"LCCUser","30분 교반",2026-06-01 09:24:00,2026-06-01 10:02:00,30,30,2026-06-04 00:00:00
"1","BKOHG14","OX헤어젤(공용)","W26050700W10","HM15004","H/M 4호","1-R004","유화 배합실","C03","M/M",2026-06-01 10:10:00,2026-06-01 11:19:00,"LCCUser","10분 교반",2026-06-01 10:10:00,2026-06-01 10:21:00,10,10,2026-06-04 00:00:00
"1","BKOHG14","OX헤어젤(공용)","W26050700W10","HM15004","H/M 4호","1-R004","유화 배합실","C03","M/M",2026-06-01 10:10:00,2026-06-01 11:19:00,"LCCUser","10분 교반",2026-06-01 10:59:08,2026-06-01 11:09:07,10,10,2026-06-04 00:00:00
"1","BKOHG14","OX헤어젤(공용)","W26050700W10","HM15004","H/M 4호","1-R004","유화 배합실","C03","M/M",2026-06-01 10:10:00,2026-06-01 11:19:00,"LCCUser","10분 교반",2026-06-01 10:47:00,2026-06-01 10:57:38,10,10,2026-06-04 00:00:00
"1","BKOHG14","OX헤어젤(공용)","W26050700W10","HM15004","H/M 4호","1-R004","유화 배합실","C03","M/M",2026-06-01 10:10:00,2026-06-01 11:19:00,"LCCUser","10분 교반",2026-06-01 10:59:08,2026-06-01 11:09:07,10,10,2026-06-04 00:00:00
"1","BKOHG14","OX헤어젤(공용)","W26050700W10","HM15004","H/M 4호","1-R004","유화 배합실","C03","M/M",2026-06-01 10:10:00,2026-06-01 11:19:00,"LCCUser","10분 교반",2026-06-01 10:47:00,2026-06-01 10:57:38,10,10,2026-06-04 00:00:00
"1","BKOHG14","OX헤어젤(공용)","W26050700W10","HM15004","H/M 4호","1-R004","유화 배합실","C03","M/M",2026-06-01 10:10:00,2026-06-01 11:19:00,"LCCUser","10분 교반",2026-06-01 10:10:00,2026-06-01 10:21:00,10,10,2026-06-04 00:00:00
"1","BKOHG14","OX헤어젤(공용)","W26050701W10","AQ10004","수상 용해조 4호","1-R004","유화 배합실","C02","용해",2026-06-01 15:09:00,2026-06-01 16:20:00,"LCCUser","15분 교반",2026-06-01 15:59:00,2026-06-01 16:20:00,15,15,2026-06-04 00:00:00
"1","BKOHG14","OX헤어젤(공용)","W26050701W10","AQ10004","수상 용해조 4호","1-R004","유화 배합실","C02","용해",2026-06-01 15:09:00,2026-06-01 16:20:00,"LCCUser","30분 교반",2026-06-01 15:21:00,2026-06-01 15:51:00,30,30,2026-06-04 00:00:00
"1","BKOHG14","OX헤어젤(공용)","W26050701W10","AQ10004","수상 용해조 4호","1-R004","유화 배합실","C02","용해",2026-06-01 15:09:00,2026-06-01 16:20:00,"LCCUser","30분 교반",2026-06-01 15:21:00,2026-06-01 15:51:00,30,30,2026-06-04 00:00:00
"1","BKOHG14","OX헤어젤(공용)","W26050701W10","AQ10004","수상 용해조 4호","1-R004","유화 배합실","C02","용해",2026-06-01 15:09:00,2026-06-01 16:20:00,"LCCUser","15분 교반",2026-06-01 15:59:00,2026-06-01 16:20:00,15,15,2026-06-04 00:00:00
"1","BKOHG14","OX헤어젤(공용)","W26050701W10","HM15004","H/M 4호","1-R004","유화 배합실","C03","M/M",2026-06-01 15:56:00,2026-06-01 16:57:00,"LCCUser","10분 교반",2026-06-01 16:23:18,2026-06-01 16:33:18,10,10,2026-06-04 00:00:00
"1","BKOHG14","OX헤어젤(공용)","W26050701W10","HM15004","H/M 4호","1-R004","유화 배합실","C03","M/M",2026-06-01 15:56:00,2026-06-01 16:57:00,"LCCUser","10분 교반",2026-06-01 16:34:13,2026-06-01 16:44:13,10,10,2026-06-04 00:00:00
"1","BKOHG14","OX헤어젤(공용)","W26050701W10","HM15004","H/M 4호","1-R004","유화 배합실","C03","M/M",2026-06-01 15:56:00,2026-06-01 16:57:00,"LCCUser","10분 교반",2026-06-01 15:56:00,2026-06-01 16:06:54,10,10,2026-06-04 00:00:00
"1","BKOHG14","OX헤어젤(공용)","W26050701W10","HM15004","H/M 4호","1-R004","유화 배합실","C03","M/M",2026-06-01 15:56:00,2026-06-01 16:57:00,"LCCUser","10분 교반",2026-06-01 16:23:18,2026-06-01 16:33:18,10,10,2026-06-04 00:00:00
"1","BKOHG14","OX헤어젤(공용)","W26050701W10","HM15004","H/M 4호","1-R004","유화 배합실","C03","M/M",2026-06-01 15:56:00,2026-06-01 16:57:00,"LCCUser","10분 교반",2026-06-01 15:56:00,2026-06-01 16:06:54,10,10,2026-06-04 00:00:00
"1","BKOHG14","OX헤어젤(공용)","W26050701W10","HM15004","H/M 4호","1-R004","유화 배합실","C03","M/M",2026-06-01 15:56:00,2026-06-01 16:57:00,"LCCUser","10분 교반",2026-06-01 16:34:13,2026-06-01 16:44:13,10,10,2026-06-04 00:00:00
"1","BOXEL141","OX엘레강스로션","W26050702W10","GX12004","검믹서 6호","1-R004","유화 배합실","C02","용해",2026-06-01 09:12:00,2026-06-01 09:55:00,"LCCUser","30분 교반",2026-06-01 09:12:00,2026-06-01 09:55:00,30,30,2026-06-02 00:00:00
"1","BOXEL141","OX엘레강스로션","W26050702W10","OL11006","유상 용해조 6호","1-R004","유화 배합실","C02","용해",2026-06-01 09:12:00,2026-06-01 09:55:00,"LCCUser","40분 교반용해",2026-06-01 09:12:00,2026-06-01 09:55:00,40,40,2026-06-02 00:00:00
"1","BOXEL141","OX엘레강스로션","W26050702W10","AQ10006","수상 용해조 6호","1-R004","유화 배합실","C02","용해",2026-06-01 09:12:00,2026-06-01 09:55:00,"LCCUser","40분 교반용해",2026-06-01 09:12:00,2026-06-01 09:55:00,40,40,2026-06-02 00:00:00
"1","BOXEL141","OX엘레강스로션","W26050702W10","BM15006","B/M 6호","1-R004","유화 배합실","C03","M/M",2026-06-01 09:55:00,2026-06-01 11:28:00,"LCCUser","10분 교반",2026-06-01 09:55:00,2026-06-01 10:02:49,10,10,2026-06-02 00:00:00
"1","BOXEL141","OX엘레강스로션","W26050702W10","BM15006","B/M 6호","1-R004","유화 배합실","C03","M/M",2026-06-01 09:55:00,2026-06-01 11:28:00,"LCCUser","5분",2026-06-01 10:37:53,2026-06-01 10:42:54,5,5,2026-06-02 00:00:00
"1","BOXEL141","OX엘레강스로션","W26050702W10","BM15006","B/M 6호","1-R004","유화 배합실","C03","M/M",2026-06-01 09:55:00,2026-06-01 11:28:00,"LCCUser","8분",2026-06-01 10:05:07,2026-06-01 10:10:07,8,8,2026-06-02 00:00:00
"1","BOXEL141","OX엘레강스로션","W26050703W10","OL11006","유상 용해조 6호","1-R004","유화 배합실","C02","용해",2026-06-01 13:40:00,2026-06-01 14:24:00,"LCCUser","40분 교반용해",2026-06-01 13:40:00,2026-06-01 14:24:00,40,40,2026-06-02 00:00:00
"1","BOXEL141","OX엘레강스로션","W26050703W10","GX12004","검믹서 6호","1-R004","유화 배합실","C02","용해",2026-06-01 13:40:00,2026-06-01 14:24:00,"LCCUser","30분 교반",2026-06-01 13:40:00,2026-06-01 14:24:00,30,30,2026-06-02 00:00:00
"1","BOXEL141","OX엘레강스로션","W26050703W10","AQ10006","수상 용해조 6호","1-R004","유화 배합실","C02","용해",2026-06-01 13:40:00,2026-06-01 14:24:00,"LCCUser","40분 교반용해",2026-06-01 13:40:00,2026-06-01 14:24:00,40,40,2026-06-02 00:00:00
"1","BOXEL141","OX엘레강스로션","W26050703W10","BM15006","B/M 6호","1-R004","유화 배합실","C03","M/M",2026-06-01 14:24:00,2026-06-01 15:41:00,"LCCUser","8분",2026-06-01 14:42:05,2026-06-01 14:47:05,8,8,2026-06-02 00:00:00
"1","BOXEL141","OX엘레강스로션","W26050703W10","BM15006","B/M 6호","1-R004","유화 배합실","C03","M/M",2026-06-01 14:24:00,2026-06-01 15:41:00,"LCCUser","10분 교반",2026-06-01 14:33:16,2026-06-01 14:40:16,10,10,2026-06-02 00:00:00
"1","BOXEL141","OX엘레강스로션","W26050703W10","BM15006","B/M 6호","1-R004","유화 배합실","C03","M/M",2026-06-01 14:24:00,2026-06-01 15:41:00,"LCCUser","5분",2026-06-01 15:14:16,2026-06-01 15:19:16,5,5,2026-06-02 00:00:00
"1","BUV64851414","V드라이로션(보이드)","W26050704W10","AQ10007","수상 용해조 7호","1-R004","유화 배합실","C02","용해",2026-06-01 08:56:00,2026-06-01 11:42:00,"LCCUser","20분 교반",2026-06-01 08:56:00,2026-06-01 09:19:00,20,20,2026-06-02 00:00:00
"1","BUV64851414","V드라이로션(보이드)","W26050704W10","OL11007","유상 용해조 7호","1-R004","유화 배합실","C02","용해",2026-06-01 08:56:00,2026-06-01 11:42:00,"LCCUser","40분 교반",2026-06-01 08:56:00,2026-06-01 09:42:00,40,40,2026-06-02 00:00:00
"1","BUV64851414","V드라이로션(보이드)","W26050704W10","OL11007","유상 용해조 7호","1-R004","유화 배합실","C02","용해",2026-06-01 08:56:00,2026-06-01 11:42:00,"LCCUser","60분 교반",2026-06-01 09:42:00,2026-06-01 11:42:00,60,60,2026-06-02 00:00:00
"1","BUV64851414","V드라이로션(보이드)","W26050704W10","GX12005","검믹서 7호","1-R004","유화 배합실","C02","용해",2026-06-01 08:56:00,2026-06-01 11:42:00,"LCCUser","30분 교반",2026-06-01 08:56:00,2026-06-01 09:42:00,30,30,2026-06-02 00:00:00
"1","BUV64851414","V드라이로션(보이드)","W26050704W10","AQ10007","수상 용해조 7호","1-R004","유화 배합실","C02","용해",2026-06-01 08:56:00,2026-06-01 11:42:00,"LCCUser","20분 교반",2026-06-01 09:19:00,2026-06-01 09:42:00,20,20,2026-06-02 00:00:00
"1","BUV64851414","V드라이로션(보이드)","W26050704W10","HM15007","H/M 7호","1-R004","유화 배합실","C03","M/M",2026-06-01 09:42:00,2026-06-01 11:42:00,"LCCUser","5분 교반",2026-06-01 10:12:10,2026-06-01 10:17:10,5,5,2026-06-02 00:00:00
"1","BUV64851414","V드라이로션(보이드)","W26050704W10","HM15007","H/M 7호","1-R004","유화 배합실","C03","M/M",2026-06-01 09:42:00,2026-06-01 11:42:00,"LCCUser","10분 교반",2026-06-01 10:01:16,2026-06-01 10:11:15,10,10,2026-06-02 00:00:00
"1","BUV64851414","V드라이로션(보이드)","W26050704W10","HM15007","H/M 7호","1-R004","유화 배합실","C03","M/M",2026-06-01 09:42:00,2026-06-01 11:42:00,"LCCUser","5분 교반",2026-06-01 09:53:00,2026-06-01 09:58:45,5,5,2026-06-02 00:00:00
"1","BUV64851414","V드라이로션(보이드)","W26050704W10","HM15007","H/M 7호","1-R004","유화 배합실","C03","M/M",2026-06-01 09:42:00,2026-06-01 11:42:00,"LCCUser","10분 교반",2026-06-01 11:04:41,2026-06-01 11:09:40,10,10,2026-06-02 00:00:00
"1","BUV64851414","V드라이로션(보이드)","W26050704W10","HM15007","H/M 7호","1-R004","유화 배합실","C03","M/M",2026-06-01 09:42:00,2026-06-01 11:42:00,"LCCUser","3분 교반",2026-06-01 11:10:39,2026-06-01 11:15:39,3,3,2026-06-02 00:00:00
"1","BUV64851414","V드라이로션(보이드)","W26050705W10","AQ10005","수상 용해조 5호","1-R004","유화 배합실","C02","용해",2026-06-01 12:01:00,2026-06-01 14:30:00,"LCCUser","20분 교반",2026-06-01 12:01:00,2026-06-01 12:33:00,20,20,2026-06-02 00:00:00
"1","BUV64851414","V드라이로션(보이드)","W26050705W10","AQ10005","수상 용해조 5호","1-R004","유화 배합실","C02","용해",2026-06-01 12:01:00,2026-06-01 14:30:00,"LCCUser","20분 교반",2026-06-01 12:33:00,2026-06-01 13:29:00,20,20,2026-06-02 00:00:00
"1","BUV64851414","V드라이로션(보이드)","W26050705W10","GX12003","검믹서 5호","1-R004","유화 배합실","C02","용해",2026-06-01 12:01:00,2026-06-01 14:30:00,"LCCUser","30분 교반",2026-06-01 12:34:00,2026-06-01 13:29:00,30,30,2026-06-02 00:00:00
"1","BUV64851414","V드라이로션(보이드)","W26050705W10","OL11005","유상 용해조 5호","1-R004","유화 배합실","C02","용해",2026-06-01 12:01:00,2026-06-01 14:30:00,"LCCUser","40분 교반",2026-06-01 12:34:00,2026-06-01 13:29:00,40,40,2026-06-02 00:00:00
"1","BUV64851414","V드라이로션(보이드)","W26050705W10","OL11005","유상 용해조 5호","1-R004","유화 배합실","C02","용해",2026-06-01 12:01:00,2026-06-01 14:30:00,"LCCUser","60분 교반",2026-06-01 13:29:00,2026-06-01 14:30:00,60,60,2026-06-02 00:00:00
"1","BUV64851414","V드라이로션(보이드)","W26050705W10","HM15007","H/M 7호","1-R004","유화 배합실","C03","M/M",2026-06-01 13:29:00,2026-06-01 16:06:00,"LCCUser","5분 교반",2026-06-01 13:38:58,2026-06-01 13:43:59,5,5,2026-06-02 00:00:00
"1","BUV64851414","V드라이로션(보이드)","W26050705W10","HM15007","H/M 7호","1-R004","유화 배합실","C03","M/M",2026-06-01 13:29:00,2026-06-01 16:06:00,"LCCUser","10분 교반",2026-06-01 13:46:40,2026-06-01 13:56:39,10,10,2026-06-02 00:00:00
"1","BUV64851414","V드라이로션(보이드)","W26050705W10","HM15007","H/M 7호","1-R004","유화 배합실","C03","M/M",2026-06-01 13:29:00,2026-06-01 16:06:00,"LCCUser","5분 교반",2026-06-01 13:57:46,2026-06-01 14:02:00,5,5,2026-06-02 00:00:00
"1","BUV64851414","V드라이로션(보이드)","W26050705W10","HM15007","H/M 7호","1-R004","유화 배합실","C03","M/M",2026-06-01 13:29:00,2026-06-01 16:06:00,"LCCUser","3분 교반",2026-06-01 15:18:00,2026-06-01 15:21:00,3,3,2026-06-02 00:00:00
"1","BUV64851414","V드라이로션(보이드)","W26050705W10","HM15007","H/M 7호","1-R004","유화 배합실","C03","M/M",2026-06-01 13:29:00,2026-06-01 16:06:00,"LCCUser","10분 교반",2026-06-01 14:58:00,2026-06-01 15:08:00,10,10,2026-06-02 00:00:00
"1","BUV64851414","V드라이로션(보이드)","W26050706W10","AQ10007","수상 용해조 7호","1-R004","유화 배합실","C02","용해",2026-06-01 14:44:00,2026-06-01 18:09:00,"LCCUser","20분 교반",2026-06-01 14:44:00,2026-06-01 15:08:41,20,20,2026-06-02 00:00:00
"1","BUV64851414","V드라이로션(보이드)","W26050706W10","AQ10007","수상 용해조 7호","1-R004","유화 배합실","C02","용해",2026-06-01 14:44:00,2026-06-01 18:09:00,"LCCUser","20분 교반",2026-06-01 15:30:00,2026-06-01 16:07:00,20,20,2026-06-02 00:00:00
"1","BUV64851414","V드라이로션(보이드)","W26050706W10","GX12005","검믹서 7호","1-R004","유화 배합실","C02","용해",2026-06-01 14:44:00,2026-06-01 18:09:00,"LCCUser","30분 교반",2026-06-01 15:27:00,2026-06-01 16:07:00,30,30,2026-06-02 00:00:00
"1","BUV64851414","V드라이로션(보이드)","W26050706W10","OL11007","유상 용해조 7호","1-R004","유화 배합실","C02","용해",2026-06-01 14:44:00,2026-06-01 18:09:00,"LCCUser","40분 교반",2026-06-01 15:27:00,2026-06-01 16:07:00,40,40,2026-06-02 00:00:00
"1","BUV64851414","V드라이로션(보이드)","W26050706W10","OL11007","유상 용해조 7호","1-R004","유화 배합실","C02","용해",2026-06-01 14:44:00,2026-06-01 18:09:00,"LCCUser","60분 교반",2026-06-01 16:07:00,2026-06-01 18:09:00,60,60,2026-06-02 00:00:00
"1","BUV64851414","V드라이로션(보이드)","W26050706W10","HM15007","H/M 7호","1-R004","유화 배합실","C03","M/M",2026-06-01 16:30:00,2026-06-01 18:09:00,"LCCUser","5분 교반",2026-06-01 16:36:00,2026-06-01 16:41:24,5,5,2026-06-02 00:00:00
"1","BUV64851414","V드라이로션(보이드)","W26050706W10","HM15007","H/M 7호","1-R004","유화 배합실","C03","M/M",2026-06-01 16:30:00,2026-06-01 18:09:00,"LCCUser","5분 교반",2026-06-01 16:54:15,2026-06-01 16:59:15,5,5,2026-06-02 00:00:00
"1","BUV64851414","V드라이로션(보이드)","W26050706W10","HM15007","H/M 7호","1-R004","유화 배합실","C03","M/M",2026-06-01 16:30:00,2026-06-01 18:09:00,"LCCUser","10분 교반",2026-06-01 17:36:15,2026-06-01 17:41:15,10,10,2026-06-02 00:00:00
"1","BUV64851414","V드라이로션(보이드)","W26050706W10","HM15007","H/M 7호","1-R004","유화 배합실","C03","M/M",2026-06-01 16:30:00,2026-06-01 18:09:00,"LCCUser","10분 교반",2026-06-01 16:43:24,2026-06-01 16:53:24,10,10,2026-06-02 00:00:00
"1","BUV64851414","V드라이로션(보이드)","W26050706W10","HM15007","H/M 7호","1-R004","유화 배합실","C03","M/M",2026-06-01 16:30:00,2026-06-01 18:09:00,"LCCUser","3분 교반",2026-06-01 17:49:47,2026-06-01 17:52:47,3,3,2026-06-02 00:00:00
"1","BCWSHWL14","OX핸드클렌징(레몬)","W26050707W10","MX10002","워시믹서 2호","1-R004","유화 배합실","C03","M/M",2026-06-01 10:57:00,2026-06-01 12:03:00,"LCCUser","5분 교반",2026-06-01 11:26:22,2026-06-01 11:38:49,5,5,2026-06-04 00:00:00
"1","BCWSHWL14","OX핸드클렌징(레몬)","W26050707W10","MX10002","워시믹서 2호","1-R004","유화 배합실","C03","M/M",2026-06-01 10:57:00,2026-06-01 12:03:00,"LCCUser","15분 교반",2026-06-01 10:57:00,2026-06-01 11:16:39,15,15,2026-06-04 00:00:00
"1","BCWSHWL14","OX핸드클렌징(레몬)","W26050707W10","MX10002","워시믹서 2호","1-R004","유화 배합실","C03","M/M",2026-06-01 10:57:00,2026-06-01 12:03:00,"LCCUser","15분 교반",2026-06-01 11:38:54,2026-06-01 12:03:03,15,15,2026-06-04 00:00:00
"1","BCWSHWL14","OX핸드클렌징(레몬)","W26050707W10","MX10002","워시믹서 2호","1-R004","유화 배합실","C03","M/M",2026-06-01 10:57:00,2026-06-01 12:03:00,"LCCUser","5분 교반",2026-06-01 11:16:48,2026-06-01 11:26:18,5,5,2026-06-04 00:00:00
"1","BOXESKC17","OX엘레강스스킨(중국)","W26050709W10","SP15001","스킨믹서","1-R004","유화 배합실","C03","M/M",2026-06-01 16:02:00,2026-06-01 17:25:00,"LCCUser","10분 교반",2026-06-01 16:51:00,2026-06-01 17:02:00,10,10,2026-06-02 00:00:00
"1","BOXESKC17","OX엘레강스스킨(중국)","W26050709W10","SP15001","스킨믹서","1-R004","유화 배합실","C03","M/M",2026-06-01 16:02:00,2026-06-01 17:25:00,"LCCUser","40분 교반",2026-06-01 16:08:00,2026-06-01 16:51:00,40,40,2026-06-02 00:00:00
"1","BOXESKC17","OX엘레강스스킨(중국)","W26050709W10","SP15001","스킨믹서","1-R004","유화 배합실","C03","M/M",2026-06-01 16:02:00,2026-06-01 17:25:00,"LCCUser","20분 교반",2026-06-01 17:02:00,2026-06-01 17:25:00,20,20,2026-06-02 00:00:00
"1","BOXBWH","OX바디워시(히노끼)","W26050710W10","SP15002","샴푸믹서","1-R004","유화 배합실","C03","M/M",2026-05-29 15:07:00,2026-05-29 15:59:00,"LCCUser","20분 교반",2026-05-29 15:38:21,2026-05-29 15:59:00,20,20,2026-06-02 00:00:00
"1","BOXBWH","OX바디워시(히노끼)","W26050710W10","SP15002","샴푸믹서","1-R004","유화 배합실","C03","M/M",2026-05-29 15:07:00,2026-05-29 15:59:00,"LCCUser","10분 교반",2026-05-29 15:07:00,2026-05-29 15:23:25,10,10,2026-06-02 00:00:00
"1","BOXBWH","OX바디워시(히노끼)","W26050710W10","SP15002","샴푸믹서","1-R004","유화 배합실","C03","M/M",2026-05-29 15:07:00,2026-05-29 15:59:00,"LCCUser","10분 교반",2026-05-29 15:23:29,2026-05-29 15:38:18,10,10,2026-06-02 00:00:00
"3","BUV115370","VLC오리지날","W26050711W10","LC20012","L/C 2호","3-R003","3공장 배합실","C03","M/M",2026-06-01 13:37:00,2026-06-01 15:15:00,"LCCUser","20분 교반",2026-06-01 14:55:00,2026-06-01 15:15:00,20,20,2026-06-02 00:00:00
"3","BUV115370","VLC오리지날","W26050711W10","LC20012","L/C 2호","3-R003","3공장 배합실","C03","M/M",2026-06-01 13:37:00,2026-06-01 15:15:00,"LCCUser","20분 교반",2026-06-01 14:34:00,2026-06-01 14:55:00,20,20,2026-06-02 00:00:00
"3","BUV115370","VLC오리지날","W26050711W10","LC20012","L/C 2호","3-R003","3공장 배합실","C03","M/M",2026-06-01 13:37:00,2026-06-01 15:15:00,"LCCUser","30분 교반",2026-06-01 14:02:00,2026-06-01 14:32:00,30,30,2026-06-02 00:00:00
"3","BUV115371","VLC로지","W26050712W10","LC20011","L/C 4호","3-R003","3공장 배합실","C03","M/M",2026-06-01 09:15:00,2026-06-01 11:58:00,"LCCUser","20분 교반",2026-06-01 10:39:00,2026-06-01 11:01:00,20,20,2026-06-02 00:00:00
"3","BUV115371","VLC로지","W26050712W10","LC20011","L/C 4호","3-R003","3공장 배합실","C03","M/M",2026-06-01 09:15:00,2026-06-01 11:58:00,"LCCUser","20분 교반",2026-06-01 11:03:00,2026-06-01 11:23:00,20,20,2026-06-02 00:00:00
"3","BUV115371","VLC로지","W26050712W10","LC20011","L/C 4호","3-R003","3공장 배합실","C03","M/M",2026-06-01 09:15:00,2026-06-01 11:58:00,"LCCUser","20분 교반",2026-06-01 10:15:00,2026-06-01 10:36:00,20,20,2026-06-02 00:00:00
"3","BUV115371","VLC로지","W26050712W10","LC20011","L/C 4호","3-R003","3공장 배합실","C03","M/M",2026-06-01 09:15:00,2026-06-01 11:58:00,"LCCUser","30분 교반",2026-06-01 09:42:00,2026-06-01 10:13:00,30,30,2026-06-02 00:00:00
"4","BTBGGR","TB가글(클린민트)","W26050714W10","DS40002","4공장 용해조 2호","4-R004","4공장 배합실","C02","용해",2026-06-01 09:06:00,2026-06-01 10:26:00,"LCCUser","10분 용해",2026-06-01 09:06:00,2026-06-01 09:16:00,10,15,2026-06-02 00:00:00
"4","BTBGGR","TB가글(클린민트)","W26050714W10","DS40002","4공장 용해조 2호","4-R004","4공장 배합실","C02","용해",2026-06-01 09:06:00,2026-06-01 10:26:00,"LCCUser","70분 교반",2026-06-01 09:16:00,2026-06-01 10:26:00,70,75,2026-06-02 00:00:00
"4","BTBGGR","TB가글(클린민트)","W26050714W10","SM20008","액상2호","4-R004","4공장 배합실","C03","M/M",2026-06-01 09:51:00,2026-06-01 11:08:00,"LCCUser","30분 교반",2026-06-01 09:52:00,2026-06-01 10:26:00,30,35,2026-06-02 00:00:00
"4","BTBGGR","TB가글(클린민트)","W26050714W10","SM20008","액상2호","4-R004","4공장 배합실","C03","M/M",2026-06-01 09:51:00,2026-06-01 11:08:00,"LCCUser","40분 교반",2026-06-01 10:26:00,2026-06-01 11:08:00,40,45,2026-06-02 00:00:00
"4","BTBGGR","TB가글(클린민트)","W26050715W10","DS40002","4공장 용해조 2호","4-R004","4공장 배합실","C02","용해",2026-06-01 10:58:00,2026-06-01 12:31:00,"LCCUser","70분 교반",2026-06-01 11:19:00,2026-06-01 12:31:00,70,75,2026-06-02 00:00:00
"4","BTBGGR","TB가글(클린민트)","W26050715W10","DS40002","4공장 용해조 2호","4-R004","4공장 배합실","C02","용해",2026-06-01 10:58:00,2026-06-01 12:31:00,"LCCUser","10분 용해",2026-06-01 11:08:00,2026-06-01 11:18:00,10,15,2026-06-02 00:00:00
"4","BTBGGR","TB가글(클린민트)","W26050715W10","SM20008","액상2호","4-R004","4공장 배합실","C03","M/M",2026-06-01 11:57:00,2026-06-01 13:32:00,"LCCUser","40분 교반",2026-06-01 12:33:00,2026-06-01 13:32:00,40,45,2026-06-02 00:00:00
"4","BTBGGR","TB가글(클린민트)","W26050715W10","SM20008","액상2호","4-R004","4공장 배합실","C03","M/M",2026-06-01 11:57:00,2026-06-01 13:32:00,"LCCUser","30분 교반",2026-06-01 11:57:00,2026-06-01 12:31:00,30,35,2026-06-02 00:00:00
"4","BTBGGR","TB가글(클린민트)","W26050716W10","DS40002","4공장 용해조 2호","4-R004","4공장 배합실","C02","용해",2026-06-01 12:35:00,2026-06-01 13:56:00,"LCCUser","70분 교반",2026-06-01 12:46:00,2026-06-01 13:56:00,70,75,2026-06-02 00:00:00
"4","BTBGGR","TB가글(클린민트)","W26050716W10","DS40002","4공장 용해조 2호","4-R004","4공장 배합실","C02","용해",2026-06-01 12:35:00,2026-06-01 13:56:00,"LCCUser","10분 용해",2026-06-01 12:35:00,2026-06-01 12:46:00,10,15,2026-06-02 00:00:00
"4","BTBGGR","TB가글(클린민트)","W26050716W10","SM20008","액상2호","4-R004","4공장 배합실","C03","M/M",2026-06-01 14:14:00,2026-06-01 15:26:00,"LCCUser","40분 교반",2026-06-01 14:46:00,2026-06-01 15:26:00,40,45,2026-06-02 00:00:00
"4","BTBGGR","TB가글(클린민트)","W26050716W10","SM20008","액상2호","4-R004","4공장 배합실","C03","M/M",2026-06-01 14:14:00,2026-06-01 15:26:00,"LCCUser","30분 교반",2026-06-01 14:14:00,2026-06-01 14:45:00,30,35,2026-06-02 00:00:00
"4","BECPG","OX미인가글(청색)","W26050717W10","DS40003","4공장 용해조 3호","4-R004","4공장 배합실","C02","용해",2026-06-01 09:30:00,2026-06-01 10:12:00,"LCCUser","20분 용해",2026-06-01 09:52:00,2026-06-01 10:12:00,20,25,2026-06-01 00:00:00
"4","BECPG","OX미인가글(청색)","W26050717W10","DS40003","4공장 용해조 3호","4-R004","4공장 배합실","C02","용해",2026-06-01 09:30:00,2026-06-01 10:12:00,"LCCUser","20분 용해",2026-06-01 09:30:00,2026-06-01 09:52:00,20,25,2026-06-01 00:00:00
"4","BECPG","OX미인가글(청색)","W26050717W10","SM20010","액상4호","4-R004","4공장 배합실","C03","M/M",2026-06-01 09:59:00,2026-06-01 10:33:00,"LCCUser","20분 교반",2026-06-01 10:13:00,2026-06-01 10:33:00,20,25,2026-06-01 00:00:00
"4","BECPG","OX미인가글(청색)","W26050717W10","SM20010","액상4호","4-R004","4공장 배합실","C03","M/M",2026-06-01 09:59:00,2026-06-01 10:33:00,"LCCUser","10분 교반",2026-06-01 09:59:00,2026-06-01 10:12:00,10,15,2026-06-01 00:00:00
"5","BGNPG19","프로가글(내수)","W26050718W10","DS50001","5공장 용해조 1호","5-R003","5공장 가글 배합실","C02","용해",2026-06-01 09:11:00,2026-06-01 10:16:00,"LCCUser","20분 용해",2026-06-01 09:51:00,2026-06-01 10:16:00,20,25,2026-06-02 00:00:00
"5","BGNPG19","프로가글(내수)","W26050718W10","DS50001","5공장 용해조 1호","5-R003","5공장 가글 배합실","C02","용해",2026-06-01 09:11:00,2026-06-01 10:16:00,"LCCUser","40분 용해",2026-06-01 09:11:00,2026-06-01 09:51:00,40,45,2026-06-02 00:00:00
"5","BGNPG19","프로가글(내수)","W26050718W10","5M00001","제조 1호","5-R003","5공장 가글 배합실","C03","M/M",2026-06-01 10:01:00,2026-06-01 10:51:00,"LCCUser","10분 교반",2026-06-01 10:01:00,2026-06-01 10:16:00,10,15,2026-06-02 00:00:00
"5","BGNPG19","프로가글(내수)","W26050718W10","5M00001","제조 1호","5-R003","5공장 가글 배합실","C03","M/M",2026-06-01 10:01:00,2026-06-01 10:51:00,"LCCUser","20분 교반",2026-06-01 10:16:00,2026-06-01 10:51:00,20,25,2026-06-02 00:00:00
"5","BGNPG19","프로가글(내수)","W26050719W10","DS50001","5공장 용해조 1호","5-R003","5공장 가글 배합실","C02","용해",2026-06-01 10:59:00,2026-06-01 12:36:00,"LCCUser","40분 용해",2026-06-01 11:00:00,2026-06-01 11:40:00,40,45,2026-06-02 00:00:00
"5","BGNPG19","프로가글(내수)","W26050719W10","DS50001","5공장 용해조 1호","5-R003","5공장 가글 배합실","C02","용해",2026-06-01 10:59:00,2026-06-01 12:36:00,"LCCUser","20분 용해",2026-06-01 11:41:00,2026-06-01 12:36:00,20,25,2026-06-02 00:00:00
"5","BGNPG19","프로가글(내수)","W26050719W10","5M00001","제조 1호","5-R003","5공장 가글 배합실","C03","M/M",2026-06-01 12:36:00,2026-06-01 14:28:00,"LCCUser","10분 교반",2026-06-01 13:54:00,2026-06-01 14:05:00,10,15,2026-06-02 00:00:00
"5","BGNPG19","프로가글(내수)","W26050719W10","5M00001","제조 1호","5-R003","5공장 가글 배합실","C03","M/M",2026-06-01 12:36:00,2026-06-01 14:28:00,"LCCUser","20분 교반",2026-06-01 14:05:00,2026-06-01 14:28:00,20,25,2026-06-02 00:00:00
"5","BETBMG","TB가글(마일드,수출)","W26050720W10","DS50003","5공장 용해조 3호","5-R003","5공장 가글 배합실","C02","용해",2026-06-01 08:58:00,2026-06-01 09:29:00,"LCCUser","premixing 30분 용해",2026-06-01 08:58:00,2026-06-01 09:29:00,30,35,2026-06-02 00:00:00
"5","BETBMG","TB가글(마일드,수출)","W26050720W10","5M00004","제조 4호","5-R003","5공장 가글 배합실","C03","M/M",2026-06-01 08:59:00,2026-06-01 10:51:00,"LCCUser","60분 교반",2026-06-01 09:46:00,2026-06-01 10:51:00,60,65,2026-06-02 00:00:00
"5","BETBMG","TB가글(마일드,수출)","W26050720W10","5M00004","제조 4호","5-R003","5공장 가글 배합실","C03","M/M",2026-06-01 08:59:00,2026-06-01 10:51:00,"LCCUser","15분 교반",2026-06-01 09:29:00,2026-06-01 09:46:00,15,20,2026-06-02 00:00:00
"5","BETBMG","TB가글(마일드,수출)","W26050720W10","5M00004","제조 4호","5-R003","5공장 가글 배합실","C03","M/M",2026-06-01 08:59:00,2026-06-01 10:51:00,"LCCUser","30분 교반",2026-06-01 08:59:00,2026-06-01 09:29:00,30,35,2026-06-02 00:00:00
"5","BETBMG","TB가글(마일드,수출)","W26050721W10","DS50003","5공장 용해조 3호","5-R003","5공장 가글 배합실","C02","용해",2026-06-01 11:37:00,2026-06-01 13:34:00,"LCCUser","premixing 30분 용해",2026-06-01 12:45:00,2026-06-01 13:33:00,30,35,2026-06-02 00:00:00
"5","BETBMG","TB가글(마일드,수출)","W26050721W10","5M00004","제조 4호","5-R003","5공장 가글 배합실","C03","M/M",2026-06-01 12:45:00,2026-06-01 14:52:00,"LCCUser","30분 교반",2026-06-01 12:45:00,2026-06-01 13:33:00,30,35,2026-06-02 00:00:00
"5","BETBMG","TB가글(마일드,수출)","W26050721W10","5M00004","제조 4호","5-R003","5공장 가글 배합실","C03","M/M",2026-06-01 12:45:00,2026-06-01 14:52:00,"LCCUser","60분 교반",2026-06-01 13:49:00,2026-06-01 14:51:00,60,65,2026-06-02 00:00:00
"5","BETBMG","TB가글(마일드,수출)","W26050721W10","5M00004","제조 4호","5-R003","5공장 가글 배합실","C03","M/M",2026-06-01 12:45:00,2026-06-01 14:52:00,"LCCUser","15분 교반",2026-06-01 13:33:00,2026-06-01 13:49:00,15,20,2026-06-02 00:00:00
"1","BKOHG14","OX헤어젤(공용)","W26060014W10","AQ10004","수상 용해조 4호","1-R004","유화 배합실","C02","용해",2026-06-02 09:07:00,2026-06-02 10:19:00,"LCCUser","30분 교반",2026-06-02 09:07:00,2026-06-02 09:42:00,30,30,2026-06-04 00:00:00
"1","BKOHG14","OX헤어젤(공용)","W26060014W10","AQ10004","수상 용해조 4호","1-R004","유화 배합실","C02","용해",2026-06-02 09:07:00,2026-06-02 10:19:00,"LCCUser","15분 교반",2026-06-02 09:56:00,2026-06-02 10:19:00,15,15,2026-06-04 00:00:00
"1","BKOHG14","OX헤어젤(공용)","W26060014W10","AQ10004","수상 용해조 4호","1-R004","유화 배합실","C02","용해",2026-06-02 09:07:00,2026-06-02 10:19:00,"LCCUser","30분 교반",2026-06-02 09:07:00,2026-06-02 09:42:00,30,30,2026-06-04 00:00:00
"1","BKOHG14","OX헤어젤(공용)","W26060014W10","AQ10004","수상 용해조 4호","1-R004","유화 배합실","C02","용해",2026-06-02 09:07:00,2026-06-02 10:19:00,"LCCUser","15분 교반",2026-06-02 09:56:00,2026-06-02 10:19:00,15,15,2026-06-04 00:00:00
"1","BKOHG14","OX헤어젤(공용)","W26060014W10","HM15004","H/M 4호","1-R004","유화 배합실","C03","M/M",2026-06-02 09:48:00,2026-06-02 10:42:00,"LCCUser","10분 교반",2026-06-02 09:49:00,2026-06-02 09:59:48,10,10,2026-06-04 00:00:00
"1","BKOHG14","OX헤어젤(공용)","W26060014W10","HM15004","H/M 4호","1-R004","유화 배합실","C03","M/M",2026-06-02 09:48:00,2026-06-02 10:42:00,"LCCUser","10분 교반",2026-06-02 10:31:22,2026-06-02 10:41:23,10,10,2026-06-04 00:00:00
"1","BKOHG14","OX헤어젤(공용)","W26060014W10","HM15004","H/M 4호","1-R004","유화 배합실","C03","M/M",2026-06-02 09:48:00,2026-06-02 10:42:00,"LCCUser","10분 교반",2026-06-02 09:49:00,2026-06-02 09:59:48,10,10,2026-06-04 00:00:00
"1","BKOHG14","OX헤어젤(공용)","W26060014W10","HM15004","H/M 4호","1-R004","유화 배합실","C03","M/M",2026-06-02 09:48:00,2026-06-02 10:42:00,"LCCUser","10분 교반",2026-06-02 10:31:22,2026-06-02 10:41:23,10,10,2026-06-04 00:00:00
"1","BKOHG14","OX헤어젤(공용)","W26060014W10","HM15004","H/M 4호","1-R004","유화 배합실","C03","M/M",2026-06-02 09:48:00,2026-06-02 10:42:00,"LCCUser","10분 교반",2026-06-02 10:19:00,2026-06-02 10:29:34,10,10,2026-06-04 00:00:00
"1","BKOHG14","OX헤어젤(공용)","W26060014W10","HM15004","H/M 4호","1-R004","유화 배합실","C03","M/M",2026-06-02 09:48:00,2026-06-02 10:42:00,"LCCUser","10분 교반",2026-06-02 10:19:00,2026-06-02 10:29:34,10,10,2026-06-04 00:00:00
"1","BKOHG14","OX헤어젤(공용)","W26060015W10","AQ10004","수상 용해조 4호","1-R004","유화 배합실","C02","용해",2026-06-02 14:16:00,2026-06-02 15:20:00,"LCCUser","15분 교반",2026-06-02 15:05:00,2026-06-02 15:20:00,15,15,2026-06-04 00:00:00
"1","BKOHG14","OX헤어젤(공용)","W26060015W10","AQ10004","수상 용해조 4호","1-R004","유화 배합실","C02","용해",2026-06-02 14:16:00,2026-06-02 15:20:00,"LCCUser","30분 교반",2026-06-02 14:16:00,2026-06-02 14:46:00,30,30,2026-06-04 00:00:00
"1","BKOHG14","OX헤어젤(공용)","W26060015W10","AQ10004","수상 용해조 4호","1-R004","유화 배합실","C02","용해",2026-06-02 14:16:00,2026-06-02 15:20:00,"LCCUser","15분 교반",2026-06-02 15:05:00,2026-06-02 15:20:00,15,15,2026-06-04 00:00:00
"1","BKOHG14","OX헤어젤(공용)","W26060015W10","AQ10004","수상 용해조 4호","1-R004","유화 배합실","C02","용해",2026-06-02 14:16:00,2026-06-02 15:20:00,"LCCUser","30분 교반",2026-06-02 14:16:00,2026-06-02 14:46:00,30,30,2026-06-04 00:00:00
"1","BKOHG14","OX헤어젤(공용)","W26060015W10","HM15004","H/M 4호","1-R004","유화 배합실","C03","M/M",2026-06-02 14:52:00,2026-06-02 16:00:00,"LCCUser","10분 교반",2026-06-02 14:54:00,2026-06-02 15:04:20,10,10,2026-06-04 00:00:00
"1","BKOHG14","OX헤어젤(공용)","W26060015W10","HM15004","H/M 4호","1-R004","유화 배합실","C03","M/M",2026-06-02 14:52:00,2026-06-02 16:00:00,"LCCUser","10분 교반",2026-06-02 14:54:00,2026-06-02 15:04:20,10,10,2026-06-04 00:00:00
"1","BKOHG14","OX헤어젤(공용)","W26060015W10","HM15004","H/M 4호","1-R004","유화 배합실","C03","M/M",2026-06-02 14:52:00,2026-06-02 16:00:00,"LCCUser","10분 교반",2026-06-02 15:23:40,2026-06-02 15:33:39,10,10,2026-06-04 00:00:00
"1","BKOHG14","OX헤어젤(공용)","W26060015W10","HM15004","H/M 4호","1-R004","유화 배합실","C03","M/M",2026-06-02 14:52:00,2026-06-02 16:00:00,"LCCUser","10분 교반",2026-06-02 15:35:24,2026-06-02 15:45:24,10,10,2026-06-04 00:00:00
"1","BKOHG14","OX헤어젤(공용)","W26060015W10","HM15004","H/M 4호","1-R004","유화 배합실","C03","M/M",2026-06-02 14:52:00,2026-06-02 16:00:00,"LCCUser","10분 교반",2026-06-02 15:35:24,2026-06-02 15:45:24,10,10,2026-06-04 00:00:00
"1","BKOHG14","OX헤어젤(공용)","W26060015W10","HM15004","H/M 4호","1-R004","유화 배합실","C03","M/M",2026-06-02 14:52:00,2026-06-02 16:00:00,"LCCUser","10분 교반",2026-06-02 15:23:40,2026-06-02 15:33:39,10,10,2026-06-04 00:00:00
"1","BMFL16","OX몽글비누(레몬,공용)","W26060018W10","MX10001","워시믹서 1호","1-R004","유화 배합실","C03","M/M",2026-06-02 09:48:00,2026-06-02 11:01:00,"LCCUser","5분 교반",2026-06-02 10:23:00,2026-06-02 10:29:00,5,5,2026-06-04 00:00:00
"1","BMFL16","OX몽글비누(레몬,공용)","W26060018W10","MX10001","워시믹서 1호","1-R004","유화 배합실","C03","M/M",2026-06-02 09:48:00,2026-06-02 11:01:00,"LCCUser","20분 교반",2026-06-02 10:29:00,2026-06-02 10:50:24,20,20,2026-06-04 00:00:00
"1","BMFL16","OX몽글비누(레몬,공용)","W26060018W10","MX10001","워시믹서 1호","1-R004","유화 배합실","C03","M/M",2026-06-02 09:48:00,2026-06-02 11:01:00,"LCCUser","20분 교반",2026-06-02 09:48:00,2026-06-02 10:23:00,20,20,2026-06-04 00:00:00
"1","BMFL16","OX몽글비누(레몬,공용)","W26060018W10","MX10001","워시믹서 1호","1-R004","유화 배합실","C03","M/M",2026-06-02 09:48:00,2026-06-02 11:01:00,"LCCUser","5분 교반",2026-06-02 10:50:28,2026-06-02 11:01:18,5,5,2026-06-04 00:00:00
"1","BMFL16","OX몽글비누(레몬,공용)","W26060019W10","MX10001","워시믹서 1호","1-R004","유화 배합실","C03","M/M",2026-06-02 14:32:00,2026-06-02 16:01:00,"LCCUser","5분 교반",2026-06-02 15:12:43,2026-06-02 15:26:10,5,5,2026-06-04 00:00:00
"1","BMFL16","OX몽글비누(레몬,공용)","W26060019W10","MX10001","워시믹서 1호","1-R004","유화 배합실","C03","M/M",2026-06-02 14:32:00,2026-06-02 16:01:00,"LCCUser","5분 교반",2026-06-02 15:55:08,2026-06-02 16:00:58,5,5,2026-06-04 00:00:00
"1","BMFL16","OX몽글비누(레몬,공용)","W26060019W10","MX10001","워시믹서 1호","1-R004","유화 배합실","C03","M/M",2026-06-02 14:32:00,2026-06-02 16:01:00,"LCCUser","20분 교반",2026-06-02 15:26:13,2026-06-02 15:54:58,20,20,2026-06-04 00:00:00
"1","BMFL16","OX몽글비누(레몬,공용)","W26060019W10","MX10001","워시믹서 1호","1-R004","유화 배합실","C03","M/M",2026-06-02 14:32:00,2026-06-02 16:01:00,"LCCUser","20분 교반",2026-06-02 14:32:00,2026-06-02 15:12:39,20,20,2026-06-04 00:00:00
"1","BCWSHWL14","OX핸드클렌징(레몬)","W26060020W10","MX10002","워시믹서 2호","1-R004","유화 배합실","C03","M/M",2026-06-02 10:32:00,2026-06-02 11:42:00,"LCCUser","15분 교반",2026-06-02 11:25:27,2026-06-02 11:42:19,15,15,2026-06-04 00:00:00
"1","BCWSHWL14","OX핸드클렌징(레몬)","W26060020W10","MX10002","워시믹서 2호","1-R004","유화 배합실","C03","M/M",2026-06-02 10:32:00,2026-06-02 11:42:00,"LCCUser","5분 교반",2026-06-02 11:05:11,2026-06-02 11:25:24,5,5,2026-06-04 00:00:00
"1","BCWSHWL14","OX핸드클렌징(레몬)","W26060020W10","MX10002","워시믹서 2호","1-R004","유화 배합실","C03","M/M",2026-06-02 10:32:00,2026-06-02 11:42:00,"LCCUser","5분 교반",2026-06-02 10:56:24,2026-06-02 11:05:07,5,5,2026-06-04 00:00:00
"1","BCWSHWL14","OX핸드클렌징(레몬)","W26060020W10","MX10002","워시믹서 2호","1-R004","유화 배합실","C03","M/M",2026-06-02 10:32:00,2026-06-02 11:42:00,"LCCUser","15분 교반",2026-06-02 10:32:00,2026-06-02 10:56:19,15,15,2026-06-04 00:00:00
"1","BCWSHWL14","OX핸드클렌징(레몬)","W26060021W10","MX10002","워시믹서 2호","1-R004","유화 배합실","C03","M/M",2026-06-02 17:03:00,2026-06-02 18:00:00,"LCCUser","5분 교반",2026-06-02 17:29:32,2026-06-02 17:43:12,5,5,2026-06-04 00:00:00
"1","BCWSHWL14","OX핸드클렌징(레몬)","W26060021W10","MX10002","워시믹서 2호","1-R004","유화 배합실","C03","M/M",2026-06-02 17:03:00,2026-06-02 18:00:00,"LCCUser","15분 교반",2026-06-02 17:43:14,2026-06-02 17:59:43,15,15,2026-06-04 00:00:00
"1","BCWSHWL14","OX핸드클렌징(레몬)","W26060021W10","MX10002","워시믹서 2호","1-R004","유화 배합실","C03","M/M",2026-06-02 17:03:00,2026-06-02 18:00:00,"LCCUser","5분 교반",2026-06-02 17:23:26,2026-06-02 17:29:29,5,5,2026-06-04 00:00:00
"1","BCWSHWL14","OX핸드클렌징(레몬)","W26060021W10","MX10002","워시믹서 2호","1-R004","유화 배합실","C03","M/M",2026-06-02 17:03:00,2026-06-02 18:00:00,"LCCUser","15분 교반",2026-06-02 17:04:00,2026-06-02 17:23:23,15,15,2026-06-04 00:00:00
"3","BUV115370","VLC오리지날","W26060022W10","LC20012","L/C 2호","3-R003","3공장 배합실","C03","M/M",2026-06-02 13:41:00,2026-06-02 15:41:00,"LCCUser","20분 교반",2026-06-02 14:59:00,2026-06-02 15:20:00,20,20,2026-06-04 00:00:00
"3","BUV115370","VLC오리지날","W26060022W10","LC20012","L/C 2호","3-R003","3공장 배합실","C03","M/M",2026-06-02 13:41:00,2026-06-02 15:41:00,"LCCUser","30분 교반",2026-06-02 14:24:00,2026-06-02 14:56:00,30,30,2026-06-04 00:00:00
"3","BUV115370","VLC오리지날","W26060022W10","LC20012","L/C 2호","3-R003","3공장 배합실","C03","M/M",2026-06-02 13:41:00,2026-06-02 15:41:00,"LCCUser","20분 교반",2026-06-02 15:21:00,2026-06-02 15:41:00,20,20,2026-06-04 00:00:00
"3","BUV115370","VLC오리지날","W26060023W10","LC20012","L/C 2호","3-R003","3공장 배합실","C03","M/M",2026-06-02 10:05:00,2026-06-02 11:42:00,"LCCUser","20분 교반",2026-06-02 10:59:00,2026-06-02 11:20:00,20,20,2026-06-04 00:00:00
"3","BUV115370","VLC오리지날","W26060023W10","LC20012","L/C 2호","3-R003","3공장 배합실","C03","M/M",2026-06-02 10:05:00,2026-06-02 11:42:00,"LCCUser","20분 교반",2026-06-02 11:20:00,2026-06-02 11:42:00,20,20,2026-06-04 00:00:00
"3","BUV115370","VLC오리지날","W26060023W10","LC20012","L/C 2호","3-R003","3공장 배합실","C03","M/M",2026-06-02 10:05:00,2026-06-02 11:42:00,"LCCUser","30분 교반",2026-06-02 10:13:00,2026-06-02 10:49:00,30,30,2026-06-04 00:00:00
"3","BUV115371","VLC로지","W26060024W10","LC20011","L/C 4호","3-R003","3공장 배합실","C03","M/M",2026-06-02 09:22:00,2026-06-02 12:05:00,"LCCUser","20분 교반",2026-06-02 11:42:00,2026-06-02 12:04:00,20,20,2026-06-04 00:00:00
"3","BUV115371","VLC로지","W26060024W10","LC20011","L/C 4호","3-R003","3공장 배합실","C03","M/M",2026-06-02 09:22:00,2026-06-02 12:05:00,"LCCUser","30분 교반",2026-06-02 10:13:00,2026-06-02 10:48:00,30,30,2026-06-04 00:00:00
"3","BUV115371","VLC로지","W26060024W10","LC20011","L/C 4호","3-R003","3공장 배합실","C03","M/M",2026-06-02 09:22:00,2026-06-02 12:05:00,"LCCUser","20분 교반",2026-06-02 10:59:00,2026-06-02 11:20:00,20,20,2026-06-04 00:00:00
"3","BUV115371","VLC로지","W26060024W10","LC20011","L/C 4호","3-R003","3공장 배합실","C03","M/M",2026-06-02 09:22:00,2026-06-02 12:05:00,"LCCUser","20분 교반",2026-06-02 11:20:00,2026-06-02 11:42:00,20,20,2026-06-04 00:00:00
"3","BUV115373","VLC코코아","W26060025W10","LC20013","L/C 5호","3-R003","3공장 배합실","C03","M/M",2026-06-02 09:21:00,2026-06-02 12:04:00,"LCCUser","20분 교반",2026-06-02 10:59:00,2026-06-02 11:20:00,20,20,2026-06-04 00:00:00
"3","BUV115373","VLC코코아","W26060025W10","LC20013","L/C 5호","3-R003","3공장 배합실","C03","M/M",2026-06-02 09:21:00,2026-06-02 12:04:00,"LCCUser","20분 교반",2026-06-02 11:20:00,2026-06-02 11:42:00,20,20,2026-06-04 00:00:00
"3","BUV115373","VLC코코아","W26060025W10","LC20013","L/C 5호","3-R003","3공장 배합실","C03","M/M",2026-06-02 09:21:00,2026-06-02 12:04:00,"LCCUser","30분 교반",2026-06-02 10:13:00,2026-06-02 10:45:00,30,30,2026-06-04 00:00:00
"3","BUV115373","VLC코코아","W26060025W10","LC20013","L/C 5호","3-R003","3공장 배합실","C03","M/M",2026-06-02 09:21:00,2026-06-02 12:04:00,"LCCUser","20분 교반",2026-06-02 11:42:00,2026-06-02 12:04:00,20,20,2026-06-04 00:00:00
"4","BTBGGR","TB가글(클린민트)","W26060027W10","DS40002","4공장 용해조 2호","4-R004","4공장 배합실","C02","용해",2026-06-02 08:55:00,2026-06-02 10:15:00,"LCCUser","10분 용해",2026-06-02 08:55:00,2026-06-02 09:05:00,10,15,2026-06-04 00:00:00
"4","BTBGGR","TB가글(클린민트)","W26060027W10","DS40002","4공장 용해조 2호","4-R004","4공장 배합실","C02","용해",2026-06-02 08:55:00,2026-06-02 10:15:00,"LCCUser","70분 교반",2026-06-02 09:05:00,2026-06-02 10:15:00,70,75,2026-06-04 00:00:00
"4","BTBGGR","TB가글(클린민트)","W26060027W10","SM20008","액상2호","4-R004","4공장 배합실","C03","M/M",2026-06-02 09:43:00,2026-06-02 10:54:00,"LCCUser","30분 교반",2026-06-02 09:43:00,2026-06-02 10:15:00,30,35,2026-06-04 00:00:00
"4","BTBGGR","TB가글(클린민트)","W26060027W10","SM20008","액상2호","4-R004","4공장 배합실","C03","M/M",2026-06-02 09:43:00,2026-06-02 10:54:00,"LCCUser","40분 교반",2026-06-02 10:15:00,2026-06-02 10:54:00,40,45,2026-06-04 00:00:00
"4","BTBGGR","TB가글(클린민트)","W26060028W10","DS40002","4공장 용해조 2호","4-R004","4공장 배합실","C02","용해",2026-06-02 10:31:00,2026-06-02 11:57:00,"LCCUser","10분 용해",2026-06-02 10:31:00,2026-06-02 10:41:00,10,15,2026-06-04 00:00:00
"4","BTBGGR","TB가글(클린민트)","W26060028W10","DS40002","4공장 용해조 2호","4-R004","4공장 배합실","C02","용해",2026-06-02 10:31:00,2026-06-02 11:57:00,"LCCUser","70분 교반",2026-06-02 10:41:00,2026-06-02 11:57:00,70,75,2026-06-04 00:00:00
"4","BTBGGR","TB가글(클린민트)","W26060028W10","SM20008","액상2호","4-R004","4공장 배합실","C03","M/M",2026-06-02 11:29:00,2026-06-02 13:27:00,"LCCUser","40분 교반",2026-06-02 12:00:00,2026-06-02 13:27:00,40,45,2026-06-04 00:00:00
"4","BTBGGR","TB가글(클린민트)","W26060028W10","SM20008","액상2호","4-R004","4공장 배합실","C03","M/M",2026-06-02 11:29:00,2026-06-02 13:27:00,"LCCUser","30분 교반",2026-06-02 11:29:00,2026-06-02 11:59:00,30,35,2026-06-04 00:00:00
"4","BTBGGR","TB가글(클린민트)","W26060029W10","DS40002","4공장 용해조 2호","4-R004","4공장 배합실","C02","용해",2026-06-02 12:00:00,2026-06-02 13:27:00,"LCCUser","70분 교반",2026-06-02 12:10:00,2026-06-02 13:27:00,70,75,2026-06-04 00:00:00
"4","BTBGGR","TB가글(클린민트)","W26060029W10","DS40002","4공장 용해조 2호","4-R004","4공장 배합실","C02","용해",2026-06-02 12:00:00,2026-06-02 13:27:00,"LCCUser","10분 용해",2026-06-02 12:00:00,2026-06-02 12:10:00,10,15,2026-06-04 00:00:00
"4","BTBGGR","TB가글(클린민트)","W26060029W10","SM20008","액상2호","4-R004","4공장 배합실","C03","M/M",2026-06-02 14:17:00,2026-06-02 16:02:00,"LCCUser","30분 교반",2026-06-02 14:17:00,2026-06-02 14:48:00,30,35,2026-06-04 00:00:00
"4","BTBGGR","TB가글(클린민트)","W26060029W10","SM20008","액상2호","4-R004","4공장 배합실","C03","M/M",2026-06-02 14:17:00,2026-06-02 16:02:00,"LCCUser","40분 교반",2026-06-02 14:48:00,2026-06-02 16:02:00,40,45,2026-06-04 00:00:00
"4","BYHMDSP","메디MS(피치)","W26060030W10","DS40003","4공장 용해조 3호","4-R004","4공장 배합실","C02","용해",2026-06-02 16:22:00,2026-06-02 16:54:00,"LCCUser","20분 교반",2026-06-02 16:32:00,2026-06-02 16:54:00,20,25,2026-06-04 00:00:00
"4","BYHMDSP","메디MS(피치)","W26060030W10","DS40003","4공장 용해조 3호","4-R004","4공장 배합실","C02","용해",2026-06-02 16:22:00,2026-06-02 16:54:00,"LCCUser","10분 용해",2026-06-02 16:22:00,2026-06-02 16:32:00,10,15,2026-06-04 00:00:00
"4","BYHMDSP","메디MS(피치)","W26060030W10","GA15001","액상3호","4-R004","4공장 배합실","C03","M/M",2026-06-02 16:32:00,2026-06-02 17:28:00,"LCCUser","10분 교반",2026-06-02 16:32:00,2026-06-02 16:54:00,10,15,2026-06-04 00:00:00
"4","BYHMDSP","메디MS(피치)","W26060030W10","GA15001","액상3호","4-R004","4공장 배합실","C03","M/M",2026-06-02 16:32:00,2026-06-02 17:28:00,"LCCUser","30분 교반",2026-06-02 16:54:00,2026-06-02 17:28:00,30,35,2026-06-04 00:00:00
"4","BOXCGL","OX체크레몬가글","W26060031W10","DS40004","4공장 용해조 4호","4-R004","4공장 배합실","C02","용해",2026-06-02 09:47:00,2026-06-02 10:51:00,"LCCUser","20분 용해",2026-06-02 10:28:00,2026-06-02 10:51:00,20,25,2026-06-04 00:00:00
"4","BOXCGL","OX체크레몬가글","W26060031W10","DS40004","4공장 용해조 4호","4-R004","4공장 배합실","C02","용해",2026-06-02 09:47:00,2026-06-02 10:51:00,"LCCUser","40분 용해",2026-06-02 09:48:00,2026-06-02 10:28:00,40,45,2026-06-04 00:00:00
"4","BOXCGL","OX체크레몬가글","W26060031W10","SM20010","액상4호","4-R004","4공장 배합실","C03","M/M",2026-06-02 09:37:00,2026-06-02 11:22:00,"LCCUser","10분 교반",2026-06-02 10:37:00,2026-06-02 10:51:00,10,15,2026-06-04 00:00:00
"4","BOXCGL","OX체크레몬가글","W26060031W10","SM20010","액상4호","4-R004","4공장 배합실","C03","M/M",2026-06-02 09:37:00,2026-06-02 11:22:00,"LCCUser","20분 교반",2026-06-02 10:53:00,2026-06-02 11:14:00,20,25,2026-06-04 00:00:00
"5","BGNPG19","프로가글(내수)","W26060033W10","DS50001","5공장 용해조 1호","5-R003","5공장 가글 배합실","C02","용해",2026-06-02 09:19:00,2026-06-02 10:19:00,"LCCUser","40분 용해",2026-06-02 09:19:00,2026-06-02 09:59:00,40,45,2026-06-02 00:00:00
"5","BGNPG19","프로가글(내수)","W26060033W10","DS50001","5공장 용해조 1호","5-R003","5공장 가글 배합실","C02","용해",2026-06-02 09:19:00,2026-06-02 10:19:00,"LCCUser","20분 용해",2026-06-02 09:59:00,2026-06-02 10:19:00,20,25,2026-06-02 00:00:00
"5","BGNPG19","프로가글(내수)","W26060033W10","5M00001","제조 1호","5-R003","5공장 가글 배합실","C03","M/M",2026-06-02 10:08:00,2026-06-02 10:42:00,"LCCUser","20분 교반",2026-06-02 10:19:00,2026-06-02 10:42:00,20,25,2026-06-02 00:00:00
"5","BGNPG19","프로가글(내수)","W26060033W10","5M00001","제조 1호","5-R003","5공장 가글 배합실","C03","M/M",2026-06-02 10:08:00,2026-06-02 10:42:00,"LCCUser","10분 교반",2026-06-02 10:09:00,2026-06-02 10:19:00,10,15,2026-06-02 00:00:00
"5","BETBMG","TB가글(마일드,수출)","W26060034W10","DS50003","5공장 용해조 3호","5-R003","5공장 가글 배합실","C02","용해",2026-06-02 09:15:00,2026-06-02 09:46:00,"LCCUser","premixing 30분 용해",2026-06-02 09:15:00,2026-06-02 09:46:00,30,35,2026-06-04 00:00:00
"5","BETBMG","TB가글(마일드,수출)","W26060034W10","5M00004","제조 4호","5-R003","5공장 가글 배합실","C03","M/M",2026-06-02 09:15:00,2026-06-02 11:02:00,"LCCUser","60분 교반",2026-06-02 10:01:00,2026-06-02 11:02:00,60,65,2026-06-04 00:00:00
"5","BETBMG","TB가글(마일드,수출)","W26060034W10","5M00004","제조 4호","5-R003","5공장 가글 배합실","C03","M/M",2026-06-02 09:15:00,2026-06-02 11:02:00,"LCCUser","15분 교반",2026-06-02 09:46:00,2026-06-02 10:01:00,15,20,2026-06-04 00:00:00
"5","BETBMG","TB가글(마일드,수출)","W26060034W10","5M00004","제조 4호","5-R003","5공장 가글 배합실","C03","M/M",2026-06-02 09:15:00,2026-06-02 11:02:00,"LCCUser","30분 교반",2026-06-02 09:15:00,2026-06-02 09:46:00,30,35,2026-06-04 00:00:00
"5","BETBMG","TB가글(마일드,수출)","W26060035W10","DS50003","5공장 용해조 3호","5-R003","5공장 가글 배합실","C02","용해",2026-06-02 11:46:00,2026-06-02 13:54:00,"LCCUser","premixing 30분 용해",2026-06-02 13:22:00,2026-06-02 13:54:00,30,35,2026-06-04 00:00:00
"5","BETBMG","TB가글(마일드,수출)","W26060035W10","5M00004","제조 4호","5-R003","5공장 가글 배합실","C03","M/M",2026-06-02 13:22:00,2026-06-02 15:24:00,"LCCUser","30분 교반",2026-06-02 13:22:00,2026-06-02 13:53:00,30,35,2026-06-04 00:00:00
"5","BETBMG","TB가글(마일드,수출)","W26060035W10","5M00004","제조 4호","5-R003","5공장 가글 배합실","C03","M/M",2026-06-02 13:22:00,2026-06-02 15:24:00,"LCCUser","15분 교반",2026-06-02 13:53:00,2026-06-02 14:14:00,15,20,2026-06-04 00:00:00
"5","BETBMG","TB가글(마일드,수출)","W26060035W10","5M00004","제조 4호","5-R003","5공장 가글 배합실","C03","M/M",2026-06-02 13:22:00,2026-06-02 15:24:00,"LCCUser","60분 교반",2026-06-02 14:14:00,2026-06-02 15:24:00,60,65,2026-06-04 00:00:00
